# -*- coding: utf-8 -*-

# Resource object code
#
# Created by: The Resource Compiler for PyQt5 (Qt v5.15.2)
#
# WARNING! All changes made in this file will be lost!

from PyQt5 import QtCore

qt_resource_data = b"\
\x00\x00\x09\x99\
\x3c\
\x73\x76\x67\x20\x77\x69\x64\x74\x68\x3d\x22\x33\x30\x30\x22\x20\
\x68\x65\x69\x67\x68\x74\x3d\x22\x33\x30\x30\x22\x20\x76\x69\x65\
\x77\x42\x6f\x78\x3d\x22\x30\x20\x30\x20\x33\x30\x30\x20\x33\x30\
\x30\x22\x20\x66\x69\x6c\x6c\x3d\x22\x6e\x6f\x6e\x65\x22\x20\x78\
\x6d\x6c\x6e\x73\x3d\x22\x68\x74\x74\x70\x3a\x2f\x2f\x77\x77\x77\
\x2e\x77\x33\x2e\x6f\x72\x67\x2f\x32\x30\x30\x30\x2f\x73\x76\x67\
\x22\x3e\x0a\x3c\x72\x65\x63\x74\x20\x78\x3d\x22\x36\x37\x2e\x35\
\x22\x20\x79\x3d\x22\x32\x38\x2e\x35\x22\x20\x77\x69\x64\x74\x68\
\x3d\x22\x31\x36\x35\x22\x20\x68\x65\x69\x67\x68\x74\x3d\x22\x32\
\x35\x22\x20\x66\x69\x6c\x6c\x3d\x22\x23\x30\x41\x32\x44\x33\x43\
\x22\x20\x73\x74\x72\x6f\x6b\x65\x3d\x22\x23\x30\x41\x32\x44\x33\
\x43\x22\x2f\x3e\x0a\x3c\x72\x65\x63\x74\x20\x78\x3d\x22\x36\x36\
\x2e\x35\x22\x20\x79\x3d\x22\x32\x34\x39\x2e\x35\x22\x20\x77\x69\
\x64\x74\x68\x3d\x22\x31\x36\x36\x22\x20\x68\x65\x69\x67\x68\x74\
\x3d\x22\x32\x31\x22\x20\x66\x69\x6c\x6c\x3d\x22\x23\x30\x41\x32\
\x44\x33\x43\x22\x20\x73\x74\x72\x6f\x6b\x65\x3d\x22\x23\x30\x41\
\x32\x44\x33\x43\x22\x2f\x3e\x0a\x3c\x70\x61\x74\x68\x20\x64\x3d\
\x22\x4d\x38\x35\x2e\x30\x30\x35\x36\x20\x32\x35\x32\x43\x38\x32\
\x2e\x36\x35\x39\x31\x20\x32\x33\x37\x2e\x30\x33\x37\x20\x38\x33\
\x2e\x33\x39\x36\x36\x20\x32\x30\x32\x2e\x37\x32\x37\x20\x31\x30\
\x35\x2e\x31\x31\x39\x20\x31\x38\x35\x2e\x31\x38\x39\x43\x31\x33\
\x32\x2e\x32\x37\x31\x20\x31\x36\x33\x2e\x32\x36\x36\x20\x31\x33\
\x32\x2e\x32\x37\x31\x20\x31\x35\x35\x2e\x34\x33\x37\x20\x31\x33\
\x33\x2e\x37\x37\x39\x20\x31\x35\x32\x2e\x33\x30\x35\x43\x31\x33\
\x37\x2e\x38\x30\x32\x20\x31\x34\x33\x2e\x39\x35\x33\x20\x38\x35\
\x2e\x35\x30\x38\x35\x20\x31\x30\x39\x2e\x35\x30\x34\x20\x38\x34\
\x20\x38\x31\x2e\x33\x31\x37\x38\x56\x35\x30\x22\x20\x73\x74\x72\
\x6f\x6b\x65\x3d\x22\x23\x30\x41\x32\x44\x33\x43\x22\x20\x73\x74\
\x72\x6f\x6b\x65\x2d\x77\x69\x64\x74\x68\x3d\x22\x35\x22\x2f\x3e\
\x0a\x3c\x70\x61\x74\x68\x20\x64\x3d\x22\x4d\x32\x31\x33\x2e\x39\
\x39\x34\x20\x32\x35\x32\x43\x32\x31\x36\x2e\x33\x34\x31\x20\x32\
\x33\x37\x2e\x30\x33\x37\x20\x32\x31\x35\x2e\x36\x30\x33\x20\x32\
\x30\x32\x2e\x37\x32\x37\x20\x31\x39\x33\x2e\x38\x38\x31\x20\x31\
\x38\x35\x2e\x31\x38\x39\x43\x31\x36\x36\x2e\x37\x32\x39\x20\x31\
\x36\x33\x2e\x32\x36\x36\x20\x31\x36\x36\x2e\x37\x32\x39\x20\x31\
\x35\x35\x2e\x34\x33\x37\x20\x31\x36\x35\x2e\x32\x32\x31\x20\x31\
\x35\x32\x2e\x33\x30\x35\x43\x31\x36\x31\x2e\x31\x39\x38\x20\x31\
\x34\x33\x2e\x39\x35\x33\x20\x32\x31\x33\x2e\x34\x39\x32\x20\x31\
\x30\x39\x2e\x35\x30\x34\x20\x32\x31\x35\x20\x38\x31\x2e\x33\x31\
\x37\x38\x56\x35\x30\x22\x20\x73\x74\x72\x6f\x6b\x65\x3d\x22\x23\
\x30\x41\x32\x44\x33\x43\x22\x20\x73\x74\x72\x6f\x6b\x65\x2d\x77\
\x69\x64\x74\x68\x3d\x22\x35\x22\x2f\x3e\x0a\x3c\x6d\x61\x73\x6b\
\x20\x69\x64\x3d\x22\x70\x61\x74\x68\x2d\x35\x2d\x69\x6e\x73\x69\
\x64\x65\x2d\x31\x5f\x31\x30\x39\x5f\x32\x22\x20\x66\x69\x6c\x6c\
\x3d\x22\x77\x68\x69\x74\x65\x22\x3e\x0a\x3c\x70\x61\x74\x68\x20\
\x64\x3d\x22\x4d\x32\x30\x30\x20\x32\x33\x39\x2e\x35\x43\x32\x30\
\x30\x20\x32\x33\x33\x20\x31\x39\x38\x2e\x36\x39\x34\x20\x32\x32\
\x36\x2e\x35\x36\x33\x20\x31\x39\x36\x2e\x31\x35\x36\x20\x32\x32\
\x30\x2e\x35\x35\x37\x43\x31\x39\x33\x2e\x36\x31\x38\x20\x32\x31\
\x34\x2e\x35\x35\x32\x20\x31\x38\x39\x2e\x38\x39\x38\x20\x32\x30\
\x39\x2e\x30\x39\x35\x20\x31\x38\x35\x2e\x32\x30\x39\x20\x32\x30\
\x34\x2e\x34\x39\x38\x43\x31\x38\x30\x2e\x35\x32\x20\x31\x39\x39\
\x2e\x39\x30\x32\x20\x31\x37\x34\x2e\x39\x35\x32\x20\x31\x39\x36\
\x2e\x32\x35\x36\x20\x31\x36\x38\x2e\x38\x32\x36\x20\x31\x39\x33\
\x2e\x37\x36\x38\x43\x31\x36\x32\x2e\x36\x39\x39\x20\x31\x39\x31\
\x2e\x32\x38\x20\x31\x35\x36\x2e\x31\x33\x32\x20\x31\x39\x30\x20\
\x31\x34\x39\x2e\x35\x20\x31\x39\x30\x43\x31\x34\x32\x2e\x38\x36\
\x38\x20\x31\x39\x30\x20\x31\x33\x36\x2e\x33\x30\x31\x20\x31\x39\
\x31\x2e\x32\x38\x20\x31\x33\x30\x2e\x31\x37\x34\x20\x31\x39\x33\
\x2e\x37\x36\x38\x43\x31\x32\x34\x2e\x30\x34\x38\x20\x31\x39\x36\
\x2e\x32\x35\x36\x20\x31\x31\x38\x2e\x34\x38\x20\x31\x39\x39\x2e\
\x39\x30\x32\x20\x31\x31\x33\x2e\x37\x39\x31\x20\x32\x30\x34\x2e\
\x34\x39\x38\x43\x31\x30\x39\x2e\x31\x30\x32\x20\x32\x30\x39\x2e\
\x30\x39\x35\x20\x31\x30\x35\x2e\x33\x38\x32\x20\x32\x31\x34\x2e\
\x35\x35\x32\x20\x31\x30\x32\x2e\x38\x34\x34\x20\x32\x32\x30\x2e\
\x35\x35\x37\x43\x31\x30\x30\x2e\x33\x30\x36\x20\x32\x32\x36\x2e\
\x35\x36\x33\x20\x39\x39\x20\x32\x33\x33\x20\x39\x39\x20\x32\x33\
\x39\x2e\x35\x4c\x31\x34\x39\x2e\x35\x20\x32\x33\x39\x2e\x35\x48\
\x32\x30\x30\x5a\x22\x2f\x3e\x0a\x3c\x2f\x6d\x61\x73\x6b\x3e\x0a\
\x3c\x70\x61\x74\x68\x20\x64\x3d\x22\x4d\x32\x30\x30\x20\x32\x33\
\x39\x2e\x35\x43\x32\x30\x30\x20\x32\x33\x33\x20\x31\x39\x38\x2e\
\x36\x39\x34\x20\x32\x32\x36\x2e\x35\x36\x33\x20\x31\x39\x36\x2e\
\x31\x35\x36\x20\x32\x32\x30\x2e\x35\x35\x37\x43\x31\x39\x33\x2e\
\x36\x31\x38\x20\x32\x31\x34\x2e\x35\x35\x32\x20\x31\x38\x39\x2e\
\x38\x39\x38\x20\x32\x30\x39\x2e\x30\x39\x35\x20\x31\x38\x35\x2e\
\x32\x30\x39\x20\x32\x30\x34\x2e\x34\x39\x38\x43\x31\x38\x30\x2e\
\x35\x32\x20\x31\x39\x39\x2e\x39\x30\x32\x20\x31\x37\x34\x2e\x39\
\x35\x32\x20\x31\x39\x36\x2e\x32\x35\x36\x20\x31\x36\x38\x2e\x38\
\x32\x36\x20\x31\x39\x33\x2e\x37\x36\x38\x43\x31\x36\x32\x2e\x36\
\x39\x39\x20\x31\x39\x31\x2e\x32\x38\x20\x31\x35\x36\x2e\x31\x33\
\x32\x20\x31\x39\x30\x20\x31\x34\x39\x2e\x35\x20\x31\x39\x30\x43\
\x31\x34\x32\x2e\x38\x36\x38\x20\x31\x39\x30\x20\x31\x33\x36\x2e\
\x33\x30\x31\x20\x31\x39\x31\x2e\x32\x38\x20\x31\x33\x30\x2e\x31\
\x37\x34\x20\x31\x39\x33\x2e\x37\x36\x38\x43\x31\x32\x34\x2e\x30\
\x34\x38\x20\x31\x39\x36\x2e\x32\x35\x36\x20\x31\x31\x38\x2e\x34\
\x38\x20\x31\x39\x39\x2e\x39\x30\x32\x20\x31\x31\x33\x2e\x37\x39\
\x31\x20\x32\x30\x34\x2e\x34\x39\x38\x43\x31\x30\x39\x2e\x31\x30\
\x32\x20\x32\x30\x39\x2e\x30\x39\x35\x20\x31\x30\x35\x2e\x33\x38\
\x32\x20\x32\x31\x34\x2e\x35\x35\x32\x20\x31\x30\x32\x2e\x38\x34\
\x34\x20\x32\x32\x30\x2e\x35\x35\x37\x43\x31\x30\x30\x2e\x33\x30\
\x36\x20\x32\x32\x36\x2e\x35\x36\x33\x20\x39\x39\x20\x32\x33\x33\
\x20\x39\x39\x20\x32\x33\x39\x2e\x35\x4c\x31\x34\x39\x2e\x35\x20\
\x32\x33\x39\x2e\x35\x48\x32\x30\x30\x5a\x22\x20\x66\x69\x6c\x6c\
\x3d\x22\x23\x30\x41\x32\x44\x33\x43\x22\x20\x73\x74\x72\x6f\x6b\
\x65\x3d\x22\x23\x30\x41\x32\x44\x33\x43\x22\x20\x73\x74\x72\x6f\
\x6b\x65\x2d\x77\x69\x64\x74\x68\x3d\x22\x32\x22\x20\x6d\x61\x73\
\x6b\x3d\x22\x75\x72\x6c\x28\x23\x70\x61\x74\x68\x2d\x35\x2d\x69\
\x6e\x73\x69\x64\x65\x2d\x31\x5f\x31\x30\x39\x5f\x32\x29\x22\x2f\
\x3e\x0a\x3c\x63\x69\x72\x63\x6c\x65\x20\x63\x78\x3d\x22\x31\x34\
\x39\x2e\x35\x22\x20\x63\x79\x3d\x22\x31\x36\x34\x2e\x35\x22\x20\
\x72\x3d\x22\x33\x22\x20\x66\x69\x6c\x6c\x3d\x22\x23\x30\x41\x32\
\x44\x33\x43\x22\x20\x73\x74\x72\x6f\x6b\x65\x3d\x22\x23\x30\x41\
\x32\x44\x33\x43\x22\x2f\x3e\x0a\x3c\x63\x69\x72\x63\x6c\x65\x20\
\x63\x78\x3d\x22\x31\x34\x39\x2e\x35\x22\x20\x63\x79\x3d\x22\x31\
\x37\x38\x2e\x35\x22\x20\x72\x3d\x22\x33\x22\x20\x66\x69\x6c\x6c\
\x3d\x22\x23\x30\x41\x32\x44\x33\x43\x22\x20\x73\x74\x72\x6f\x6b\
\x65\x3d\x22\x23\x30\x41\x32\x44\x33\x43\x22\x2f\x3e\x0a\x3c\x70\
\x61\x74\x68\x20\x64\x3d\x22\x4d\x31\x35\x30\x20\x31\x33\x38\x2e\
\x35\x43\x31\x35\x31\x2e\x31\x36\x31\x20\x31\x33\x38\x2e\x35\x20\
\x31\x35\x32\x2e\x32\x37\x34\x20\x31\x33\x39\x2e\x32\x30\x36\x20\
\x31\x35\x33\x2e\x31\x31\x39\x20\x31\x34\x30\x2e\x34\x37\x34\x43\
\x31\x35\x33\x2e\x39\x36\x32\x20\x31\x34\x31\x2e\x37\x33\x38\x20\
\x31\x35\x34\x2e\x35\x20\x31\x34\x33\x2e\x35\x31\x34\x20\x31\x35\
\x34\x2e\x35\x20\x31\x34\x35\x2e\x35\x43\x31\x35\x34\x2e\x35\x20\
\x31\x34\x37\x2e\x34\x38\x36\x20\x31\x35\x33\x2e\x39\x36\x32\x20\
\x31\x34\x39\x2e\x32\x36\x32\x20\x31\x35\x33\x2e\x31\x31\x39\x20\
\x31\x35\x30\x2e\x35\x32\x36\x43\x31\x35\x32\x2e\x32\x37\x34\x20\
\x31\x35\x31\x2e\x37\x39\x34\x20\x31\x35\x31\x2e\x31\x36\x31\x20\
\x31\x35\x32\x2e\x35\x20\x31\x35\x30\x20\x31\x35\x32\x2e\x35\x43\
\x31\x34\x38\x2e\x38\x33\x39\x20\x31\x35\x32\x2e\x35\x20\x31\x34\
\x37\x2e\x37\x32\x36\x20\x31\x35\x31\x2e\x37\x39\x34\x20\x31\x34\
\x36\x2e\x38\x38\x31\x20\x31\x35\x30\x2e\x35\x32\x36\x43\x31\x34\
\x36\x2e\x30\x33\x38\x20\x31\x34\x39\x2e\x32\x36\x32\x20\x31\x34\
\x35\x2e\x35\x20\x31\x34\x37\x2e\x34\x38\x36\x20\x31\x34\x35\x2e\
\x35\x20\x31\x34\x35\x2e\x35\x43\x31\x34\x35\x2e\x35\x20\x31\x34\
\x33\x2e\x35\x31\x34\x20\x31\x34\x36\x2e\x30\x33\x38\x20\x31\x34\
\x31\x2e\x37\x33\x38\x20\x31\x34\x36\x2e\x38\x38\x31\x20\x31\x34\
\x30\x2e\x34\x37\x34\x43\x31\x34\x37\x2e\x37\x32\x36\x20\x31\x33\
\x39\x2e\x32\x30\x36\x20\x31\x34\x38\x2e\x38\x33\x39\x20\x31\x33\
\x38\x2e\x35\x20\x31\x35\x30\x20\x31\x33\x38\x2e\x35\x5a\x22\x20\
\x66\x69\x6c\x6c\x3d\x22\x23\x30\x41\x32\x44\x33\x43\x22\x20\x73\
\x74\x72\x6f\x6b\x65\x3d\x22\x23\x30\x41\x32\x44\x33\x43\x22\x2f\
\x3e\x0a\x3c\x70\x61\x74\x68\x20\x64\x3d\x22\x4d\x31\x34\x33\x2e\
\x35\x20\x31\x34\x34\x4c\x31\x34\x36\x20\x31\x34\x38\x43\x31\x34\
\x39\x2e\x31\x36\x37\x20\x31\x34\x39\x2e\x38\x33\x33\x20\x31\x35\
\x35\x2e\x34\x20\x31\x35\x32\x2e\x34\x20\x31\x35\x35\x20\x31\x34\
\x38\x43\x31\x35\x34\x2e\x36\x20\x31\x34\x33\x2e\x36\x20\x31\x36\
\x30\x2e\x38\x33\x33\x20\x31\x33\x36\x2e\x38\x33\x33\x20\x31\x36\
\x34\x20\x31\x33\x34\x43\x31\x37\x34\x2e\x31\x36\x37\x20\x31\x32\
\x34\x2e\x36\x36\x37\x20\x31\x39\x34\x2e\x39\x20\x31\x30\x35\x20\
\x31\x39\x36\x2e\x35\x20\x31\x30\x31\x43\x31\x39\x38\x2e\x31\x20\
\x39\x36\x2e\x39\x39\x39\x39\x20\x31\x39\x34\x2e\x38\x33\x33\x20\
\x39\x35\x2e\x33\x33\x33\x33\x20\x31\x39\x33\x20\x39\x34\x2e\x39\
\x39\x39\x39\x43\x31\x37\x39\x20\x31\x30\x33\x20\x31\x36\x36\x2e\
\x31\x36\x37\x20\x31\x30\x32\x2e\x33\x33\x33\x20\x31\x36\x31\x2e\
\x35\x20\x31\x30\x31\x43\x31\x35\x38\x2e\x36\x36\x37\x20\x39\x38\
\x2e\x36\x36\x36\x36\x20\x31\x34\x39\x2e\x34\x20\x39\x34\x2e\x31\
\x39\x39\x39\x20\x31\x33\x35\x20\x39\x34\x2e\x39\x39\x39\x39\x43\
\x31\x32\x30\x2e\x36\x20\x39\x35\x2e\x37\x39\x39\x39\x20\x31\x31\
\x30\x20\x39\x39\x2e\x33\x33\x33\x33\x20\x31\x30\x36\x2e\x35\x20\
\x31\x30\x31\x56\x31\x30\x36\x4c\x31\x34\x30\x2e\x35\x20\x31\x33\
\x37\x2e\x35\x4c\x31\x34\x33\x2e\x35\x20\x31\x34\x34\x5a\x22\x20\
\x66\x69\x6c\x6c\x3d\x22\x23\x30\x41\x32\x44\x33\x43\x22\x2f\x3e\
\x0a\x3c\x2f\x73\x76\x67\x3e\x0a\
\x00\x00\x01\xa5\
\x00\
\x00\x0b\x5e\x78\x9c\xbd\xd6\xc1\x8e\x82\x30\x10\x06\xe0\xbb\x4f\
\x31\xe9\x5e\xdc\x83\x32\x6d\xb1\x30\x1b\xf1\xe0\x9b\x18\x16\x95\
\x2c\xca\xa6\x36\xe2\xbe\xfd\x0e\x2a\x2e\xd9\x98\x58\x12\xed\x09\
\x68\xda\xbf\x5f\x9a\x69\xcb\xfc\x70\xdc\x40\x53\x7e\xba\x6d\x26\
\x34\xa2\x80\x6d\x51\x6e\xb6\xee\xfa\x71\x2c\x8b\x66\x59\x9f\x32\
\x81\x80\xc0\x2d\x70\x6e\x5d\x97\x55\x95\x89\x7d\xbd\x2f\x04\x9c\
\x76\xd5\xfe\x90\x89\xad\x73\xdf\x1f\x51\xd4\x34\xcd\xb4\xd1\xd3\
\xda\x6e\x22\x85\x88\x11\x87\x8b\xc5\x68\x6e\x8b\xdc\x01\xa7\x24\
\xa9\x80\x1f\x7e\x24\xa2\x9b\x52\xce\x7a\x53\x4a\x4d\x02\x2c\xf7\
\x93\x52\xc0\xc1\xd9\xfa\xab\xc8\xc4\x9b\x42\xbd\x8c\xa9\x6b\x98\
\x74\x03\x51\x44\xbd\x64\xc9\xdf\x6d\xb4\x44\x7d\xcb\x4e\xcd\x5f\
\x74\x9a\x0e\x4d\xce\x4b\x9b\x57\x05\xe4\xed\x20\x54\x02\x72\x4e\
\xd7\x31\xa7\x64\x82\x06\xe9\xae\x4d\x49\x6f\x69\x39\xc6\xd9\xd5\
\xfe\xb0\xae\xed\x2e\x13\xe7\xd7\x6a\xe5\x8a\x31\xa5\xa0\xd3\xf7\
\x6e\x81\xbb\xec\xff\x1a\x3d\x0b\xa3\x91\x5a\xfa\x70\x4c\x12\x88\
\x63\xb4\x07\x47\xb5\x05\x1a\x84\x43\xc6\x87\x63\xd2\x0b\x87\xd2\
\x8e\xd3\x4b\xb3\xb5\x6b\xa3\x26\x84\xc0\x1d\x81\xda\xb8\x67\x6a\
\x77\x2b\x67\xcb\xd3\x18\x61\x22\x41\xf2\x0e\x56\x1a\x41\xa2\xf4\
\x46\x73\x05\x3c\x56\x73\xa7\x10\x6c\x1d\xfb\xb3\x8d\xf6\x60\x1b\
\x1d\x82\x6d\x8c\x3f\x9b\x8c\x07\x9b\x4c\x08\x36\xd1\xc3\x7d\x4f\
\x74\x61\xab\x19\xbd\x7e\xa7\x29\xf5\xb0\x6a\x79\xa9\x43\x81\xf8\
\x24\xf2\x01\xb5\x01\x61\x40\x7c\x52\xfb\x80\x50\x06\x02\xf1\x45\
\xe6\xe3\xb9\xae\x8f\x8c\xef\xd4\x7d\xbf\x2c\x27\x6d\x5d\xc6\x04\
\x7c\xcb\xbf\xb0\xf8\xcf\xb3\x24\x1a\x3c\x6a\x7f\x30\x3c\x7e\xe5\
\x61\xd3\xc1\xa5\x56\xcf\x97\x27\xb3\x10\x72\xf3\xf0\x74\x1f\x2c\
\x57\xf8\xca\xeb\xf4\x26\xa7\xe4\xae\xbc\xfd\xf5\x5d\x8c\x7e\x01\
\xb2\x9f\x37\x66\
\x00\x00\x02\xc0\
\x3c\
\x73\x76\x67\x20\x77\x69\x64\x74\x68\x3d\x22\x38\x35\x22\x20\x68\
\x65\x69\x67\x68\x74\x3d\x22\x38\x35\x22\x20\x76\x69\x65\x77\x42\
\x6f\x78\x3d\x22\x30\x20\x30\x20\x38\x35\x20\x38\x35\x22\x20\x66\
\x69\x6c\x6c\x3d\x22\x6e\x6f\x6e\x65\x22\x20\x78\x6d\x6c\x6e\x73\
\x3d\x22\x68\x74\x74\x70\x3a\x2f\x2f\x77\x77\x77\x2e\x77\x33\x2e\
\x6f\x72\x67\x2f\x32\x30\x30\x30\x2f\x73\x76\x67\x22\x3e\x0a\x3c\
\x70\x61\x74\x68\x20\x64\x3d\x22\x4d\x32\x33\x20\x31\x34\x56\x37\
\x30\x4d\x32\x33\x20\x31\x36\x48\x36\x32\x4d\x36\x30\x20\x31\x35\
\x56\x34\x32\x4d\x32\x33\x20\x36\x38\x48\x34\x33\x22\x20\x73\x74\
\x72\x6f\x6b\x65\x3d\x22\x23\x31\x30\x32\x38\x33\x34\x22\x20\x73\
\x74\x72\x6f\x6b\x65\x2d\x77\x69\x64\x74\x68\x3d\x22\x34\x22\x2f\
\x3e\x0a\x3c\x70\x61\x74\x68\x20\x64\x3d\x22\x4d\x33\x30\x20\x32\
\x39\x48\x35\x35\x4d\x33\x30\x20\x33\x34\x48\x35\x35\x4d\x33\x30\
\x20\x33\x39\x48\x35\x35\x4d\x33\x30\x20\x34\x34\x48\x35\x35\x4d\
\x33\x30\x20\x35\x30\x48\x34\x37\x4d\x33\x30\x20\x35\x35\x48\x34\
\x35\x22\x20\x73\x74\x72\x6f\x6b\x65\x3d\x22\x23\x31\x30\x32\x38\
\x33\x34\x22\x20\x73\x74\x72\x6f\x6b\x65\x2d\x77\x69\x64\x74\x68\
\x3d\x22\x32\x22\x2f\x3e\x0a\x3c\x70\x61\x74\x68\x20\x64\x3d\x22\
\x4d\x35\x37\x2e\x35\x20\x34\x36\x43\x36\x33\x2e\x38\x35\x31\x33\
\x20\x34\x36\x20\x36\x39\x20\x35\x31\x2e\x31\x34\x38\x37\x20\x36\
\x39\x20\x35\x37\x2e\x35\x43\x36\x39\x20\x36\x33\x2e\x38\x35\x31\
\x33\x20\x36\x33\x2e\x38\x35\x31\x33\x20\x36\x39\x20\x35\x37\x2e\
\x35\x20\x36\x39\x43\x35\x31\x2e\x31\x34\x38\x37\x20\x36\x39\x20\
\x34\x36\x20\x36\x33\x2e\x38\x35\x31\x33\x20\x34\x36\x20\x35\x37\
\x2e\x35\x43\x34\x36\x20\x35\x31\x2e\x31\x34\x38\x37\x20\x35\x31\
\x2e\x31\x34\x38\x37\x20\x34\x36\x20\x35\x37\x2e\x35\x20\x34\x36\
\x5a\x4d\x35\x37\x2e\x35\x20\x34\x38\x2e\x34\x36\x33\x39\x43\x35\
\x32\x2e\x35\x30\x39\x37\x20\x34\x38\x2e\x34\x36\x33\x39\x20\x34\
\x38\x2e\x34\x36\x33\x39\x20\x35\x32\x2e\x35\x30\x39\x37\x20\x34\
\x38\x2e\x34\x36\x33\x39\x20\x35\x37\x2e\x35\x43\x34\x38\x2e\x34\
\x36\x33\x39\x20\x36\x32\x2e\x34\x39\x30\x33\x20\x35\x32\x2e\x35\
\x30\x39\x37\x20\x36\x36\x2e\x35\x33\x36\x31\x20\x35\x37\x2e\x35\
\x20\x36\x36\x2e\x35\x33\x36\x31\x43\x36\x32\x2e\x34\x39\x30\x33\
\x20\x36\x36\x2e\x35\x33\x36\x31\x20\x36\x36\x2e\x35\x33\x36\x31\
\x20\x36\x32\x2e\x34\x39\x30\x33\x20\x36\x36\x2e\x35\x33\x36\x31\
\x20\x35\x37\x2e\x35\x43\x36\x36\x2e\x35\x33\x36\x31\x20\x35\x32\
\x2e\x35\x30\x39\x37\x20\x36\x32\x2e\x34\x39\x30\x33\x20\x34\x38\
\x2e\x34\x36\x33\x39\x20\x35\x37\x2e\x35\x20\x34\x38\x2e\x34\x36\
\x33\x39\x5a\x22\x20\x66\x69\x6c\x6c\x3d\x22\x23\x31\x30\x32\x38\
\x33\x34\x22\x2f\x3e\x0a\x3c\x70\x61\x74\x68\x20\x64\x3d\x22\x4d\
\x35\x38\x20\x35\x38\x2e\x37\x39\x36\x39\x56\x35\x32\x4d\x35\x37\
\x2e\x37\x39\x32\x37\x20\x35\x38\x2e\x33\x30\x30\x38\x4c\x35\x35\
\x20\x36\x30\x22\x20\x73\x74\x72\x6f\x6b\x65\x3d\x22\x23\x31\x30\
\x32\x38\x33\x34\x22\x2f\x3e\x0a\x3c\x2f\x73\x76\x67\x3e\x0a\
\x00\x00\x01\xfe\
\x3c\
\x73\x76\x67\x20\x77\x69\x64\x74\x68\x3d\x22\x38\x35\x22\x20\x68\
\x65\x69\x67\x68\x74\x3d\x22\x38\x35\x22\x20\x76\x69\x65\x77\x42\
\x6f\x78\x3d\x22\x30\x20\x30\x20\x38\x35\x20\x38\x35\x22\x20\x66\
\x69\x6c\x6c\x3d\x22\x6e\x6f\x6e\x65\x22\x20\x78\x6d\x6c\x6e\x73\
\x3d\x22\x68\x74\x74\x70\x3a\x2f\x2f\x77\x77\x77\x2e\x77\x33\x2e\
\x6f\x72\x67\x2f\x32\x30\x30\x30\x2f\x73\x76\x67\x22\x3e\x0a\x3c\
\x72\x65\x63\x74\x20\x77\x69\x64\x74\x68\x3d\x22\x38\x35\x22\x20\
\x68\x65\x69\x67\x68\x74\x3d\x22\x38\x35\x22\x20\x72\x78\x3d\x22\
\x31\x38\x22\x20\x66\x69\x6c\x6c\x3d\x22\x75\x72\x6c\x28\x23\x70\
\x61\x69\x6e\x74\x30\x5f\x6c\x69\x6e\x65\x61\x72\x5f\x31\x30\x5f\
\x39\x29\x22\x2f\x3e\x0a\x3c\x70\x61\x74\x68\x20\x64\x3d\x22\x4d\
\x36\x37\x2e\x38\x31\x32\x35\x20\x34\x33\x2e\x33\x31\x30\x35\x4c\
\x31\x37\x2e\x35\x20\x37\x33\x2e\x36\x32\x31\x31\x56\x31\x33\x4c\
\x36\x37\x2e\x38\x31\x32\x35\x20\x34\x33\x2e\x33\x31\x30\x35\x5a\
\x22\x20\x66\x69\x6c\x6c\x3d\x22\x23\x31\x30\x32\x38\x33\x34\x22\
\x2f\x3e\x0a\x3c\x64\x65\x66\x73\x3e\x0a\x3c\x6c\x69\x6e\x65\x61\
\x72\x47\x72\x61\x64\x69\x65\x6e\x74\x20\x69\x64\x3d\x22\x70\x61\
\x69\x6e\x74\x30\x5f\x6c\x69\x6e\x65\x61\x72\x5f\x31\x30\x5f\x39\
\x22\x20\x78\x31\x3d\x22\x30\x2e\x35\x36\x36\x36\x36\x36\x22\x20\
\x79\x31\x3d\x22\x32\x2e\x31\x37\x36\x39\x37\x65\x2d\x30\x37\x22\
\x20\x78\x32\x3d\x22\x38\x35\x2e\x35\x36\x36\x37\x22\x20\x79\x32\
\x3d\x22\x38\x35\x22\x20\x67\x72\x61\x64\x69\x65\x6e\x74\x55\x6e\
\x69\x74\x73\x3d\x22\x75\x73\x65\x72\x53\x70\x61\x63\x65\x4f\x6e\
\x55\x73\x65\x22\x3e\x0a\x3c\x73\x74\x6f\x70\x20\x6f\x66\x66\x73\
\x65\x74\x3d\x22\x30\x2e\x39\x39\x39\x39\x22\x20\x73\x74\x6f\x70\
\x2d\x63\x6f\x6c\x6f\x72\x3d\x22\x23\x31\x44\x33\x35\x34\x31\x22\
\x20\x73\x74\x6f\x70\x2d\x6f\x70\x61\x63\x69\x74\x79\x3d\x22\x30\
\x22\x2f\x3e\x0a\x3c\x73\x74\x6f\x70\x20\x6f\x66\x66\x73\x65\x74\
\x3d\x22\x31\x22\x20\x73\x74\x6f\x70\x2d\x63\x6f\x6c\x6f\x72\x3d\
\x22\x23\x30\x43\x39\x35\x39\x42\x22\x2f\x3e\x0a\x3c\x2f\x6c\x69\
\x6e\x65\x61\x72\x47\x72\x61\x64\x69\x65\x6e\x74\x3e\x0a\x3c\x2f\
\x64\x65\x66\x73\x3e\x0a\x3c\x2f\x73\x76\x67\x3e\x0a\
\x00\x00\x0c\x51\
\x3c\
\x73\x76\x67\x20\x77\x69\x64\x74\x68\x3d\x22\x35\x31\x32\x22\x20\
\x68\x65\x69\x67\x68\x74\x3d\x22\x35\x31\x32\x22\x20\x76\x69\x65\
\x77\x42\x6f\x78\x3d\x22\x30\x20\x30\x20\x35\x31\x32\x20\x35\x31\
\x32\x22\x20\x66\x69\x6c\x6c\x3d\x22\x6e\x6f\x6e\x65\x22\x20\x78\
\x6d\x6c\x6e\x73\x3d\x22\x68\x74\x74\x70\x3a\x2f\x2f\x77\x77\x77\
\x2e\x77\x33\x2e\x6f\x72\x67\x2f\x32\x30\x30\x30\x2f\x73\x76\x67\
\x22\x3e\x0a\x3c\x72\x65\x63\x74\x20\x77\x69\x64\x74\x68\x3d\x22\
\x35\x31\x32\x22\x20\x68\x65\x69\x67\x68\x74\x3d\x22\x35\x31\x32\
\x22\x20\x72\x78\x3d\x22\x36\x34\x22\x20\x66\x69\x6c\x6c\x3d\x22\
\x75\x72\x6c\x28\x23\x70\x61\x69\x6e\x74\x30\x5f\x6c\x69\x6e\x65\
\x61\x72\x5f\x31\x33\x5f\x32\x32\x32\x29\x22\x2f\x3e\x0a\x3c\x70\
\x61\x74\x68\x20\x64\x3d\x22\x4d\x32\x36\x31\x2e\x37\x32\x37\x20\
\x33\x35\x2e\x30\x30\x32\x43\x33\x33\x32\x2e\x35\x39\x36\x20\x33\
\x35\x2e\x38\x36\x33\x20\x33\x38\x39\x2e\x37\x37\x20\x39\x31\x2e\
\x32\x32\x37\x39\x20\x33\x38\x39\x2e\x37\x37\x31\x20\x31\x35\x39\
\x2e\x33\x39\x39\x43\x33\x38\x39\x2e\x37\x37\x31\x20\x31\x38\x30\
\x2e\x32\x38\x36\x20\x33\x38\x34\x2e\x34\x30\x33\x20\x31\x39\x39\
\x2e\x39\x36\x39\x20\x33\x37\x34\x2e\x39\x32\x20\x32\x31\x37\x2e\
\x32\x35\x32\x43\x33\x38\x38\x2e\x34\x33\x32\x20\x32\x31\x37\x2e\
\x32\x39\x33\x20\x34\x30\x32\x2e\x31\x30\x36\x20\x32\x31\x39\x2e\
\x36\x32\x33\x20\x34\x31\x35\x2e\x34\x35\x32\x20\x32\x32\x34\x2e\
\x34\x38\x37\x43\x34\x37\x39\x2e\x35\x30\x33\x20\x32\x34\x37\x2e\
\x38\x33\x34\x20\x35\x31\x31\x2e\x38\x39\x39\x20\x33\x32\x30\x2e\
\x37\x33\x33\x20\x34\x38\x38\x2e\x32\x39\x31\x20\x33\x38\x37\x2e\
\x37\x39\x32\x43\x35\x30\x37\x2e\x35\x32\x31\x20\x33\x33\x32\x2e\
\x37\x32\x35\x20\x34\x37\x39\x2e\x37\x35\x36\x20\x32\x37\x32\x2e\
\x35\x32\x38\x20\x34\x32\x35\x2e\x37\x38\x31\x20\x32\x35\x32\x2e\
\x38\x35\x34\x43\x34\x30\x38\x2e\x37\x33\x39\x20\x32\x34\x36\x2e\
\x36\x34\x33\x20\x33\x39\x31\x2e\x31\x30\x34\x20\x32\x34\x35\x2e\
\x32\x30\x38\x20\x33\x37\x34\x2e\x33\x30\x33\x20\x32\x34\x37\x2e\
\x38\x37\x43\x33\x37\x37\x2e\x39\x32\x32\x20\x32\x35\x39\x2e\x32\
\x30\x38\x20\x33\x37\x39\x2e\x38\x37\x36\x20\x32\x37\x31\x2e\x32\
\x38\x31\x20\x33\x37\x39\x2e\x38\x37\x36\x20\x32\x38\x33\x2e\x38\
\x30\x38\x43\x33\x37\x39\x2e\x38\x37\x36\x20\x33\x33\x37\x2e\x39\
\x34\x37\x20\x33\x34\x33\x2e\x34\x30\x39\x20\x33\x38\x33\x2e\x36\
\x33\x32\x20\x32\x39\x33\x2e\x35\x31\x39\x20\x33\x39\x38\x2e\x30\
\x30\x34\x43\x33\x30\x34\x2e\x36\x36\x37\x20\x34\x32\x33\x2e\x30\
\x30\x39\x20\x33\x32\x35\x2e\x33\x35\x34\x20\x34\x34\x33\x2e\x35\
\x33\x35\x20\x33\x35\x32\x2e\x38\x33\x39\x20\x34\x35\x33\x2e\x35\
\x35\x33\x43\x34\x30\x36\x2e\x38\x32\x20\x34\x37\x33\x2e\x32\x32\
\x39\x20\x34\x36\x36\x2e\x37\x33\x35\x20\x34\x34\x34\x2e\x39\x38\
\x20\x34\x38\x37\x2e\x33\x34\x32\x20\x33\x39\x30\x2e\x34\x30\x35\
\x4c\x34\x38\x37\x2e\x32\x33\x38\x20\x33\x39\x30\x2e\x36\x38\x36\
\x43\x34\x36\x32\x2e\x31\x39\x31\x20\x34\x35\x37\x2e\x30\x38\x33\
\x20\x33\x39\x30\x2e\x36\x38\x36\x20\x34\x39\x31\x2e\x39\x35\x31\
\x20\x33\x32\x36\x2e\x37\x31\x39\x20\x34\x36\x38\x2e\x36\x33\x35\
\x43\x32\x39\x34\x2e\x34\x33\x39\x20\x34\x35\x36\x2e\x38\x36\x39\
\x20\x32\x37\x30\x2e\x31\x39\x39\x20\x34\x33\x32\x2e\x35\x31\x37\
\x20\x32\x35\x37\x2e\x31\x31\x35\x20\x34\x30\x32\x2e\x36\x37\x43\
\x32\x35\x35\x2e\x35\x33\x20\x34\x30\x32\x2e\x36\x33\x32\x20\x32\
\x35\x33\x2e\x39\x35\x33\x20\x34\x30\x32\x2e\x35\x36\x34\x20\x32\
\x35\x32\x2e\x33\x38\x34\x20\x34\x30\x32\x2e\x34\x36\x36\x43\x32\
\x33\x32\x2e\x34\x30\x31\x20\x34\x34\x36\x2e\x32\x33\x20\x31\x38\
\x39\x2e\x36\x38\x38\x20\x34\x37\x36\x2e\x34\x36\x38\x20\x31\x34\
\x30\x2e\x32\x32\x20\x34\x37\x36\x2e\x34\x36\x38\x43\x37\x32\x2e\
\x30\x35\x37\x35\x20\x34\x37\x36\x2e\x34\x36\x38\x20\x31\x36\x2e\
\x37\x31\x38\x38\x20\x34\x31\x39\x2e\x30\x36\x20\x31\x36\x2e\x30\
\x30\x31\x20\x33\x34\x37\x2e\x39\x35\x39\x43\x31\x36\x2e\x37\x33\
\x36\x36\x20\x34\x30\x36\x2e\x32\x39\x32\x20\x36\x33\x2e\x33\x38\
\x36\x31\x20\x34\x35\x33\x2e\x33\x34\x38\x20\x31\x32\x30\x2e\x38\
\x32\x35\x20\x34\x35\x33\x2e\x33\x34\x39\x43\x31\x36\x32\x2e\x30\
\x31\x39\x20\x34\x35\x33\x2e\x33\x34\x39\x20\x31\x39\x37\x2e\x36\
\x36\x32\x20\x34\x32\x39\x2e\x31\x34\x35\x20\x32\x31\x34\x2e\x38\
\x30\x31\x20\x33\x39\x33\x2e\x39\x33\x37\x43\x31\x37\x31\x2e\x30\
\x35\x34\x20\x33\x37\x36\x2e\x32\x32\x31\x20\x31\x34\x30\x2e\x32\
\x32\x34\x20\x33\x33\x33\x2e\x35\x38\x37\x20\x31\x34\x30\x2e\x32\
\x32\x34\x20\x32\x38\x33\x2e\x38\x30\x38\x43\x31\x34\x30\x2e\x32\
\x32\x34\x20\x32\x36\x39\x2e\x35\x35\x37\x20\x31\x34\x32\x2e\x37\
\x35\x31\x20\x32\x35\x35\x2e\x38\x39\x31\x20\x31\x34\x37\x2e\x33\
\x38\x34\x20\x32\x34\x33\x2e\x32\x32\x39\x43\x31\x33\x38\x2e\x39\
\x30\x32\x20\x32\x34\x30\x2e\x39\x37\x33\x20\x31\x33\x30\x2e\x30\
\x30\x31\x20\x32\x33\x39\x2e\x37\x37\x31\x20\x31\x32\x30\x2e\x38\
\x32\x35\x20\x32\x33\x39\x2e\x37\x37\x31\x43\x36\x33\x2e\x33\x37\
\x39\x39\x20\x32\x33\x39\x2e\x37\x37\x31\x20\x31\x36\x2e\x37\x32\
\x35\x38\x20\x32\x38\x36\x2e\x38\x33\x37\x20\x31\x36\x20\x33\x34\
\x35\x2e\x31\x37\x39\x4c\x31\x36\x2e\x30\x30\x32\x20\x33\x34\x34\
\x2e\x38\x38\x43\x31\x36\x2e\x38\x36\x32\x20\x32\x37\x33\x2e\x39\
\x30\x38\x20\x37\x32\x2e\x31\x34\x37\x20\x32\x31\x36\x2e\x36\x35\
\x31\x20\x31\x34\x30\x2e\x32\x32\x20\x32\x31\x36\x2e\x36\x35\x31\
\x43\x31\x34\x31\x2e\x37\x38\x38\x20\x32\x31\x36\x2e\x36\x35\x31\
\x20\x31\x34\x33\x2e\x33\x34\x39\x20\x32\x31\x36\x2e\x36\x38\x32\
\x20\x31\x34\x34\x2e\x39\x30\x33\x20\x32\x31\x36\x2e\x37\x34\x32\
\x43\x31\x33\x35\x2e\x35\x39\x33\x20\x31\x39\x39\x2e\x35\x38\x32\
\x20\x31\x33\x30\x2e\x33\x33\x20\x31\x38\x30\x2e\x30\x38\x31\x20\
\x31\x33\x30\x2e\x33\x33\x20\x31\x35\x39\x2e\x33\x39\x39\x43\x31\
\x33\x30\x2e\x33\x33\x20\x39\x31\x2e\x31\x33\x38\x34\x20\x31\x38\
\x37\x2e\x36\x35\x34\x20\x33\x35\x2e\x37\x31\x39\x38\x20\x32\x35\
\x38\x2e\x36\x35\x32\x20\x33\x35\x2e\x30\x30\x31\x43\x32\x30\x30\
\x2e\x34\x30\x34\x20\x33\x35\x2e\x37\x33\x37\x37\x20\x31\x35\x33\
\x2e\x34\x31\x35\x20\x38\x32\x2e\x34\x35\x35\x31\x20\x31\x35\x33\
\x2e\x34\x31\x35\x20\x31\x33\x39\x2e\x39\x37\x38\x43\x31\x35\x33\
\x2e\x34\x31\x35\x20\x31\x36\x32\x2e\x39\x34\x32\x20\x31\x36\x30\
\x2e\x39\x30\x36\x20\x31\x38\x34\x2e\x31\x38\x34\x20\x31\x37\x33\
\x2e\x36\x31\x31\x20\x32\x30\x31\x2e\x34\x36\x36\x43\x31\x39\x35\
\x2e\x34\x31\x37\x20\x31\x37\x38\x2e\x39\x33\x34\x20\x32\x32\x36\
\x2e\x30\x38\x32\x20\x31\x36\x34\x2e\x39\x30\x38\x20\x32\x36\x30\
\x2e\x30\x35\x20\x31\x36\x34\x2e\x39\x30\x38\x43\x32\x39\x34\x2e\
\x30\x31\x38\x20\x31\x36\x34\x2e\x39\x30\x38\x20\x33\x32\x34\x2e\
\x36\x38\x33\x20\x31\x37\x38\x2e\x39\x33\x34\x20\x33\x34\x36\x2e\
\x34\x38\x38\x20\x32\x30\x31\x2e\x34\x36\x36\x43\x33\x35\x39\x2e\
\x31\x39\x33\x20\x31\x38\x34\x2e\x31\x38\x34\x20\x33\x36\x36\x2e\
\x36\x38\x35\x20\x31\x36\x32\x2e\x39\x34\x32\x20\x33\x36\x36\x2e\
\x36\x38\x35\x20\x31\x33\x39\x2e\x39\x37\x38\x43\x33\x36\x36\x2e\
\x36\x38\x35\x20\x38\x32\x2e\x34\x34\x38\x39\x20\x33\x31\x39\x2e\
\x36\x38\x36\x20\x33\x35\x2e\x37\x32\x36\x38\x20\x32\x36\x31\x2e\
\x34\x32\x39\x20\x33\x35\x4c\x32\x36\x31\x2e\x37\x32\x37\x20\x33\
\x35\x2e\x30\x30\x32\x5a\x4d\x32\x35\x39\x2e\x35\x36\x20\x31\x39\
\x31\x2e\x31\x30\x36\x43\x32\x33\x32\x2e\x38\x39\x36\x20\x31\x39\
\x31\x2e\x31\x30\x36\x20\x32\x30\x38\x2e\x38\x38\x36\x20\x32\x30\
\x32\x2e\x35\x37\x38\x20\x31\x39\x32\x2e\x31\x30\x39\x20\x32\x32\
\x30\x2e\x38\x39\x37\x43\x32\x30\x36\x2e\x31\x20\x32\x33\x32\x2e\
\x32\x39\x36\x20\x32\x32\x33\x2e\x30\x39\x36\x20\x32\x34\x30\x2e\
\x32\x34\x33\x20\x32\x34\x31\x2e\x37\x35\x32\x20\x32\x34\x33\x2e\
\x34\x32\x56\x32\x35\x39\x2e\x34\x30\x36\x43\x32\x33\x31\x2e\x37\
\x33\x39\x20\x32\x36\x34\x2e\x33\x33\x38\x20\x32\x32\x34\x2e\x38\
\x35\x20\x32\x37\x34\x2e\x36\x34\x34\x20\x32\x32\x34\x2e\x38\x35\
\x20\x32\x38\x36\x2e\x35\x36\x43\x32\x32\x34\x2e\x38\x35\x20\x32\
\x38\x36\x2e\x39\x34\x35\x20\x32\x32\x34\x2e\x38\x35\x39\x20\x32\
\x38\x37\x2e\x33\x32\x39\x20\x32\x32\x34\x2e\x38\x37\x33\x20\x32\
\x38\x37\x2e\x37\x31\x31\x4c\x32\x31\x31\x2e\x37\x35\x35\x20\x32\
\x39\x33\x2e\x33\x38\x36\x43\x32\x30\x32\x2e\x34\x33\x34\x20\x32\
\x37\x36\x2e\x38\x38\x33\x20\x31\x38\x38\x2e\x39\x31\x20\x32\x36\
\x33\x2e\x31\x35\x35\x20\x31\x37\x32\x2e\x36\x36\x39\x20\x32\x35\
\x33\x2e\x37\x32\x34\x43\x31\x36\x39\x2e\x34\x36\x34\x20\x32\x36\
\x33\x2e\x31\x35\x37\x20\x31\x36\x37\x2e\x37\x32\x35\x20\x32\x37\
\x33\x2e\x32\x37\x37\x20\x31\x36\x37\x2e\x37\x32\x35\x20\x32\x38\
\x33\x2e\x38\x30\x38\x43\x31\x36\x37\x2e\x37\x32\x35\x20\x33\x32\
\x32\x2e\x30\x31\x39\x20\x31\x39\x30\x2e\x36\x32\x39\x20\x33\x35\
\x34\x2e\x38\x32\x39\x20\x32\x32\x33\x2e\x33\x33\x34\x20\x33\x36\
\x39\x2e\x30\x31\x36\x43\x32\x32\x34\x2e\x38\x35\x35\x20\x33\x36\
\x31\x2e\x37\x37\x35\x20\x32\x32\x35\x2e\x36\x35\x38\x20\x33\x35\
\x34\x2e\x32\x36\x33\x20\x32\x32\x35\x2e\x36\x35\x38\x20\x33\x34\
\x36\x2e\x35\x36\x43\x32\x32\x35\x2e\x36\x35\x38\x20\x33\x33\x37\
\x2e\x38\x36\x39\x20\x32\x32\x34\x2e\x36\x33\x38\x20\x33\x32\x39\
\x2e\x34\x32\x31\x20\x32\x32\x32\x2e\x37\x31\x35\x20\x33\x32\x31\
\x2e\x33\x33\x32\x4c\x32\x34\x31\x2e\x30\x39\x37\x20\x33\x31\x33\
\x2e\x33\x38\x43\x32\x34\x35\x2e\x32\x38\x35\x20\x33\x31\x35\x2e\
\x35\x37\x31\x20\x32\x35\x30\x2e\x30\x34\x38\x20\x33\x31\x36\x2e\
\x38\x31\x32\x20\x32\x35\x35\x2e\x31\x30\x33\x20\x33\x31\x36\x2e\
\x38\x31\x32\x43\x32\x36\x30\x2e\x37\x35\x32\x20\x33\x31\x36\x2e\
\x38\x31\x32\x20\x32\x36\x36\x2e\x30\x33\x39\x20\x33\x31\x35\x2e\
\x32\x36\x32\x20\x32\x37\x30\x2e\x35\x36\x33\x20\x33\x31\x32\x2e\
\x35\x36\x36\x4c\x32\x38\x39\x2e\x34\x30\x39\x20\x33\x32\x31\x2e\
\x33\x36\x36\x43\x32\x38\x33\x2e\x39\x32\x36\x20\x33\x33\x38\x2e\
\x34\x39\x39\x20\x32\x38\x32\x2e\x39\x33\x35\x20\x33\x35\x36\x2e\
\x30\x35\x33\x20\x32\x38\x35\x2e\x38\x31\x32\x20\x33\x37\x32\x2e\
\x36\x36\x34\x43\x33\x32\x33\x2e\x37\x33\x38\x20\x33\x36\x31\x2e\
\x32\x36\x33\x20\x33\x35\x31\x2e\x33\x39\x32\x20\x33\x32\x35\x2e\
\x37\x39\x36\x20\x33\x35\x31\x2e\x33\x39\x33\x20\x32\x38\x33\x2e\
\x38\x30\x38\x43\x33\x35\x31\x2e\x33\x39\x33\x20\x32\x37\x34\x2e\
\x31\x33\x33\x20\x33\x34\x39\x2e\x39\x32\x33\x20\x32\x36\x34\x2e\
\x38\x30\x35\x20\x33\x34\x37\x2e\x31\x39\x39\x20\x32\x35\x36\x2e\
\x30\x33\x38\x43\x33\x32\x39\x2e\x33\x34\x32\x20\x32\x36\x34\x2e\
\x31\x36\x37\x20\x33\x31\x33\x2e\x36\x36\x35\x20\x32\x37\x37\x2e\
\x32\x37\x35\x20\x33\x30\x32\x2e\x33\x37\x32\x20\x32\x39\x34\x2e\
\x33\x31\x4c\x32\x38\x35\x2e\x33\x35\x34\x20\x32\x38\x36\x2e\x33\
\x36\x33\x43\x32\x38\x35\x2e\x32\x38\x37\x20\x32\x37\x35\x2e\x38\
\x38\x38\x20\x32\x37\x39\x2e\x38\x39\x36\x20\x32\x36\x36\x2e\x36\
\x37\x37\x20\x32\x37\x31\x2e\x37\x35\x32\x20\x32\x36\x31\x2e\x32\
\x39\x38\x56\x32\x34\x34\x2e\x33\x33\x36\x43\x32\x39\x32\x2e\x37\
\x34\x31\x20\x32\x34\x32\x2e\x30\x38\x20\x33\x31\x31\x2e\x38\x39\
\x39\x20\x32\x33\x33\x2e\x38\x32\x36\x20\x33\x32\x37\x2e\x34\x32\
\x33\x20\x32\x32\x31\x2e\x33\x35\x34\x43\x33\x31\x30\x2e\x36\x32\
\x38\x20\x32\x30\x32\x2e\x37\x36\x39\x20\x32\x38\x36\x2e\x34\x34\
\x33\x20\x31\x39\x31\x2e\x31\x30\x37\x20\x32\x35\x39\x2e\x35\x36\
\x20\x31\x39\x31\x2e\x31\x30\x36\x5a\x22\x20\x66\x69\x6c\x6c\x3d\
\x22\x75\x72\x6c\x28\x23\x70\x61\x69\x6e\x74\x31\x5f\x6c\x69\x6e\
\x65\x61\x72\x5f\x31\x33\x5f\x32\x32\x32\x29\x22\x2f\x3e\x0a\x3c\
\x64\x65\x66\x73\x3e\x0a\x3c\x6c\x69\x6e\x65\x61\x72\x47\x72\x61\
\x64\x69\x65\x6e\x74\x20\x69\x64\x3d\x22\x70\x61\x69\x6e\x74\x30\
\x5f\x6c\x69\x6e\x65\x61\x72\x5f\x31\x33\x5f\x32\x32\x32\x22\x20\
\x78\x31\x3d\x22\x33\x2e\x34\x31\x33\x33\x33\x22\x20\x79\x31\x3d\
\x22\x31\x2e\x33\x31\x31\x33\x65\x2d\x30\x36\x22\x20\x78\x32\x3d\
\x22\x35\x31\x35\x2e\x34\x31\x33\x22\x20\x79\x32\x3d\x22\x35\x31\
\x32\x22\x20\x67\x72\x61\x64\x69\x65\x6e\x74\x55\x6e\x69\x74\x73\
\x3d\x22\x75\x73\x65\x72\x53\x70\x61\x63\x65\x4f\x6e\x55\x73\x65\
\x22\x3e\x0a\x3c\x73\x74\x6f\x70\x20\x73\x74\x6f\x70\x2d\x63\x6f\
\x6c\x6f\x72\x3d\x22\x23\x45\x42\x46\x30\x46\x34\x22\x2f\x3e\x0a\
\x3c\x73\x74\x6f\x70\x20\x6f\x66\x66\x73\x65\x74\x3d\x22\x31\x22\
\x20\x73\x74\x6f\x70\x2d\x63\x6f\x6c\x6f\x72\x3d\x22\x77\x68\x69\
\x74\x65\x22\x2f\x3e\x0a\x3c\x2f\x6c\x69\x6e\x65\x61\x72\x47\x72\
\x61\x64\x69\x65\x6e\x74\x3e\x0a\x3c\x6c\x69\x6e\x65\x61\x72\x47\
\x72\x61\x64\x69\x65\x6e\x74\x20\x69\x64\x3d\x22\x70\x61\x69\x6e\
\x74\x31\x5f\x6c\x69\x6e\x65\x61\x72\x5f\x31\x33\x5f\x32\x32\x32\
\x22\x20\x78\x31\x3d\x22\x31\x36\x22\x20\x79\x31\x3d\x22\x33\x35\
\x22\x20\x78\x32\x3d\x22\x34\x39\x36\x22\x20\x79\x32\x3d\x22\x34\
\x37\x36\x22\x20\x67\x72\x61\x64\x69\x65\x6e\x74\x55\x6e\x69\x74\
\x73\x3d\x22\x75\x73\x65\x72\x53\x70\x61\x63\x65\x4f\x6e\x55\x73\
\x65\x22\x3e\x0a\x3c\x73\x74\x6f\x70\x20\x6f\x66\x66\x73\x65\x74\
\x3d\x22\x30\x2e\x32\x37\x38\x38\x34\x36\x22\x20\x73\x74\x6f\x70\
\x2d\x63\x6f\x6c\x6f\x72\x3d\x22\x23\x30\x38\x32\x42\x33\x42\x22\
\x2f\x3e\x0a\x3c\x73\x74\x6f\x70\x20\x6f\x66\x66\x73\x65\x74\x3d\
\x22\x31\x22\x20\x73\x74\x6f\x70\x2d\x63\x6f\x6c\x6f\x72\x3d\x22\
\x23\x33\x42\x35\x38\x36\x36\x22\x20\x73\x74\x6f\x70\x2d\x6f\x70\
\x61\x63\x69\x74\x79\x3d\x22\x30\x2e\x36\x39\x22\x2f\x3e\x0a\x3c\
\x2f\x6c\x69\x6e\x65\x61\x72\x47\x72\x61\x64\x69\x65\x6e\x74\x3e\
\x0a\x3c\x2f\x64\x65\x66\x73\x3e\x0a\x3c\x2f\x73\x76\x67\x3e\x0a\
\
\x00\x00\x02\x25\
\x3c\
\x73\x76\x67\x20\x77\x69\x64\x74\x68\x3d\x22\x38\x35\x22\x20\x68\
\x65\x69\x67\x68\x74\x3d\x22\x38\x35\x22\x20\x76\x69\x65\x77\x42\
\x6f\x78\x3d\x22\x30\x20\x30\x20\x38\x35\x20\x38\x35\x22\x20\x66\
\x69\x6c\x6c\x3d\x22\x6e\x6f\x6e\x65\x22\x20\x78\x6d\x6c\x6e\x73\
\x3d\x22\x68\x74\x74\x70\x3a\x2f\x2f\x77\x77\x77\x2e\x77\x33\x2e\
\x6f\x72\x67\x2f\x32\x30\x30\x30\x2f\x73\x76\x67\x22\x3e\x0a\x3c\
\x72\x65\x63\x74\x20\x77\x69\x64\x74\x68\x3d\x22\x38\x35\x22\x20\
\x68\x65\x69\x67\x68\x74\x3d\x22\x38\x35\x22\x20\x72\x78\x3d\x22\
\x31\x38\x22\x20\x66\x69\x6c\x6c\x3d\x22\x75\x72\x6c\x28\x23\x70\
\x61\x69\x6e\x74\x30\x5f\x6c\x69\x6e\x65\x61\x72\x5f\x31\x30\x5f\
\x39\x29\x22\x2f\x3e\x0a\x3c\x70\x61\x74\x68\x20\x64\x3d\x22\x4d\
\x37\x31\x2e\x35\x20\x34\x33\x4c\x32\x38\x20\x36\x38\x2e\x39\x38\
\x30\x35\x56\x31\x37\x2e\x30\x31\x39\x35\x4c\x37\x31\x2e\x35\x20\
\x34\x33\x5a\x4d\x33\x32\x2e\x33\x34\x39\x36\x20\x36\x31\x2e\x31\
\x38\x36\x35\x4c\x36\x32\x2e\x37\x39\x39\x38\x20\x34\x33\x4c\x33\
\x32\x2e\x33\x34\x39\x36\x20\x32\x34\x2e\x38\x31\x33\x35\x56\x36\
\x31\x2e\x31\x38\x36\x35\x5a\x22\x20\x66\x69\x6c\x6c\x3d\x22\x23\
\x46\x33\x46\x36\x46\x38\x22\x2f\x3e\x0a\x3c\x64\x65\x66\x73\x3e\
\x0a\x3c\x6c\x69\x6e\x65\x61\x72\x47\x72\x61\x64\x69\x65\x6e\x74\
\x20\x69\x64\x3d\x22\x70\x61\x69\x6e\x74\x30\x5f\x6c\x69\x6e\x65\
\x61\x72\x5f\x31\x30\x5f\x39\x22\x20\x78\x31\x3d\x22\x30\x2e\x35\
\x36\x36\x36\x36\x36\x22\x20\x79\x31\x3d\x22\x32\x2e\x31\x37\x36\
\x39\x37\x65\x2d\x30\x37\x22\x20\x78\x32\x3d\x22\x38\x35\x2e\x35\
\x36\x36\x37\x22\x20\x79\x32\x3d\x22\x38\x35\x22\x20\x67\x72\x61\
\x64\x69\x65\x6e\x74\x55\x6e\x69\x74\x73\x3d\x22\x75\x73\x65\x72\
\x53\x70\x61\x63\x65\x4f\x6e\x55\x73\x65\x22\x3e\x0a\x3c\x73\x74\
\x6f\x70\x20\x6f\x66\x66\x73\x65\x74\x3d\x22\x30\x2e\x39\x39\x39\
\x39\x22\x20\x73\x74\x6f\x70\x2d\x63\x6f\x6c\x6f\x72\x3d\x22\x23\
\x31\x44\x33\x35\x34\x31\x22\x20\x73\x74\x6f\x70\x2d\x6f\x70\x61\
\x63\x69\x74\x79\x3d\x22\x30\x22\x2f\x3e\x0a\x3c\x73\x74\x6f\x70\
\x20\x6f\x66\x66\x73\x65\x74\x3d\x22\x31\x22\x20\x73\x74\x6f\x70\
\x2d\x63\x6f\x6c\x6f\x72\x3d\x22\x23\x30\x43\x39\x35\x39\x42\x22\
\x2f\x3e\x0a\x3c\x2f\x6c\x69\x6e\x65\x61\x72\x47\x72\x61\x64\x69\
\x65\x6e\x74\x3e\x0a\x3c\x2f\x64\x65\x66\x73\x3e\x0a\x3c\x2f\x73\
\x76\x67\x3e\x0a\
\x00\x00\x02\x4c\
\x3c\
\x73\x76\x67\x20\x77\x69\x64\x74\x68\x3d\x22\x38\x35\x22\x20\x68\
\x65\x69\x67\x68\x74\x3d\x22\x38\x35\x22\x20\x76\x69\x65\x77\x42\
\x6f\x78\x3d\x22\x30\x20\x30\x20\x38\x35\x20\x38\x35\x22\x20\x66\
\x69\x6c\x6c\x3d\x22\x6e\x6f\x6e\x65\x22\x20\x78\x6d\x6c\x6e\x73\
\x3d\x22\x68\x74\x74\x70\x3a\x2f\x2f\x77\x77\x77\x2e\x77\x33\x2e\
\x6f\x72\x67\x2f\x32\x30\x30\x30\x2f\x73\x76\x67\x22\x3e\x0a\x3c\
\x72\x65\x63\x74\x20\x77\x69\x64\x74\x68\x3d\x22\x38\x35\x22\x20\
\x68\x65\x69\x67\x68\x74\x3d\x22\x38\x35\x22\x20\x72\x78\x3d\x22\
\x31\x38\x22\x20\x66\x69\x6c\x6c\x3d\x22\x75\x72\x6c\x28\x23\x70\
\x61\x69\x6e\x74\x30\x5f\x6c\x69\x6e\x65\x61\x72\x5f\x31\x30\x5f\
\x39\x29\x22\x2f\x3e\x0a\x3c\x70\x61\x74\x68\x20\x64\x3d\x22\x4d\
\x36\x37\x2e\x32\x35\x20\x34\x33\x2e\x33\x30\x34\x37\x4c\x33\x39\
\x2e\x35\x20\x36\x30\x2e\x30\x32\x32\x35\x56\x32\x36\x2e\x35\x38\
\x35\x39\x4c\x36\x37\x2e\x32\x35\x20\x34\x33\x2e\x33\x30\x34\x37\
\x5a\x22\x20\x66\x69\x6c\x6c\x3d\x22\x23\x31\x30\x32\x38\x33\x34\
\x22\x2f\x3e\x0a\x3c\x70\x61\x74\x68\x20\x64\x3d\x22\x4d\x35\x31\
\x2e\x35\x20\x34\x33\x2e\x33\x30\x34\x37\x4c\x32\x33\x2e\x37\x35\
\x20\x36\x30\x2e\x30\x32\x32\x35\x56\x32\x36\x2e\x35\x38\x35\x39\
\x4c\x35\x31\x2e\x35\x20\x34\x33\x2e\x33\x30\x34\x37\x5a\x22\x20\
\x66\x69\x6c\x6c\x3d\x22\x23\x31\x30\x32\x38\x33\x34\x22\x2f\x3e\
\x0a\x3c\x64\x65\x66\x73\x3e\x0a\x3c\x6c\x69\x6e\x65\x61\x72\x47\
\x72\x61\x64\x69\x65\x6e\x74\x20\x69\x64\x3d\x22\x70\x61\x69\x6e\
\x74\x30\x5f\x6c\x69\x6e\x65\x61\x72\x5f\x31\x30\x5f\x39\x22\x20\
\x78\x31\x3d\x22\x30\x2e\x35\x36\x36\x36\x36\x36\x22\x20\x79\x31\
\x3d\x22\x32\x2e\x31\x37\x36\x39\x37\x65\x2d\x30\x37\x22\x20\x78\
\x32\x3d\x22\x38\x35\x2e\x35\x36\x36\x37\x22\x20\x79\x32\x3d\x22\
\x38\x35\x22\x20\x67\x72\x61\x64\x69\x65\x6e\x74\x55\x6e\x69\x74\
\x73\x3d\x22\x75\x73\x65\x72\x53\x70\x61\x63\x65\x4f\x6e\x55\x73\
\x65\x22\x3e\x0a\x3c\x73\x74\x6f\x70\x20\x6f\x66\x66\x73\x65\x74\
\x3d\x22\x30\x2e\x39\x39\x39\x39\x22\x20\x73\x74\x6f\x70\x2d\x63\
\x6f\x6c\x6f\x72\x3d\x22\x23\x31\x44\x33\x35\x34\x31\x22\x20\x73\
\x74\x6f\x70\x2d\x6f\x70\x61\x63\x69\x74\x79\x3d\x22\x30\x22\x2f\
\x3e\x0a\x3c\x73\x74\x6f\x70\x20\x6f\x66\x66\x73\x65\x74\x3d\x22\
\x31\x22\x20\x73\x74\x6f\x70\x2d\x63\x6f\x6c\x6f\x72\x3d\x22\x23\
\x30\x43\x39\x35\x39\x42\x22\x2f\x3e\x0a\x3c\x2f\x6c\x69\x6e\x65\
\x61\x72\x47\x72\x61\x64\x69\x65\x6e\x74\x3e\x0a\x3c\x2f\x64\x65\
\x66\x73\x3e\x0a\x3c\x2f\x73\x76\x67\x3e\x0a\
\x00\x01\x22\xcb\
\x3c\
\x73\x76\x67\x20\x77\x69\x64\x74\x68\x3d\x22\x38\x35\x22\x20\x68\
\x65\x69\x67\x68\x74\x3d\x22\x38\x35\x22\x20\x76\x69\x65\x77\x42\
\x6f\x78\x3d\x22\x30\x20\x30\x20\x38\x35\x20\x38\x35\x22\x20\x66\
\x69\x6c\x6c\x3d\x22\x6e\x6f\x6e\x65\x22\x20\x78\x6d\x6c\x6e\x73\
\x3d\x22\x68\x74\x74\x70\x3a\x2f\x2f\x77\x77\x77\x2e\x77\x33\x2e\
\x6f\x72\x67\x2f\x32\x30\x30\x30\x2f\x73\x76\x67\x22\x3e\x0a\x3c\
\x70\x61\x74\x68\x20\x64\x3d\x22\x4d\x32\x34\x2e\x33\x34\x38\x35\
\x20\x36\x36\x2e\x39\x34\x37\x34\x43\x32\x33\x2e\x38\x34\x33\x34\
\x20\x36\x37\x2e\x33\x35\x35\x31\x20\x32\x33\x2e\x34\x33\x32\x32\
\x20\x36\x37\x2e\x37\x32\x36\x39\x20\x32\x33\x2e\x30\x38\x37\x34\
\x20\x36\x38\x2e\x31\x31\x33\x43\x32\x32\x2e\x32\x31\x37\x37\x20\
\x36\x39\x2e\x30\x38\x37\x31\x20\x32\x31\x2e\x37\x37\x31\x34\x20\
\x37\x30\x2e\x31\x34\x39\x38\x20\x32\x31\x2e\x32\x39\x30\x33\x20\
\x37\x32\x2e\x30\x39\x33\x36\x43\x32\x31\x2e\x31\x37\x30\x34\x20\
\x37\x32\x2e\x35\x37\x37\x39\x20\x32\x31\x2e\x30\x38\x31\x38\x20\
\x37\x32\x2e\x38\x37\x39\x33\x20\x32\x31\x2e\x30\x33\x36\x37\x20\
\x37\x33\x2e\x30\x32\x35\x34\x43\x32\x31\x2e\x30\x32\x35\x35\x20\
\x37\x33\x2e\x30\x36\x32\x20\x32\x31\x2e\x30\x31\x36\x38\x20\x37\
\x33\x2e\x30\x38\x38\x39\x20\x32\x31\x2e\x30\x31\x31\x31\x20\x37\
\x33\x2e\x31\x30\x36\x36\x43\x32\x31\x2e\x30\x30\x38\x34\x20\x37\
\x33\x2e\x31\x31\x35\x33\x20\x32\x31\x2e\x30\x30\x36\x32\x20\x37\
\x33\x2e\x31\x32\x32\x31\x20\x32\x31\x2e\x30\x30\x34\x38\x20\x37\
\x33\x2e\x31\x32\x36\x36\x43\x32\x31\x2e\x30\x30\x34\x31\x20\x37\
\x33\x2e\x31\x32\x38\x37\x20\x32\x31\x2e\x30\x30\x33\x35\x20\x37\
\x33\x2e\x31\x33\x30\x39\x20\x32\x31\x2e\x30\x30\x33\x20\x37\x33\
\x2e\x31\x33\x32\x36\x43\x32\x31\x2e\x30\x30\x32\x38\x20\x37\x33\
\x2e\x31\x33\x33\x32\x20\x32\x31\x2e\x30\x30\x32\x33\x20\x37\x33\
\x2e\x31\x33\x35\x31\x20\x32\x31\x2e\x30\x30\x31\x39\x20\x37\x33\
\x2e\x31\x33\x37\x43\x32\x31\x2e\x30\x30\x31\x36\x20\x37\x33\x2e\
\x31\x33\x38\x35\x20\x32\x31\x2e\x30\x30\x30\x38\x20\x37\x33\x2e\
\x31\x34\x32\x39\x20\x32\x31\x2e\x30\x30\x30\x35\x20\x37\x33\x2e\
\x31\x34\x36\x43\x32\x31\x2e\x30\x30\x31\x39\x20\x37\x33\x2e\x31\
\x36\x31\x33\x20\x32\x31\x2e\x30\x36\x35\x36\x20\x37\x33\x2e\x32\
\x31\x32\x36\x20\x32\x31\x2e\x31\x33\x35\x36\x20\x37\x33\x2e\x31\
\x39\x34\x34\x43\x32\x31\x2e\x31\x34\x33\x31\x20\x37\x33\x2e\x31\
\x38\x37\x32\x20\x32\x31\x2e\x31\x35\x30\x38\x20\x37\x33\x2e\x31\
\x37\x36\x39\x20\x32\x31\x2e\x31\x35\x32\x31\x20\x37\x33\x2e\x31\
\x37\x34\x36\x43\x32\x31\x2e\x31\x35\x32\x37\x20\x37\x33\x2e\x31\
\x37\x33\x35\x20\x32\x31\x2e\x31\x35\x33\x34\x20\x37\x33\x2e\x31\
\x37\x31\x37\x20\x32\x31\x2e\x31\x35\x33\x38\x20\x37\x33\x2e\x31\
\x37\x30\x39\x43\x32\x31\x2e\x31\x35\x34\x33\x20\x37\x33\x2e\x31\
\x36\x39\x37\x20\x32\x31\x2e\x31\x35\x34\x39\x20\x37\x33\x2e\x31\
\x36\x38\x35\x20\x32\x31\x2e\x31\x35\x35\x32\x20\x37\x33\x2e\x31\
\x36\x37\x38\x43\x32\x31\x2e\x31\x35\x35\x39\x20\x37\x33\x2e\x31\
\x36\x36\x31\x20\x32\x31\x2e\x31\x35\x36\x36\x20\x37\x33\x2e\x31\
\x36\x33\x39\x20\x32\x31\x2e\x31\x35\x37\x35\x20\x37\x33\x2e\x31\
\x36\x31\x37\x43\x32\x31\x2e\x31\x35\x39\x33\x20\x37\x33\x2e\x31\
\x35\x37\x31\x20\x32\x31\x2e\x31\x36\x32\x20\x37\x33\x2e\x31\x35\
\x30\x32\x20\x32\x31\x2e\x31\x36\x35\x34\x20\x37\x33\x2e\x31\x34\
\x31\x36\x43\x32\x31\x2e\x31\x37\x32\x31\x20\x37\x33\x2e\x31\x32\
\x34\x32\x20\x32\x31\x2e\x31\x38\x32\x20\x37\x33\x2e\x30\x39\x38\
\x36\x20\x32\x31\x2e\x31\x39\x35\x34\x20\x37\x33\x2e\x30\x36\x35\
\x43\x32\x31\x2e\x33\x30\x33\x20\x37\x32\x2e\x37\x39\x36\x34\x20\
\x32\x31\x2e\x36\x33\x34\x33\x20\x37\x32\x2e\x30\x31\x38\x39\x20\
\x32\x32\x2e\x32\x38\x38\x33\x20\x37\x30\x2e\x39\x35\x34\x36\x43\
\x32\x32\x2e\x39\x30\x32\x32\x20\x36\x39\x2e\x39\x35\x35\x36\x20\
\x32\x33\x2e\x38\x30\x30\x33\x20\x36\x38\x2e\x37\x30\x34\x32\x20\
\x32\x35\x2e\x30\x36\x34\x34\x20\x36\x37\x2e\x33\x38\x34\x43\x32\
\x34\x2e\x38\x39\x30\x33\x20\x36\x37\x2e\x32\x38\x35\x38\x20\x32\
\x34\x2e\x37\x32\x33\x32\x20\x36\x37\x2e\x31\x39\x30\x39\x20\x32\
\x34\x2e\x35\x37\x30\x38\x20\x36\x37\x2e\x31\x30\x32\x32\x4c\x32\
\x34\x2e\x34\x37\x36\x35\x20\x36\x37\x2e\x30\x34\x37\x33\x4c\x32\
\x34\x2e\x33\x39\x33\x31\x20\x36\x36\x2e\x39\x38\x31\x39\x43\x32\
\x34\x2e\x33\x37\x38\x34\x20\x36\x36\x2e\x39\x37\x30\x33\x20\x32\
\x34\x2e\x33\x36\x33\x34\x20\x36\x36\x2e\x39\x35\x38\x38\x20\x32\
\x34\x2e\x33\x34\x38\x35\x20\x36\x36\x2e\x39\x34\x37\x34\x5a\x22\
\x20\x66\x69\x6c\x6c\x3d\x22\x23\x31\x30\x32\x38\x33\x34\x22\x2f\
\x3e\x0a\x3c\x70\x61\x74\x68\x20\x64\x3d\x22\x4d\x33\x31\x2e\x31\
\x30\x30\x31\x20\x36\x30\x2e\x39\x35\x37\x38\x43\x33\x30\x2e\x30\
\x31\x39\x34\x20\x36\x32\x2e\x33\x32\x32\x31\x20\x32\x38\x2e\x37\
\x35\x34\x33\x20\x36\x33\x2e\x36\x36\x32\x39\x20\x32\x37\x2e\x33\
\x37\x36\x36\x20\x36\x34\x2e\x36\x38\x31\x37\x43\x32\x37\x2e\x31\
\x34\x35\x36\x20\x36\x34\x2e\x38\x35\x32\x35\x20\x32\x36\x2e\x39\
\x32\x34\x35\x20\x36\x35\x2e\x30\x31\x35\x20\x32\x36\x2e\x37\x31\
\x32\x39\x20\x36\x35\x2e\x31\x37\x30\x34\x43\x32\x36\x2e\x38\x35\
\x31\x36\x20\x36\x35\x2e\x32\x34\x38\x38\x20\x32\x37\x2e\x30\x30\
\x39\x20\x36\x35\x2e\x33\x33\x37\x35\x20\x32\x37\x2e\x31\x37\x36\
\x33\x20\x36\x35\x2e\x34\x33\x31\x35\x43\x32\x38\x2e\x32\x33\x33\
\x32\x20\x36\x34\x2e\x35\x36\x35\x31\x20\x32\x39\x2e\x34\x35\x38\
\x36\x20\x36\x33\x2e\x37\x30\x36\x39\x20\x33\x30\x2e\x38\x37\x34\
\x38\x20\x36\x32\x2e\x39\x30\x36\x35\x4c\x33\x30\x2e\x38\x38\x39\
\x35\x20\x36\x32\x2e\x38\x39\x38\x31\x4c\x33\x32\x2e\x30\x31\x36\
\x36\x20\x36\x31\x2e\x33\x30\x32\x32\x43\x33\x31\x2e\x36\x39\x32\
\x37\x20\x36\x31\x2e\x31\x38\x39\x37\x20\x33\x31\x2e\x33\x38\x37\
\x31\x20\x36\x31\x2e\x30\x37\x34\x31\x20\x33\x31\x2e\x31\x30\x30\
\x31\x20\x36\x30\x2e\x39\x35\x37\x38\x5a\x22\x20\x66\x69\x6c\x6c\
\x3d\x22\x23\x31\x30\x32\x38\x33\x34\x22\x2f\x3e\x0a\x3c\x70\x61\
\x74\x68\x20\x64\x3d\x22\x4d\x32\x30\x2e\x33\x31\x35\x32\x20\x35\
\x34\x2e\x37\x35\x38\x32\x43\x31\x38\x2e\x37\x32\x38\x34\x20\x35\
\x36\x2e\x34\x32\x37\x33\x20\x31\x37\x2e\x33\x35\x37\x35\x20\x35\
\x38\x2e\x34\x30\x36\x36\x20\x31\x37\x2e\x30\x30\x31\x37\x20\x36\
\x30\x2e\x35\x31\x34\x38\x4c\x31\x37\x20\x36\x30\x2e\x35\x32\x35\
\x31\x4c\x31\x37\x2e\x30\x30\x32\x33\x20\x36\x30\x2e\x35\x33\x35\
\x35\x43\x31\x37\x2e\x30\x30\x39\x33\x20\x36\x30\x2e\x35\x36\x36\
\x31\x20\x31\x37\x2e\x30\x32\x32\x33\x20\x36\x30\x2e\x36\x30\x32\
\x37\x20\x31\x37\x2e\x30\x34\x35\x32\x20\x36\x30\x2e\x36\x33\x31\
\x39\x43\x31\x37\x2e\x30\x35\x36\x38\x20\x36\x30\x2e\x36\x34\x36\
\x38\x20\x31\x37\x2e\x30\x37\x33\x39\x20\x36\x30\x2e\x36\x36\x33\
\x35\x20\x31\x37\x2e\x30\x39\x38\x37\x20\x36\x30\x2e\x36\x37\x35\
\x43\x31\x37\x2e\x31\x32\x35\x36\x20\x36\x30\x2e\x36\x38\x37\x35\
\x20\x31\x37\x2e\x31\x35\x37\x35\x20\x36\x30\x2e\x36\x39\x31\x39\
\x20\x31\x37\x2e\x31\x39\x30\x31\x20\x36\x30\x2e\x36\x38\x35\x43\
\x31\x37\x2e\x32\x32\x30\x34\x20\x36\x30\x2e\x36\x37\x38\x37\x20\
\x31\x37\x2e\x32\x34\x35\x36\x20\x36\x30\x2e\x36\x36\x34\x20\x31\
\x37\x2e\x32\x36\x36\x20\x36\x30\x2e\x36\x34\x37\x35\x43\x31\x37\
\x2e\x32\x38\x36\x38\x20\x36\x30\x2e\x36\x33\x30\x38\x20\x31\x37\
\x2e\x33\x30\x36\x34\x20\x36\x30\x2e\x36\x30\x39\x31\x20\x31\x37\
\x2e\x33\x32\x35\x35\x20\x36\x30\x2e\x35\x38\x33\x33\x43\x31\x37\
\x2e\x33\x36\x33\x37\x20\x36\x30\x2e\x35\x33\x31\x37\x20\x31\x37\
\x2e\x34\x30\x35\x20\x36\x30\x2e\x34\x35\x36\x33\x20\x31\x37\x2e\
\x34\x35\x30\x31\x20\x36\x30\x2e\x33\x35\x31\x43\x31\x37\x2e\x35\
\x34\x30\x32\x20\x36\x30\x2e\x31\x34\x30\x39\x20\x31\x37\x2e\x39\
\x30\x36\x37\x20\x35\x38\x2e\x38\x33\x39\x20\x31\x39\x2e\x33\x38\
\x34\x37\x20\x35\x36\x2e\x39\x33\x33\x31\x43\x31\x39\x2e\x38\x32\
\x39\x35\x20\x35\x36\x2e\x33\x35\x39\x34\x20\x32\x30\x2e\x33\x37\
\x35\x35\x20\x35\x35\x2e\x37\x33\x31\x32\x20\x32\x31\x2e\x30\x34\
\x34\x36\x20\x35\x35\x2e\x30\x36\x31\x37\x43\x32\x30\x2e\x37\x38\
\x36\x38\x20\x35\x34\x2e\x39\x36\x30\x39\x20\x32\x30\x2e\x35\x34\
\x32\x20\x35\x34\x2e\x38\x35\x39\x35\x20\x32\x30\x2e\x33\x31\x35\
\x32\x20\x35\x34\x2e\x37\x35\x38\x32\x5a\x22\x20\x66\x69\x6c\x6c\
\x3d\x22\x23\x31\x30\x32\x38\x33\x34\x22\x2f\x3e\x0a\x3c\x70\x61\
\x74\x68\x20\x64\x3d\x22\x4d\x33\x35\x2e\x31\x38\x31\x31\x20\x35\
\x32\x2e\x33\x31\x39\x36\x4c\x33\x35\x2e\x30\x36\x37\x33\x20\x35\
\x32\x2e\x33\x33\x39\x36\x4c\x33\x34\x2e\x39\x35\x31\x34\x20\x35\
\x32\x2e\x33\x34\x35\x37\x43\x33\x34\x2e\x37\x31\x33\x34\x20\x35\
\x32\x2e\x33\x35\x38\x32\x20\x33\x34\x2e\x35\x35\x34\x36\x20\x35\
\x32\x2e\x33\x37\x36\x37\x20\x33\x34\x2e\x34\x34\x37\x34\x20\x35\
\x32\x2e\x33\x39\x35\x35\x56\x35\x35\x2e\x37\x32\x32\x33\x43\x33\
\x34\x2e\x30\x39\x37\x33\x20\x35\x36\x2e\x34\x34\x36\x35\x20\x33\
\x33\x2e\x35\x30\x30\x31\x20\x35\x37\x2e\x35\x32\x34\x33\x20\x33\
\x32\x2e\x37\x31\x32\x33\x20\x35\x38\x2e\x37\x32\x32\x31\x43\x33\
\x32\x2e\x39\x30\x33\x33\x20\x35\x38\x2e\x37\x39\x36\x34\x20\x33\
\x33\x2e\x31\x30\x34\x33\x20\x35\x38\x2e\x38\x37\x30\x34\x20\x33\
\x33\x2e\x33\x31\x35\x31\x20\x35\x38\x2e\x39\x34\x32\x36\x4c\x33\
\x33\x2e\x33\x32\x38\x20\x35\x38\x2e\x39\x34\x37\x4c\x33\x33\x2e\
\x33\x34\x31\x20\x35\x38\x2e\x39\x35\x31\x37\x43\x33\x33\x2e\x34\
\x33\x31\x38\x20\x35\x38\x2e\x39\x38\x34\x33\x20\x33\x33\x2e\x35\
\x32\x30\x39\x20\x35\x39\x2e\x30\x31\x36\x37\x20\x33\x33\x2e\x36\
\x30\x38\x32\x20\x35\x39\x2e\x30\x34\x38\x36\x4c\x33\x35\x2e\x39\
\x32\x35\x34\x20\x35\x35\x2e\x37\x36\x37\x35\x4c\x33\x35\x2e\x39\
\x33\x39\x32\x20\x35\x35\x2e\x37\x34\x37\x39\x4c\x33\x35\x2e\x39\
\x33\x35\x31\x20\x35\x35\x2e\x37\x32\x35\x34\x43\x33\x35\x2e\x37\
\x35\x36\x31\x20\x35\x34\x2e\x37\x36\x32\x33\x20\x33\x35\x2e\x35\
\x33\x39\x32\x20\x35\x33\x2e\x35\x34\x37\x34\x20\x33\x35\x2e\x33\
\x32\x37\x32\x20\x35\x32\x2e\x32\x39\x34\x32\x43\x33\x35\x2e\x32\
\x37\x39\x33\x20\x35\x32\x2e\x33\x30\x32\x35\x20\x33\x35\x2e\x32\
\x33\x30\x37\x20\x35\x32\x2e\x33\x31\x30\x39\x20\x33\x35\x2e\x31\
\x38\x31\x31\x20\x35\x32\x2e\x33\x31\x39\x36\x5a\x22\x20\x66\x69\
\x6c\x6c\x3d\x22\x23\x31\x30\x32\x38\x33\x34\x22\x2f\x3e\x0a\x3c\
\x70\x61\x74\x68\x20\x64\x3d\x22\x4d\x32\x37\x2e\x32\x30\x37\x20\
\x34\x38\x2e\x30\x31\x33\x32\x4c\x32\x36\x2e\x36\x31\x37\x33\x20\
\x34\x39\x2e\x31\x37\x34\x37\x43\x32\x36\x2e\x35\x37\x39\x20\x34\
\x39\x2e\x32\x34\x32\x20\x32\x36\x2e\x35\x32\x33\x31\x20\x34\x39\
\x2e\x33\x35\x33\x34\x20\x32\x36\x2e\x34\x37\x36\x33\x20\x34\x39\
\x2e\x34\x37\x34\x35\x43\x32\x36\x2e\x34\x33\x31\x36\x20\x34\x39\
\x2e\x35\x39\x30\x33\x20\x32\x36\x2e\x33\x39\x33\x37\x20\x34\x39\
\x2e\x37\x32\x30\x35\x20\x32\x36\x2e\x33\x39\x30\x33\x20\x34\x39\
\x2e\x38\x33\x31\x43\x32\x36\x2e\x33\x38\x38\x37\x20\x34\x39\x2e\
\x38\x33\x32\x37\x20\x32\x36\x2e\x33\x38\x36\x38\x20\x34\x39\x2e\
\x38\x33\x34\x39\x20\x32\x36\x2e\x33\x38\x34\x33\x20\x34\x39\x2e\
\x38\x33\x37\x33\x43\x32\x36\x2e\x33\x37\x31\x31\x20\x34\x39\x2e\
\x38\x34\x39\x39\x20\x32\x36\x2e\x33\x34\x39\x38\x20\x34\x39\x2e\
\x38\x36\x37\x37\x20\x32\x36\x2e\x33\x31\x39\x35\x20\x34\x39\x2e\
\x38\x39\x31\x43\x32\x36\x2e\x32\x35\x39\x32\x20\x34\x39\x2e\x39\
\x33\x37\x35\x20\x32\x36\x2e\x31\x36\x39\x35\x20\x35\x30\x2e\x30\
\x30\x31\x32\x20\x32\x36\x2e\x30\x35\x33\x33\x20\x35\x30\x2e\x30\
\x38\x32\x43\x32\x35\x2e\x38\x32\x32\x33\x20\x35\x30\x2e\x32\x34\
\x32\x36\x20\x32\x35\x2e\x34\x38\x37\x36\x20\x35\x30\x2e\x34\x36\
\x39\x37\x20\x32\x35\x2e\x30\x38\x35\x32\x20\x35\x30\x2e\x37\x35\
\x32\x35\x43\x32\x34\x2e\x33\x37\x33\x33\x20\x35\x31\x2e\x32\x35\
\x32\x38\x20\x32\x33\x2e\x34\x34\x33\x37\x20\x35\x31\x2e\x39\x33\
\x32\x20\x32\x32\x2e\x34\x36\x37\x35\x20\x35\x32\x2e\x37\x35\x30\
\x35\x43\x32\x32\x2e\x37\x32\x37\x34\x20\x35\x32\x2e\x38\x35\x30\
\x39\x20\x32\x33\x2e\x30\x30\x39\x20\x35\x32\x2e\x39\x35\x32\x37\
\x20\x32\x33\x2e\x33\x30\x35\x32\x20\x35\x33\x2e\x30\x35\x33\x37\
\x43\x32\x34\x2e\x35\x37\x34\x34\x20\x35\x32\x2e\x30\x34\x33\x38\
\x20\x32\x36\x2e\x31\x31\x37\x31\x20\x35\x30\x2e\x39\x38\x30\x36\
\x20\x32\x37\x2e\x39\x39\x32\x34\x20\x34\x39\x2e\x38\x39\x39\x36\
\x4c\x32\x38\x2e\x30\x31\x38\x31\x20\x34\x39\x2e\x38\x38\x34\x37\
\x4c\x32\x38\x2e\x30\x32\x34\x34\x20\x34\x39\x2e\x38\x35\x39\x34\
\x4c\x32\x38\x2e\x32\x34\x36\x32\x20\x34\x38\x2e\x39\x35\x33\x35\
\x4c\x32\x38\x2e\x32\x34\x37\x20\x34\x38\x2e\x39\x35\x30\x31\x4c\
\x32\x38\x2e\x32\x34\x37\x34\x20\x34\x38\x2e\x39\x34\x36\x38\x43\
\x32\x38\x2e\x32\x37\x32\x20\x34\x38\x2e\x37\x33\x31\x34\x20\x32\
\x38\x2e\x33\x31\x32\x36\x20\x34\x38\x2e\x33\x39\x35\x33\x20\x32\
\x38\x2e\x33\x35\x34\x34\x20\x34\x38\x2e\x30\x38\x37\x33\x43\x32\
\x38\x2e\x33\x39\x36\x36\x20\x34\x37\x2e\x37\x37\x37\x31\x20\x32\
\x38\x2e\x34\x33\x39\x31\x20\x34\x37\x2e\x35\x30\x31\x34\x20\x32\
\x38\x2e\x34\x36\x37\x33\x20\x34\x37\x2e\x34\x30\x32\x35\x43\x32\
\x38\x2e\x34\x38\x33\x32\x20\x34\x37\x2e\x33\x34\x36\x39\x20\x32\
\x38\x2e\x35\x32\x34\x20\x34\x37\x2e\x31\x39\x31\x36\x20\x32\x38\
\x2e\x35\x37\x39\x31\x20\x34\x36\x2e\x39\x37\x39\x43\x32\x38\x2e\
\x32\x33\x32\x34\x20\x34\x36\x2e\x39\x35\x34\x33\x20\x32\x37\x2e\
\x38\x39\x34\x31\x20\x34\x36\x2e\x39\x32\x33\x36\x20\x32\x37\x2e\
\x35\x38\x30\x36\x20\x34\x36\x2e\x38\x38\x36\x39\x4c\x32\x37\x2e\
\x32\x30\x37\x20\x34\x38\x2e\x30\x31\x33\x32\x5a\x22\x20\x66\x69\
\x6c\x6c\x3d\x22\x23\x31\x30\x32\x38\x33\x34\x22\x2f\x3e\x0a\x3c\
\x70\x61\x74\x68\x20\x64\x3d\x22\x4d\x34\x31\x2e\x36\x32\x38\x32\
\x20\x34\x36\x2e\x31\x39\x31\x34\x43\x34\x31\x2e\x34\x31\x34\x36\
\x20\x34\x36\x2e\x31\x39\x33\x31\x20\x34\x31\x2e\x31\x34\x31\x38\
\x20\x34\x36\x2e\x31\x39\x38\x31\x20\x34\x30\x2e\x38\x39\x32\x31\
\x20\x34\x36\x2e\x32\x30\x37\x32\x43\x34\x30\x2e\x37\x33\x37\x32\
\x20\x34\x36\x2e\x32\x31\x32\x39\x20\x34\x30\x2e\x35\x39\x32\x36\
\x20\x34\x36\x2e\x32\x32\x20\x34\x30\x2e\x34\x37\x37\x35\x20\x34\
\x36\x2e\x32\x32\x38\x35\x43\x34\x30\x2e\x33\x36\x35\x39\x20\x34\
\x36\x2e\x32\x33\x36\x39\x20\x34\x30\x2e\x32\x39\x39\x20\x34\x36\
\x2e\x32\x34\x35\x38\x20\x34\x30\x2e\x32\x37\x32\x38\x20\x34\x36\
\x2e\x32\x35\x31\x36\x43\x34\x30\x2e\x32\x34\x30\x33\x20\x34\x36\
\x2e\x32\x36\x35\x32\x20\x34\x30\x2e\x32\x30\x36\x33\x20\x34\x36\
\x2e\x32\x38\x31\x37\x20\x34\x30\x2e\x31\x37\x31\x35\x20\x34\x36\
\x2e\x32\x39\x39\x38\x43\x34\x30\x2e\x30\x38\x37\x38\x20\x34\x36\
\x2e\x39\x31\x39\x33\x20\x34\x30\x2e\x30\x35\x32\x35\x20\x34\x37\
\x2e\x37\x32\x36\x37\x20\x34\x30\x2e\x31\x38\x33\x31\x20\x34\x38\
\x2e\x34\x31\x32\x31\x43\x34\x30\x2e\x32\x35\x38\x37\x20\x34\x38\
\x2e\x38\x30\x38\x37\x20\x34\x30\x2e\x33\x39\x30\x38\x20\x34\x39\
\x2e\x31\x37\x31\x32\x20\x34\x30\x2e\x36\x30\x37\x36\x20\x34\x39\
\x2e\x34\x33\x32\x38\x43\x34\x30\x2e\x38\x32\x37\x20\x34\x39\x2e\
\x36\x39\x37\x34\x20\x34\x31\x2e\x31\x33\x35\x36\x20\x34\x39\x2e\
\x38\x36\x30\x37\x20\x34\x31\x2e\x35\x35\x32\x35\x20\x34\x39\x2e\
\x38\x34\x36\x37\x4c\x34\x31\x2e\x36\x32\x38\x32\x20\x34\x39\x2e\
\x38\x34\x34\x56\x34\x36\x2e\x31\x39\x31\x34\x5a\x22\x20\x66\x69\
\x6c\x6c\x3d\x22\x23\x31\x30\x32\x38\x33\x34\x22\x2f\x3e\x0a\x3c\
\x70\x61\x74\x68\x20\x64\x3d\x22\x4d\x34\x31\x2e\x36\x32\x38\x32\
\x20\x33\x36\x2e\x35\x34\x33\x36\x43\x34\x31\x2e\x35\x39\x31\x34\
\x20\x33\x36\x2e\x35\x34\x34\x36\x20\x34\x31\x2e\x35\x34\x35\x36\
\x20\x33\x36\x2e\x35\x34\x38\x31\x20\x34\x31\x2e\x34\x39\x31\x31\
\x20\x33\x36\x2e\x35\x35\x34\x38\x43\x34\x31\x2e\x33\x39\x33\x37\
\x20\x33\x36\x2e\x35\x36\x36\x38\x20\x34\x31\x2e\x32\x38\x36\x34\
\x20\x33\x36\x2e\x35\x38\x36\x31\x20\x34\x31\x2e\x31\x38\x34\x34\
\x20\x33\x36\x2e\x36\x30\x35\x4c\x34\x31\x2e\x31\x37\x37\x20\x33\
\x36\x2e\x36\x30\x36\x34\x4c\x34\x31\x2e\x31\x36\x39\x36\x20\x33\
\x36\x2e\x36\x30\x37\x32\x43\x34\x31\x2e\x30\x31\x34\x38\x20\x33\
\x36\x2e\x36\x32\x33\x34\x20\x34\x30\x2e\x34\x31\x36\x37\x20\x33\
\x36\x2e\x36\x34\x33\x36\x20\x33\x39\x2e\x39\x39\x31\x37\x20\x33\
\x36\x2e\x36\x31\x34\x35\x56\x33\x37\x2e\x37\x30\x35\x37\x4c\x33\
\x35\x2e\x37\x39\x32\x39\x20\x34\x32\x2e\x34\x39\x36\x38\x4c\x33\
\x35\x2e\x37\x39\x31\x34\x20\x34\x32\x2e\x34\x39\x38\x36\x4c\x33\
\x35\x2e\x37\x39\x20\x34\x32\x2e\x35\x30\x30\x33\x4c\x33\x34\x2e\
\x34\x36\x30\x35\x20\x34\x34\x2e\x32\x34\x35\x38\x4c\x33\x33\x2e\
\x33\x35\x33\x39\x20\x34\x35\x2e\x34\x37\x32\x38\x4c\x33\x33\x2e\
\x33\x33\x31\x34\x20\x34\x35\x2e\x34\x39\x37\x38\x4c\x33\x33\x2e\
\x33\x34\x31\x31\x20\x34\x35\x2e\x35\x32\x37\x39\x4c\x33\x33\x2e\
\x37\x38\x33\x34\x20\x34\x36\x2e\x38\x38\x32\x32\x4c\x33\x34\x2e\
\x32\x39\x31\x34\x20\x34\x39\x2e\x37\x39\x36\x36\x43\x33\x34\x2e\
\x34\x30\x34\x37\x20\x34\x39\x2e\x37\x38\x35\x35\x20\x33\x34\x2e\
\x35\x31\x37\x20\x34\x39\x2e\x37\x37\x36\x39\x20\x33\x34\x2e\x36\
\x32\x37\x34\x20\x34\x39\x2e\x37\x37\x43\x33\x34\x2e\x37\x32\x34\
\x35\x20\x34\x39\x2e\x37\x35\x33\x31\x20\x33\x34\x2e\x38\x31\x38\
\x37\x20\x34\x39\x2e\x37\x33\x36\x39\x20\x33\x34\x2e\x39\x31\x31\
\x34\x20\x34\x39\x2e\x37\x32\x31\x32\x43\x33\x34\x2e\x38\x38\x30\
\x33\x20\x34\x39\x2e\x35\x31\x36\x34\x20\x33\x34\x2e\x38\x34\x39\
\x38\x20\x34\x39\x2e\x33\x31\x34\x39\x20\x33\x34\x2e\x38\x32\x30\
\x39\x20\x34\x39\x2e\x31\x31\x37\x34\x43\x33\x34\x2e\x36\x36\x32\
\x39\x20\x34\x38\x2e\x30\x33\x37\x36\x20\x33\x34\x2e\x35\x34\x32\
\x36\x20\x34\x37\x2e\x30\x38\x33\x39\x20\x33\x34\x2e\x34\x39\x34\
\x39\x20\x34\x36\x2e\x34\x32\x36\x36\x43\x33\x34\x2e\x34\x37\x31\
\x20\x34\x36\x2e\x30\x39\x37\x31\x20\x33\x34\x2e\x34\x36\x35\x38\
\x20\x34\x35\x2e\x38\x34\x35\x35\x20\x33\x34\x2e\x34\x38\x32\x31\
\x20\x34\x35\x2e\x36\x39\x30\x33\x43\x33\x34\x2e\x34\x38\x37\x33\
\x20\x34\x35\x2e\x36\x34\x30\x36\x20\x33\x34\x2e\x34\x39\x34\x39\
\x20\x34\x35\x2e\x36\x30\x35\x32\x20\x33\x34\x2e\x35\x30\x32\x32\
\x20\x34\x35\x2e\x35\x38\x31\x35\x4c\x33\x34\x2e\x35\x34\x32\x34\
\x20\x34\x35\x2e\x36\x31\x32\x39\x4c\x33\x39\x2e\x39\x39\x31\x37\
\x20\x33\x38\x2e\x33\x39\x33\x34\x56\x33\x38\x2e\x35\x31\x38\x35\
\x43\x33\x39\x2e\x39\x30\x35\x34\x20\x33\x39\x2e\x30\x37\x20\x33\
\x39\x2e\x38\x31\x33\x31\x20\x33\x39\x2e\x38\x39\x35\x38\x20\x33\
\x39\x2e\x38\x31\x36\x32\x20\x34\x30\x2e\x35\x38\x35\x35\x43\x33\
\x39\x2e\x38\x31\x37\x38\x20\x34\x30\x2e\x39\x33\x30\x35\x20\x33\
\x39\x2e\x38\x34\x33\x31\x20\x34\x31\x2e\x32\x34\x35\x37\x20\x33\
\x39\x2e\x39\x30\x37\x20\x34\x31\x2e\x34\x37\x36\x32\x43\x33\x39\
\x2e\x39\x33\x38\x39\x20\x34\x31\x2e\x35\x39\x31\x20\x33\x39\x2e\
\x39\x38\x31\x37\x20\x34\x31\x2e\x36\x39\x30\x32\x20\x34\x30\x2e\
\x30\x34\x30\x34\x20\x34\x31\x2e\x37\x36\x32\x31\x43\x34\x30\x2e\
\x30\x35\x32\x36\x20\x34\x31\x2e\x37\x37\x37\x31\x20\x34\x30\x2e\
\x30\x36\x36\x20\x34\x31\x2e\x37\x39\x30\x39\x20\x34\x30\x2e\x30\
\x38\x30\x32\x20\x34\x31\x2e\x38\x30\x33\x38\x4c\x34\x30\x2e\x31\
\x31\x32\x20\x34\x31\x2e\x37\x39\x38\x31\x43\x34\x30\x2e\x32\x31\
\x30\x38\x20\x34\x31\x2e\x37\x38\x31\x20\x34\x30\x2e\x33\x33\x32\
\x35\x20\x34\x31\x2e\x37\x36\x32\x33\x20\x34\x30\x2e\x35\x33\x31\
\x31\x20\x34\x31\x2e\x37\x33\x37\x39\x4c\x34\x30\x2e\x35\x34\x32\
\x39\x20\x34\x31\x2e\x37\x33\x36\x33\x48\x34\x30\x2e\x35\x35\x34\
\x36\x43\x34\x31\x2e\x31\x33\x36\x33\x20\x34\x31\x2e\x37\x33\x36\
\x36\x20\x34\x31\x2e\x34\x33\x39\x39\x20\x34\x31\x2e\x37\x34\x37\
\x34\x20\x34\x31\x2e\x36\x32\x38\x32\x20\x34\x31\x2e\x37\x36\x36\
\x39\x56\x33\x36\x2e\x35\x34\x33\x36\x5a\x22\x20\x66\x69\x6c\x6c\
\x3d\x22\x23\x31\x30\x32\x38\x33\x34\x22\x2f\x3e\x0a\x3c\x70\x61\
\x74\x68\x20\x64\x3d\x22\x4d\x34\x30\x2e\x35\x36\x36\x39\x20\x34\
\x31\x2e\x39\x39\x35\x32\x43\x34\x30\x2e\x33\x35\x32\x32\x20\x34\
\x32\x2e\x30\x32\x31\x37\x20\x34\x30\x2e\x32\x33\x34\x35\x20\x34\
\x32\x2e\x30\x34\x31\x20\x34\x30\x2e\x31\x33\x34\x32\x20\x34\x32\
\x2e\x30\x35\x39\x43\x33\x39\x2e\x39\x38\x32\x20\x34\x32\x2e\x35\
\x35\x36\x32\x20\x33\x39\x2e\x38\x32\x35\x32\x20\x34\x33\x2e\x32\
\x34\x30\x37\x20\x33\x39\x2e\x37\x37\x33\x38\x20\x34\x33\x2e\x39\
\x32\x35\x31\x43\x33\x39\x2e\x37\x34\x33\x34\x20\x34\x34\x2e\x33\
\x33\x30\x32\x20\x33\x39\x2e\x37\x34\x39\x37\x20\x34\x34\x2e\x37\
\x33\x37\x20\x33\x39\x2e\x38\x31\x36\x35\x20\x34\x35\x2e\x31\x30\
\x35\x38\x43\x33\x39\x2e\x38\x37\x38\x31\x20\x34\x35\x2e\x34\x34\
\x35\x34\x20\x33\x39\x2e\x39\x39\x32\x32\x20\x34\x35\x2e\x37\x35\
\x36\x32\x20\x34\x30\x2e\x31\x37\x39\x34\x20\x34\x36\x2e\x30\x30\
\x34\x32\x4c\x34\x30\x2e\x31\x38\x36\x33\x20\x34\x36\x2e\x30\x30\
\x32\x34\x43\x34\x30\x2e\x32\x35\x32\x20\x34\x35\x2e\x39\x38\x37\
\x37\x20\x34\x30\x2e\x33\x34\x39\x34\x20\x34\x35\x2e\x39\x37\x38\
\x33\x20\x34\x30\x2e\x34\x34\x38\x39\x20\x34\x35\x2e\x39\x37\x30\
\x39\x43\x34\x30\x2e\x35\x37\x31\x20\x34\x35\x2e\x39\x36\x31\x38\
\x20\x34\x30\x2e\x37\x32\x30\x39\x20\x34\x35\x2e\x39\x35\x34\x35\
\x20\x34\x30\x2e\x38\x37\x38\x31\x20\x34\x35\x2e\x39\x34\x38\x37\
\x43\x34\x31\x2e\x31\x33\x32\x37\x20\x34\x35\x2e\x39\x33\x39\x34\
\x20\x34\x31\x2e\x34\x31\x30\x36\x20\x34\x35\x2e\x39\x33\x34\x31\
\x20\x34\x31\x2e\x36\x32\x38\x32\x20\x34\x35\x2e\x39\x33\x32\x34\
\x56\x34\x32\x2e\x30\x32\x38\x43\x34\x31\x2e\x34\x37\x39\x31\x20\
\x34\x32\x2e\x30\x30\x39\x34\x20\x34\x31\x2e\x32\x30\x33\x20\x34\
\x31\x2e\x39\x39\x35\x36\x20\x34\x30\x2e\x35\x36\x36\x39\x20\x34\
\x31\x2e\x39\x39\x35\x32\x5a\x22\x20\x66\x69\x6c\x6c\x3d\x22\x23\
\x31\x30\x32\x38\x33\x34\x22\x2f\x3e\x0a\x3c\x70\x61\x74\x68\x20\
\x66\x69\x6c\x6c\x2d\x72\x75\x6c\x65\x3d\x22\x65\x76\x65\x6e\x6f\
\x64\x64\x22\x20\x63\x6c\x69\x70\x2d\x72\x75\x6c\x65\x3d\x22\x65\
\x76\x65\x6e\x6f\x64\x64\x22\x20\x64\x3d\x22\x4d\x33\x31\x2e\x31\
\x32\x30\x38\x20\x32\x32\x2e\x39\x31\x30\x38\x43\x33\x30\x2e\x39\
\x35\x30\x39\x20\x32\x32\x2e\x39\x36\x36\x35\x20\x33\x30\x2e\x37\
\x38\x39\x34\x20\x32\x33\x2e\x30\x31\x37\x38\x20\x33\x30\x2e\x36\
\x33\x39\x32\x20\x32\x33\x2e\x30\x36\x33\x31\x43\x33\x30\x2e\x35\
\x30\x30\x32\x20\x32\x33\x2e\x31\x30\x35\x20\x33\x30\x2e\x33\x36\
\x32\x37\x20\x32\x33\x2e\x31\x35\x31\x20\x33\x30\x2e\x32\x32\x33\
\x32\x20\x32\x33\x2e\x32\x30\x30\x37\x4c\x33\x30\x2e\x33\x31\x30\
\x33\x20\x32\x33\x2e\x34\x36\x32\x36\x4c\x33\x30\x2e\x33\x31\x31\
\x31\x20\x32\x33\x2e\x34\x36\x34\x36\x4c\x33\x30\x2e\x33\x31\x31\
\x38\x20\x32\x33\x2e\x34\x36\x36\x37\x4c\x33\x31\x2e\x30\x35\x31\
\x31\x20\x32\x35\x2e\x32\x31\x33\x39\x4c\x33\x31\x2e\x38\x36\x33\
\x20\x32\x37\x2e\x35\x34\x4c\x33\x31\x2e\x38\x36\x33\x35\x20\x32\
\x37\x2e\x35\x34\x31\x35\x4c\x33\x31\x2e\x38\x36\x34\x33\x20\x32\
\x37\x2e\x35\x34\x33\x4c\x33\x32\x2e\x32\x35\x36\x39\x20\x32\x38\
\x2e\x34\x38\x38\x32\x4c\x33\x32\x2e\x33\x35\x36\x33\x20\x32\x38\
\x2e\x30\x35\x32\x37\x4c\x33\x33\x2e\x34\x33\x32\x31\x20\x32\x39\
\x2e\x30\x35\x33\x33\x4c\x33\x33\x2e\x34\x33\x32\x33\x20\x32\x39\
\x2e\x30\x35\x33\x32\x4c\x33\x35\x2e\x34\x32\x37\x39\x20\x33\x30\
\x2e\x39\x32\x39\x35\x4c\x33\x35\x2e\x34\x33\x30\x38\x20\x33\x30\
\x2e\x39\x33\x32\x33\x4c\x33\x35\x2e\x34\x33\x34\x20\x33\x30\x2e\
\x39\x33\x34\x38\x4c\x33\x36\x2e\x34\x36\x36\x33\x20\x33\x31\x2e\
\x37\x30\x39\x33\x4c\x33\x37\x2e\x34\x31\x38\x36\x20\x33\x32\x2e\
\x36\x30\x36\x38\x4c\x33\x37\x2e\x38\x35\x38\x31\x20\x33\x33\x2e\
\x32\x34\x38\x32\x4c\x33\x37\x2e\x38\x36\x30\x34\x20\x33\x33\x2e\
\x32\x35\x31\x35\x4c\x33\x37\x2e\x38\x36\x33\x20\x33\x33\x2e\x32\
\x35\x34\x36\x4c\x33\x38\x2e\x33\x38\x30\x35\x20\x33\x33\x2e\x38\
\x33\x36\x39\x4c\x33\x38\x2e\x33\x38\x35\x39\x20\x33\x33\x2e\x38\
\x34\x33\x31\x4c\x33\x38\x2e\x33\x39\x33\x20\x33\x33\x2e\x38\x34\
\x38\x31\x4c\x33\x38\x2e\x38\x38\x32\x39\x20\x33\x34\x2e\x31\x39\
\x31\x31\x56\x33\x34\x2e\x32\x39\x36\x35\x43\x33\x36\x2e\x31\x38\
\x31\x32\x20\x33\x33\x2e\x36\x38\x35\x20\x33\x32\x2e\x31\x31\x32\
\x33\x20\x33\x32\x2e\x39\x32\x35\x35\x20\x32\x38\x2e\x35\x35\x36\
\x32\x20\x33\x32\x2e\x36\x30\x37\x43\x32\x36\x2e\x37\x35\x36\x36\
\x20\x33\x32\x2e\x34\x34\x35\x38\x20\x32\x35\x2e\x30\x38\x33\x36\
\x20\x33\x32\x2e\x33\x39\x37\x31\x20\x32\x33\x2e\x37\x38\x34\x20\
\x33\x32\x2e\x35\x33\x39\x31\x43\x32\x33\x2e\x31\x33\x34\x33\x20\
\x33\x32\x2e\x36\x31\x30\x31\x20\x32\x32\x2e\x35\x37\x33\x36\x20\
\x33\x32\x2e\x37\x32\x39\x31\x20\x32\x32\x2e\x31\x33\x35\x39\x20\
\x33\x32\x2e\x39\x30\x38\x43\x32\x31\x2e\x36\x39\x39\x34\x20\x33\
\x33\x2e\x30\x38\x36\x35\x20\x32\x31\x2e\x33\x38\x30\x34\x20\x33\
\x33\x2e\x33\x32\x36\x37\x20\x32\x31\x2e\x32\x32\x32\x36\x20\x33\
\x33\x2e\x36\x34\x31\x36\x43\x32\x31\x2e\x31\x30\x35\x33\x20\x33\
\x33\x2e\x38\x31\x39\x32\x20\x32\x31\x2e\x30\x39\x36\x38\x20\x33\
\x34\x2e\x30\x34\x38\x34\x20\x32\x31\x2e\x32\x36\x35\x36\x20\x33\
\x34\x2e\x32\x39\x37\x36\x43\x32\x31\x2e\x34\x33\x33\x38\x20\x33\
\x34\x2e\x35\x34\x35\x38\x20\x32\x31\x2e\x37\x37\x36\x39\x20\x33\
\x34\x2e\x38\x31\x33\x36\x20\x32\x32\x2e\x33\x36\x32\x33\x20\x33\
\x35\x2e\x30\x38\x30\x31\x43\x32\x33\x2e\x35\x33\x33\x35\x20\x33\
\x35\x2e\x36\x31\x33\x31\x20\x32\x35\x2e\x37\x30\x32\x31\x20\x33\
\x36\x2e\x31\x35\x33\x36\x20\x32\x39\x2e\x34\x39\x30\x32\x20\x33\
\x36\x2e\x35\x31\x36\x33\x4c\x32\x39\x2e\x34\x39\x33\x33\x20\x33\
\x36\x2e\x35\x31\x36\x35\x4c\x32\x39\x2e\x34\x39\x36\x34\x20\x33\
\x36\x2e\x35\x31\x36\x37\x43\x33\x30\x2e\x38\x37\x38\x39\x20\x33\
\x36\x2e\x35\x35\x39\x39\x20\x33\x32\x2e\x39\x33\x35\x38\x20\x33\
\x36\x2e\x35\x33\x37\x32\x20\x33\x34\x2e\x36\x31\x32\x31\x20\x33\
\x36\x2e\x33\x32\x38\x32\x43\x33\x35\x2e\x34\x34\x39\x31\x20\x33\
\x36\x2e\x32\x32\x33\x39\x20\x33\x36\x2e\x31\x39\x38\x34\x20\x33\
\x36\x2e\x30\x37\x32\x33\x20\x33\x36\x2e\x37\x32\x31\x39\x20\x33\
\x35\x2e\x38\x35\x35\x38\x43\x33\x36\x2e\x39\x38\x33\x37\x20\x33\
\x35\x2e\x37\x34\x37\x35\x20\x33\x37\x2e\x31\x39\x34\x37\x20\x33\
\x35\x2e\x36\x32\x30\x36\x20\x33\x37\x2e\x33\x33\x30\x38\x20\x33\
\x35\x2e\x34\x37\x31\x31\x43\x33\x37\x2e\x34\x35\x36\x37\x20\x33\
\x35\x2e\x33\x33\x32\x37\x20\x33\x37\x2e\x35\x31\x37\x20\x33\x35\
\x2e\x31\x37\x36\x32\x20\x33\x37\x2e\x34\x39\x35\x34\x20\x33\x35\
\x2e\x30\x30\x32\x36\x43\x33\x37\x2e\x37\x31\x33\x32\x20\x33\x34\
\x2e\x39\x32\x31\x35\x20\x33\x38\x2e\x30\x32\x36\x20\x33\x34\x2e\
\x38\x32\x36\x20\x33\x38\x2e\x33\x31\x34\x38\x20\x33\x34\x2e\x37\
\x38\x31\x34\x43\x33\x38\x2e\x34\x37\x31\x35\x20\x33\x34\x2e\x37\
\x35\x37\x32\x20\x33\x38\x2e\x36\x31\x36\x20\x33\x34\x2e\x37\x34\
\x38\x37\x20\x33\x38\x2e\x37\x33\x32\x34\x20\x33\x34\x2e\x37\x36\
\x33\x31\x43\x33\x38\x2e\x38\x34\x20\x33\x34\x2e\x37\x37\x36\x34\
\x20\x33\x38\x2e\x39\x31\x34\x33\x20\x33\x34\x2e\x38\x30\x37\x39\
\x20\x33\x38\x2e\x39\x35\x38\x34\x20\x33\x34\x2e\x38\x35\x36\x35\
\x43\x33\x38\x2e\x39\x37\x33\x34\x20\x33\x35\x2e\x31\x30\x38\x39\
\x20\x33\x39\x2e\x30\x34\x31\x32\x20\x33\x35\x2e\x34\x37\x35\x31\
\x20\x33\x39\x2e\x32\x30\x31\x37\x20\x33\x35\x2e\x37\x37\x37\x33\
\x43\x33\x39\x2e\x32\x30\x36\x36\x20\x33\x35\x2e\x37\x38\x36\x36\
\x20\x33\x39\x2e\x32\x31\x32\x20\x33\x35\x2e\x37\x39\x35\x37\x20\
\x33\x39\x2e\x32\x31\x37\x31\x20\x33\x35\x2e\x38\x30\x34\x39\x48\
\x33\x39\x2e\x31\x36\x35\x31\x4c\x33\x39\x2e\x31\x34\x38\x36\x20\
\x33\x35\x2e\x38\x31\x31\x36\x43\x33\x38\x2e\x38\x32\x37\x34\x20\
\x33\x35\x2e\x39\x34\x31\x33\x20\x33\x38\x2e\x33\x33\x34\x34\x20\
\x33\x36\x2e\x31\x34\x39\x20\x33\x37\x2e\x38\x39\x39\x31\x20\x33\
\x36\x2e\x33\x35\x30\x33\x43\x33\x37\x2e\x36\x38\x31\x36\x20\x33\
\x36\x2e\x34\x35\x31\x20\x33\x37\x2e\x34\x37\x37\x34\x20\x33\x36\
\x2e\x35\x35\x30\x35\x20\x33\x37\x2e\x33\x31\x35\x39\x20\x33\x36\
\x2e\x36\x33\x38\x33\x43\x33\x37\x2e\x32\x33\x35\x32\x20\x33\x36\
\x2e\x36\x38\x32\x31\x20\x33\x37\x2e\x31\x36\x34\x31\x20\x33\x36\
\x2e\x37\x32\x33\x36\x20\x33\x37\x2e\x31\x30\x37\x31\x20\x33\x36\
\x2e\x37\x36\x31\x32\x43\x33\x37\x2e\x30\x35\x31\x34\x20\x33\x36\
\x2e\x37\x39\x37\x39\x20\x33\x37\x2e\x30\x30\x34\x31\x20\x33\x36\
\x2e\x38\x33\x34\x31\x20\x33\x36\x2e\x39\x37\x35\x32\x20\x33\x36\
\x2e\x38\x36\x37\x38\x43\x33\x36\x2e\x39\x35\x39\x39\x20\x33\x36\
\x2e\x38\x38\x35\x37\x20\x33\x36\x2e\x39\x32\x32\x38\x20\x33\x36\
\x2e\x39\x31\x35\x38\x20\x33\x36\x2e\x38\x36\x30\x32\x20\x33\x36\
\x2e\x39\x35\x37\x36\x43\x33\x36\x2e\x37\x39\x39\x34\x20\x33\x36\
\x2e\x39\x39\x38\x32\x20\x33\x36\x2e\x37\x32\x30\x31\x20\x33\x37\
\x2e\x30\x34\x36\x33\x20\x33\x36\x2e\x36\x32\x36\x32\x20\x33\x37\
\x2e\x31\x30\x30\x31\x43\x33\x36\x2e\x34\x33\x38\x37\x20\x33\x37\
\x2e\x32\x30\x37\x35\x20\x33\x36\x2e\x31\x39\x36\x31\x20\x33\x37\
\x2e\x33\x33\x35\x39\x20\x33\x35\x2e\x39\x33\x33\x35\x20\x33\x37\
\x2e\x34\x36\x39\x36\x43\x33\x35\x2e\x35\x33\x39\x38\x20\x33\x37\
\x2e\x36\x37\x30\x32\x20\x33\x35\x2e\x31\x30\x33\x20\x33\x37\x2e\
\x38\x38\x32\x20\x33\x34\x2e\x37\x34\x33\x32\x20\x33\x38\x2e\x30\
\x35\x32\x36\x4c\x33\x34\x2e\x34\x31\x33\x35\x20\x33\x38\x2e\x32\
\x30\x37\x36\x4c\x33\x34\x2e\x34\x31\x31\x20\x33\x38\x2e\x32\x30\
\x38\x36\x4c\x33\x34\x2e\x34\x30\x38\x37\x20\x33\x38\x2e\x32\x30\
\x39\x38\x4c\x33\x32\x2e\x32\x36\x38\x33\x20\x33\x39\x2e\x33\x37\
\x32\x37\x43\x33\x31\x2e\x38\x34\x36\x32\x20\x33\x39\x2e\x35\x34\
\x36\x35\x20\x33\x30\x2e\x39\x34\x33\x31\x20\x33\x39\x2e\x39\x31\
\x33\x39\x20\x33\x30\x2e\x36\x35\x31\x32\x20\x34\x30\x2e\x30\x31\
\x36\x31\x43\x33\x30\x2e\x34\x32\x35\x34\x20\x34\x30\x2e\x30\x39\
\x35\x32\x20\x33\x30\x2e\x30\x37\x35\x34\x20\x34\x30\x2e\x32\x35\
\x32\x31\x20\x32\x39\x2e\x38\x32\x31\x31\x20\x34\x30\x2e\x33\x37\
\x31\x4c\x32\x39\x2e\x36\x30\x36\x39\x20\x34\x30\x2e\x34\x37\x33\
\x4c\x32\x39\x2e\x35\x39\x37\x32\x20\x34\x30\x2e\x34\x37\x37\x37\
\x4c\x32\x39\x2e\x35\x38\x39\x37\x20\x34\x30\x2e\x34\x38\x34\x34\
\x43\x32\x39\x2e\x35\x32\x35\x36\x20\x34\x30\x2e\x35\x34\x30\x35\
\x20\x32\x39\x2e\x34\x33\x30\x31\x20\x34\x30\x2e\x36\x33\x34\x20\
\x32\x39\x2e\x33\x35\x30\x32\x20\x34\x30\x2e\x37\x33\x34\x32\x43\
\x32\x39\x2e\x33\x31\x30\x32\x20\x34\x30\x2e\x37\x38\x34\x34\x20\
\x32\x39\x2e\x32\x37\x33\x20\x34\x30\x2e\x38\x33\x37\x35\x20\x32\
\x39\x2e\x32\x34\x35\x36\x20\x34\x30\x2e\x38\x38\x39\x33\x43\x32\
\x39\x2e\x32\x31\x38\x37\x20\x34\x30\x2e\x39\x34\x30\x33\x20\x32\
\x39\x2e\x31\x39\x38\x37\x20\x34\x30\x2e\x39\x39\x34\x38\x20\x32\
\x39\x2e\x31\x39\x38\x37\x20\x34\x31\x2e\x30\x34\x36\x33\x43\x32\
\x39\x2e\x31\x39\x38\x37\x20\x34\x31\x2e\x31\x33\x33\x34\x20\x32\
\x39\x2e\x32\x32\x35\x39\x20\x34\x31\x2e\x32\x33\x32\x33\x20\x32\
\x39\x2e\x32\x35\x37\x35\x20\x34\x31\x2e\x33\x31\x37\x35\x43\x32\
\x39\x2e\x32\x38\x39\x34\x20\x34\x31\x2e\x34\x30\x33\x36\x20\x32\
\x39\x2e\x33\x32\x37\x39\x20\x34\x31\x2e\x34\x38\x30\x39\x20\x32\
\x39\x2e\x33\x35\x34\x20\x34\x31\x2e\x35\x32\x36\x37\x43\x32\x39\
\x2e\x33\x36\x30\x37\x20\x34\x31\x2e\x35\x33\x38\x34\x20\x32\x39\
\x2e\x33\x37\x31\x33\x20\x34\x31\x2e\x35\x36\x38\x33\x20\x32\x39\
\x2e\x33\x37\x37\x39\x20\x34\x31\x2e\x36\x32\x32\x32\x43\x32\x39\
\x2e\x33\x38\x34\x34\x20\x34\x31\x2e\x36\x37\x34\x37\x20\x32\x39\
\x2e\x33\x38\x36\x35\x20\x34\x31\x2e\x37\x34\x36\x32\x20\x32\x39\
\x2e\x33\x37\x39\x39\x20\x34\x31\x2e\x38\x33\x38\x35\x43\x32\x39\
\x2e\x33\x36\x36\x38\x20\x34\x32\x2e\x30\x32\x33\x20\x32\x39\x2e\
\x33\x31\x38\x36\x20\x34\x32\x2e\x32\x38\x38\x32\x20\x32\x39\x2e\
\x32\x30\x31\x34\x20\x34\x32\x2e\x36\x34\x37\x33\x43\x32\x39\x2e\
\x30\x38\x34\x34\x20\x34\x33\x2e\x30\x30\x35\x37\x20\x32\x38\x2e\
\x38\x34\x37\x31\x20\x34\x33\x2e\x34\x36\x38\x37\x20\x32\x38\x2e\
\x35\x38\x38\x32\x20\x34\x34\x2e\x30\x33\x37\x36\x43\x32\x38\x2e\
\x35\x33\x39\x37\x20\x34\x34\x2e\x31\x34\x34\x31\x20\x32\x38\x2e\
\x34\x39\x31\x31\x20\x34\x34\x2e\x32\x35\x34\x33\x20\x32\x38\x2e\
\x34\x34\x32\x20\x34\x34\x2e\x33\x36\x37\x37\x43\x32\x38\x2e\x36\
\x39\x39\x37\x20\x34\x34\x2e\x33\x39\x30\x37\x20\x32\x38\x2e\x39\
\x37\x39\x38\x20\x34\x34\x2e\x34\x31\x30\x36\x20\x32\x39\x2e\x32\
\x36\x39\x31\x20\x34\x34\x2e\x34\x32\x36\x37\x4c\x33\x30\x2e\x30\
\x31\x37\x39\x20\x34\x32\x2e\x32\x39\x36\x34\x4c\x33\x30\x2e\x33\
\x37\x39\x31\x20\x34\x31\x2e\x35\x33\x37\x37\x4c\x33\x31\x2e\x34\
\x36\x39\x32\x20\x34\x30\x2e\x37\x37\x34\x34\x4c\x33\x39\x2e\x34\
\x37\x31\x37\x20\x33\x36\x2e\x31\x32\x35\x31\x43\x33\x39\x2e\x36\
\x30\x38\x20\x33\x36\x2e\x32\x34\x31\x37\x20\x33\x39\x2e\x37\x37\
\x38\x39\x20\x33\x36\x2e\x33\x31\x39\x36\x20\x33\x39\x2e\x39\x39\
\x31\x37\x20\x33\x36\x2e\x33\x32\x34\x32\x56\x33\x36\x2e\x33\x35\
\x34\x31\x43\x34\x30\x2e\x33\x38\x37\x33\x20\x33\x36\x2e\x33\x38\
\x34\x31\x20\x34\x30\x2e\x39\x37\x38\x31\x20\x33\x36\x2e\x33\x36\
\x35\x32\x20\x34\x31\x2e\x31\x32\x34\x34\x20\x33\x36\x2e\x33\x35\
\x30\x39\x43\x34\x31\x2e\x32\x32\x33\x38\x20\x33\x36\x2e\x33\x33\
\x32\x34\x20\x34\x31\x2e\x33\x33\x37\x34\x20\x33\x36\x2e\x33\x31\
\x32\x20\x34\x31\x2e\x34\x34\x34\x31\x20\x33\x36\x2e\x32\x39\x38\
\x39\x43\x34\x31\x2e\x35\x30\x33\x34\x20\x33\x36\x2e\x32\x39\x31\
\x36\x20\x34\x31\x2e\x35\x36\x36\x39\x20\x33\x36\x2e\x32\x38\x35\
\x37\x20\x34\x31\x2e\x36\x32\x38\x32\x20\x33\x36\x2e\x32\x38\x34\
\x36\x56\x33\x30\x2e\x38\x36\x39\x34\x43\x34\x31\x2e\x35\x39\x39\
\x37\x20\x33\x30\x2e\x38\x38\x32\x39\x20\x34\x31\x2e\x35\x36\x36\
\x20\x33\x30\x2e\x38\x38\x39\x35\x20\x34\x31\x2e\x35\x33\x30\x39\
\x20\x33\x30\x2e\x38\x38\x36\x31\x43\x34\x31\x2e\x32\x30\x31\x33\
\x20\x33\x30\x2e\x38\x35\x34\x35\x20\x34\x30\x2e\x38\x36\x30\x33\
\x20\x33\x30\x2e\x38\x34\x33\x38\x20\x34\x30\x2e\x35\x38\x31\x36\
\x20\x33\x30\x2e\x38\x34\x36\x34\x43\x34\x30\x2e\x34\x34\x32\x33\
\x20\x33\x30\x2e\x38\x34\x37\x37\x20\x34\x30\x2e\x33\x31\x39\x39\
\x20\x33\x30\x2e\x38\x35\x32\x33\x20\x34\x30\x2e\x32\x32\x33\x35\
\x20\x33\x30\x2e\x38\x35\x39\x31\x43\x34\x30\x2e\x31\x32\x32\x37\
\x20\x33\x30\x2e\x38\x36\x36\x31\x20\x34\x30\x2e\x30\x36\x32\x33\
\x20\x33\x30\x2e\x38\x37\x34\x38\x20\x34\x30\x2e\x30\x33\x38\x39\
\x20\x33\x30\x2e\x38\x38\x30\x38\x43\x33\x39\x2e\x39\x32\x39\x20\
\x33\x30\x2e\x39\x30\x39\x33\x20\x33\x39\x2e\x38\x33\x30\x31\x20\
\x33\x30\x2e\x39\x34\x33\x32\x20\x33\x39\x2e\x37\x32\x31\x31\x20\
\x33\x30\x2e\x39\x38\x31\x35\x43\x33\x39\x2e\x37\x32\x39\x35\x20\
\x33\x30\x2e\x39\x39\x33\x32\x20\x33\x39\x2e\x37\x33\x37\x39\x20\
\x33\x31\x2e\x30\x30\x35\x31\x20\x33\x39\x2e\x37\x34\x36\x37\x20\
\x33\x31\x2e\x30\x31\x36\x39\x43\x33\x39\x2e\x32\x39\x31\x33\x20\
\x33\x31\x2e\x33\x35\x33\x32\x20\x33\x38\x2e\x39\x31\x34\x20\x33\
\x31\x2e\x38\x37\x31\x37\x20\x33\x38\x2e\x38\x38\x32\x39\x20\x33\
\x32\x2e\x36\x33\x32\x56\x33\x32\x2e\x37\x39\x33\x39\x4c\x33\x38\
\x2e\x38\x37\x31\x37\x20\x33\x32\x2e\x37\x38\x34\x43\x33\x38\x2e\
\x38\x30\x31\x31\x20\x33\x32\x2e\x37\x32\x32\x33\x20\x33\x37\x2e\
\x34\x37\x30\x32\x20\x33\x31\x2e\x38\x31\x36\x34\x20\x33\x35\x2e\
\x39\x39\x32\x31\x20\x33\x30\x2e\x33\x32\x38\x35\x4c\x33\x35\x2e\
\x39\x38\x37\x34\x20\x33\x30\x2e\x33\x32\x33\x37\x4c\x33\x34\x2e\
\x39\x35\x30\x31\x20\x32\x39\x2e\x36\x31\x30\x33\x4c\x33\x32\x2e\
\x38\x31\x31\x39\x20\x32\x37\x2e\x37\x33\x38\x35\x4c\x33\x32\x2e\
\x33\x38\x30\x39\x20\x32\x37\x2e\x32\x39\x38\x36\x4c\x33\x32\x2e\
\x31\x36\x33\x33\x20\x32\x36\x2e\x36\x30\x30\x32\x4c\x33\x31\x2e\
\x37\x32\x30\x37\x20\x32\x35\x2e\x31\x31\x35\x32\x4c\x33\x31\x2e\
\x32\x37\x36\x31\x20\x32\x33\x2e\x32\x39\x39\x35\x4c\x33\x31\x2e\
\x32\x37\x34\x37\x20\x32\x33\x2e\x32\x39\x36\x4c\x33\x31\x2e\x31\
\x32\x30\x38\x20\x32\x32\x2e\x39\x31\x30\x38\x5a\x4d\x32\x33\x2e\
\x32\x37\x31\x32\x20\x33\x32\x2e\x39\x32\x36\x32\x43\x32\x33\x2e\
\x33\x35\x37\x38\x20\x33\x32\x2e\x39\x31\x37\x39\x20\x32\x33\x2e\
\x34\x33\x36\x34\x20\x33\x32\x2e\x39\x36\x38\x36\x20\x32\x33\x2e\
\x34\x34\x36\x36\x20\x33\x33\x2e\x30\x33\x39\x36\x43\x32\x33\x2e\
\x34\x35\x36\x38\x20\x33\x33\x2e\x31\x31\x30\x36\x20\x32\x33\x2e\
\x33\x39\x34\x37\x20\x33\x33\x2e\x31\x37\x34\x39\x20\x32\x33\x2e\
\x33\x30\x38\x31\x20\x33\x33\x2e\x31\x38\x33\x33\x43\x32\x33\x2e\
\x32\x37\x34\x32\x20\x33\x33\x2e\x31\x38\x36\x36\x20\x32\x33\x2e\
\x32\x31\x39\x36\x20\x33\x33\x2e\x31\x39\x39\x39\x20\x32\x33\x2e\
\x31\x34\x33\x36\x20\x33\x33\x2e\x32\x32\x33\x39\x43\x32\x33\x2e\
\x30\x36\x38\x39\x20\x33\x33\x2e\x32\x34\x37\x34\x20\x32\x32\x2e\
\x39\x39\x31\x34\x20\x33\x33\x2e\x32\x37\x35\x32\x20\x32\x32\x2e\
\x39\x30\x36\x38\x20\x33\x33\x2e\x33\x30\x33\x37\x43\x32\x32\x2e\
\x37\x34\x34\x34\x20\x33\x33\x2e\x33\x35\x38\x36\x20\x32\x32\x2e\
\x35\x33\x38\x36\x20\x33\x33\x2e\x34\x37\x39\x31\x20\x32\x32\x2e\
\x34\x30\x32\x39\x20\x33\x33\x2e\x35\x37\x37\x33\x43\x32\x32\x2e\
\x33\x35\x36\x20\x33\x33\x2e\x36\x31\x31\x33\x20\x32\x32\x2e\x33\
\x31\x30\x33\x20\x33\x33\x2e\x36\x36\x38\x34\x20\x32\x32\x2e\x32\
\x36\x36\x37\x20\x33\x33\x2e\x37\x34\x39\x37\x43\x32\x32\x2e\x32\
\x32\x33\x38\x20\x33\x33\x2e\x38\x32\x39\x38\x20\x32\x32\x2e\x31\
\x38\x38\x20\x33\x33\x2e\x39\x32\x33\x33\x20\x32\x32\x2e\x31\x35\
\x34\x33\x20\x33\x34\x2e\x30\x32\x31\x37\x43\x32\x32\x2e\x30\x38\
\x31\x31\x20\x33\x34\x2e\x32\x33\x35\x33\x20\x32\x32\x2e\x32\x34\
\x31\x33\x20\x33\x34\x2e\x33\x36\x32\x37\x20\x32\x32\x2e\x34\x33\
\x39\x20\x33\x34\x2e\x35\x34\x32\x43\x32\x32\x2e\x34\x38\x38\x35\
\x20\x33\x34\x2e\x35\x38\x37\x20\x32\x32\x2e\x35\x37\x34\x32\x20\
\x33\x34\x2e\x36\x33\x37\x36\x20\x32\x32\x2e\x37\x34\x32\x38\x20\
\x33\x34\x2e\x37\x31\x32\x35\x43\x32\x32\x2e\x39\x30\x39\x35\x20\
\x33\x34\x2e\x37\x38\x36\x36\x20\x32\x33\x2e\x31\x34\x31\x35\x20\
\x33\x34\x2e\x38\x37\x37\x39\x20\x32\x33\x2e\x34\x37\x32\x35\x20\
\x33\x35\x2e\x30\x30\x37\x38\x43\x32\x33\x2e\x36\x32\x36\x39\x20\
\x33\x35\x2e\x30\x36\x38\x34\x20\x32\x33\x2e\x37\x37\x31\x36\x20\
\x33\x35\x2e\x31\x31\x35\x35\x20\x32\x33\x2e\x39\x31\x20\x33\x35\
\x2e\x31\x35\x38\x38\x43\x32\x34\x2e\x30\x34\x36\x34\x20\x33\x35\
\x2e\x32\x30\x31\x35\x20\x32\x34\x2e\x31\x38\x31\x39\x20\x33\x35\
\x2e\x32\x34\x32\x31\x20\x32\x34\x2e\x33\x30\x37\x32\x20\x33\x35\
\x2e\x32\x38\x37\x31\x43\x32\x34\x2e\x33\x36\x32\x20\x33\x35\x2e\
\x33\x30\x36\x37\x20\x32\x34\x2e\x34\x33\x34\x20\x33\x35\x2e\x33\
\x32\x30\x38\x20\x32\x34\x2e\x35\x32\x36\x38\x20\x33\x35\x2e\x33\
\x33\x36\x43\x32\x34\x2e\x36\x31\x33\x37\x20\x33\x35\x2e\x33\x35\
\x30\x32\x20\x32\x34\x2e\x37\x32\x20\x33\x35\x2e\x33\x36\x35\x36\
\x20\x32\x34\x2e\x38\x31\x38\x33\x20\x33\x35\x2e\x33\x38\x39\x33\
\x43\x32\x34\x2e\x39\x31\x34\x20\x33\x35\x2e\x34\x31\x32\x34\x20\
\x32\x35\x2e\x30\x32\x31\x39\x20\x33\x35\x2e\x34\x33\x33\x31\x20\
\x32\x35\x2e\x31\x33\x32\x31\x20\x33\x35\x2e\x34\x35\x34\x32\x43\
\x32\x35\x2e\x32\x34\x20\x33\x35\x2e\x34\x37\x34\x37\x20\x32\x35\
\x2e\x33\x35\x31\x37\x20\x33\x35\x2e\x34\x39\x35\x39\x20\x32\x35\
\x2e\x34\x34\x36\x37\x20\x33\x35\x2e\x35\x31\x38\x37\x43\x32\x35\
\x2e\x35\x32\x38\x37\x20\x33\x35\x2e\x35\x33\x38\x35\x20\x32\x35\
\x2e\x36\x32\x31\x35\x20\x33\x35\x2e\x35\x35\x30\x39\x20\x32\x35\
\x2e\x37\x32\x39\x32\x20\x33\x35\x2e\x35\x36\x34\x32\x43\x32\x35\
\x2e\x38\x33\x33\x34\x20\x33\x35\x2e\x35\x37\x37\x32\x20\x32\x35\
\x2e\x39\x35\x31\x33\x20\x33\x35\x2e\x35\x39\x31\x20\x32\x36\x2e\
\x30\x36\x37\x37\x20\x33\x35\x2e\x36\x31\x34\x33\x43\x32\x36\x2e\
\x33\x33\x39\x35\x20\x33\x35\x2e\x36\x36\x38\x36\x20\x32\x36\x2e\
\x36\x30\x37\x31\x20\x33\x35\x2e\x37\x30\x39\x39\x20\x32\x36\x2e\
\x38\x39\x30\x31\x20\x33\x35\x2e\x37\x35\x32\x38\x43\x32\x37\x2e\
\x30\x38\x39\x20\x33\x35\x2e\x37\x38\x33\x20\x32\x37\x2e\x32\x36\
\x31\x35\x20\x33\x35\x2e\x38\x31\x36\x20\x32\x37\x2e\x34\x32\x31\
\x36\x20\x33\x35\x2e\x38\x34\x37\x31\x43\x32\x37\x2e\x35\x38\x32\
\x37\x20\x33\x35\x2e\x38\x37\x38\x33\x20\x32\x37\x2e\x37\x32\x39\
\x33\x20\x33\x35\x2e\x39\x30\x37\x32\x20\x32\x37\x2e\x38\x38\x32\
\x36\x20\x33\x35\x2e\x39\x33\x31\x43\x32\x37\x2e\x39\x39\x37\x31\
\x20\x33\x35\x2e\x39\x34\x38\x38\x20\x32\x38\x2e\x31\x30\x30\x37\
\x20\x33\x35\x2e\x39\x35\x33\x20\x32\x38\x2e\x32\x39\x38\x38\x20\
\x33\x35\x2e\x39\x35\x34\x43\x32\x38\x2e\x34\x39\x36\x20\x33\x35\
\x2e\x39\x35\x35\x20\x32\x38\x2e\x37\x38\x31\x38\x20\x33\x35\x2e\
\x39\x35\x33\x31\x20\x32\x39\x2e\x32\x34\x37\x32\x20\x33\x35\x2e\
\x39\x36\x31\x32\x43\x33\x30\x2e\x31\x33\x34\x38\x20\x33\x35\x2e\
\x39\x37\x36\x37\x20\x33\x31\x2e\x38\x37\x36\x38\x20\x33\x35\x2e\
\x39\x36\x36\x36\x20\x33\x32\x2e\x38\x34\x37\x36\x20\x33\x35\x2e\
\x39\x35\x30\x36\x43\x33\x33\x2e\x34\x30\x33\x37\x20\x33\x35\x2e\
\x39\x34\x31\x34\x20\x33\x33\x2e\x37\x32\x39\x37\x20\x33\x35\x2e\
\x39\x31\x38\x38\x20\x33\x33\x2e\x39\x33\x31\x31\x20\x33\x35\x2e\
\x38\x39\x36\x34\x43\x33\x34\x2e\x31\x33\x37\x20\x33\x35\x2e\x38\
\x37\x33\x35\x20\x33\x34\x2e\x31\x39\x39\x33\x20\x33\x35\x2e\x38\
\x35\x33\x35\x20\x33\x34\x2e\x32\x38\x35\x37\x20\x33\x35\x2e\x38\
\x33\x39\x38\x43\x33\x34\x2e\x36\x31\x36\x39\x20\x33\x35\x2e\x37\
\x38\x37\x20\x33\x34\x2e\x38\x35\x38\x36\x20\x33\x35\x2e\x37\x34\
\x33\x35\x20\x33\x35\x2e\x31\x31\x31\x31\x20\x33\x35\x2e\x36\x38\
\x35\x38\x43\x33\x35\x2e\x33\x35\x36\x38\x20\x33\x35\x2e\x36\x32\
\x39\x37\x20\x33\x35\x2e\x34\x39\x38\x38\x20\x33\x35\x2e\x35\x37\
\x38\x33\x20\x33\x35\x2e\x36\x34\x34\x31\x20\x33\x35\x2e\x35\x32\
\x35\x31\x43\x33\x35\x2e\x37\x37\x34\x34\x20\x33\x35\x2e\x34\x37\
\x37\x34\x20\x33\x35\x2e\x39\x31\x34\x35\x20\x33\x35\x2e\x34\x30\
\x37\x32\x20\x33\x36\x2e\x30\x35\x33\x32\x20\x33\x35\x2e\x33\x31\
\x36\x43\x33\x36\x2e\x31\x31\x39\x32\x20\x33\x35\x2e\x32\x37\x32\
\x36\x20\x33\x36\x2e\x32\x31\x32\x32\x20\x33\x35\x2e\x31\x38\x34\
\x38\x20\x33\x36\x2e\x33\x32\x38\x35\x20\x33\x35\x2e\x30\x37\x34\
\x34\x43\x33\x36\x2e\x34\x33\x37\x38\x20\x33\x34\x2e\x39\x37\x30\
\x34\x20\x33\x36\x2e\x35\x36\x33\x37\x20\x33\x34\x2e\x38\x35\x30\
\x35\x20\x33\x36\x2e\x36\x38\x31\x38\x20\x33\x34\x2e\x37\x36\x34\
\x37\x43\x33\x36\x2e\x38\x37\x33\x36\x20\x33\x34\x2e\x36\x32\x35\
\x33\x20\x33\x37\x2e\x30\x38\x31\x35\x20\x33\x34\x2e\x35\x38\x36\
\x38\x20\x33\x37\x2e\x32\x35\x31\x33\x20\x33\x34\x2e\x35\x33\x31\
\x4c\x33\x37\x2e\x32\x36\x33\x34\x20\x33\x34\x2e\x35\x32\x37\x4c\
\x33\x37\x2e\x32\x37\x36\x34\x20\x33\x34\x2e\x35\x32\x34\x36\x4c\
\x33\x37\x2e\x33\x30\x38\x20\x33\x34\x2e\x35\x31\x39\x38\x43\x33\
\x37\x2e\x33\x33\x39\x34\x20\x33\x34\x2e\x35\x31\x35\x36\x20\x33\
\x37\x2e\x33\x37\x20\x33\x34\x2e\x35\x31\x33\x34\x20\x33\x37\x2e\
\x33\x39\x35\x37\x20\x33\x34\x2e\x35\x31\x31\x38\x43\x33\x37\x2e\
\x34\x33\x34\x36\x20\x33\x34\x2e\x35\x30\x39\x34\x20\x33\x37\x2e\
\x34\x35\x38\x38\x20\x33\x34\x2e\x35\x30\x38\x35\x20\x33\x37\x2e\
\x34\x38\x32\x36\x20\x33\x34\x2e\x35\x30\x36\x33\x43\x33\x37\x2e\
\x35\x31\x39\x38\x20\x33\x34\x2e\x35\x30\x32\x37\x20\x33\x37\x2e\
\x35\x34\x32\x33\x20\x33\x34\x2e\x34\x39\x36\x33\x20\x33\x37\x2e\
\x35\x37\x38\x32\x20\x33\x34\x2e\x34\x38\x35\x38\x43\x33\x37\x2e\
\x36\x36\x30\x33\x20\x33\x34\x2e\x34\x36\x31\x38\x20\x33\x37\x2e\
\x37\x35\x30\x36\x20\x33\x34\x2e\x34\x39\x37\x31\x20\x33\x37\x2e\
\x37\x37\x39\x39\x20\x33\x34\x2e\x35\x36\x34\x34\x43\x33\x37\x2e\
\x38\x30\x39\x31\x20\x33\x34\x2e\x36\x33\x31\x37\x20\x33\x37\x2e\
\x37\x36\x36\x33\x20\x33\x34\x2e\x37\x30\x35\x38\x20\x33\x37\x2e\
\x36\x38\x34\x31\x20\x33\x34\x2e\x37\x32\x39\x37\x43\x33\x37\x2e\
\x36\x34\x34\x36\x20\x33\x34\x2e\x37\x34\x31\x33\x20\x33\x37\x2e\
\x35\x39\x33\x39\x20\x33\x34\x2e\x37\x35\x36\x32\x20\x33\x37\x2e\
\x35\x31\x39\x31\x20\x33\x34\x2e\x37\x36\x33\x33\x43\x33\x37\x2e\
\x34\x38\x37\x20\x33\x34\x2e\x37\x36\x36\x34\x20\x33\x37\x2e\x34\
\x34\x36\x36\x20\x33\x34\x2e\x37\x36\x38\x32\x20\x33\x37\x2e\x34\
\x31\x39\x35\x20\x33\x34\x2e\x37\x36\x39\x39\x43\x33\x37\x2e\x33\
\x39\x32\x35\x20\x33\x34\x2e\x37\x37\x31\x36\x20\x33\x37\x2e\x33\
\x37\x30\x36\x20\x33\x34\x2e\x37\x37\x33\x37\x20\x33\x37\x2e\x33\
\x35\x32\x36\x20\x33\x34\x2e\x37\x37\x36\x34\x43\x33\x37\x2e\x31\
\x33\x38\x37\x20\x33\x34\x2e\x38\x34\x35\x35\x20\x33\x37\x2e\x30\
\x32\x35\x33\x20\x33\x34\x2e\x38\x36\x30\x39\x20\x33\x36\x2e\x38\
\x39\x31\x33\x20\x33\x34\x2e\x39\x35\x38\x34\x43\x33\x36\x2e\x37\
\x39\x32\x34\x20\x33\x35\x2e\x30\x33\x30\x33\x20\x33\x36\x2e\x36\
\x38\x31\x32\x20\x33\x35\x2e\x31\x33\x35\x34\x20\x33\x36\x2e\x35\
\x36\x37\x36\x20\x33\x35\x2e\x32\x34\x33\x33\x43\x33\x36\x2e\x34\
\x36\x31\x20\x33\x35\x2e\x33\x34\x34\x37\x20\x33\x36\x2e\x33\x34\
\x35\x32\x20\x33\x35\x2e\x34\x35\x35\x38\x20\x33\x36\x2e\x32\x35\
\x30\x39\x20\x33\x35\x2e\x35\x31\x37\x39\x43\x33\x36\x2e\x30\x39\
\x33\x35\x20\x33\x35\x2e\x36\x32\x31\x34\x20\x33\x35\x2e\x39\x33\
\x30\x36\x20\x33\x35\x2e\x37\x30\x33\x37\x20\x33\x35\x2e\x37\x37\
\x33\x20\x33\x35\x2e\x37\x36\x31\x34\x43\x33\x35\x2e\x36\x32\x32\
\x33\x20\x33\x35\x2e\x38\x31\x36\x36\x20\x33\x35\x2e\x34\x36\x33\
\x38\x20\x33\x35\x2e\x38\x37\x34\x20\x33\x35\x2e\x31\x39\x35\x39\
\x20\x33\x35\x2e\x39\x33\x35\x32\x43\x33\x34\x2e\x39\x33\x31\x38\
\x20\x33\x35\x2e\x39\x39\x35\x35\x20\x33\x34\x2e\x36\x38\x30\x37\
\x20\x33\x36\x2e\x30\x34\x30\x35\x20\x33\x34\x2e\x33\x34\x35\x39\
\x20\x33\x36\x2e\x30\x39\x33\x38\x43\x33\x34\x2e\x32\x39\x37\x32\
\x20\x33\x36\x2e\x31\x30\x31\x36\x20\x33\x34\x2e\x31\x38\x36\x36\
\x20\x33\x36\x2e\x31\x32\x39\x31\x20\x33\x33\x2e\x39\x37\x33\x37\
\x20\x33\x36\x2e\x31\x35\x32\x38\x43\x33\x33\x2e\x37\x35\x36\x32\
\x20\x33\x36\x2e\x31\x37\x37\x20\x33\x33\x2e\x34\x31\x37\x31\x20\
\x33\x36\x2e\x32\x30\x30\x31\x20\x33\x32\x2e\x38\x35\x34\x20\x33\
\x36\x2e\x32\x30\x39\x34\x43\x33\x31\x2e\x38\x38\x31\x33\x20\x33\
\x36\x2e\x32\x32\x35\x35\x20\x33\x30\x2e\x31\x33\x34\x33\x20\x33\
\x36\x2e\x32\x33\x35\x35\x20\x32\x39\x2e\x32\x34\x30\x34\x20\x33\
\x36\x2e\x32\x31\x39\x39\x43\x32\x38\x2e\x37\x37\x38\x32\x20\x33\
\x36\x2e\x32\x31\x31\x39\x20\x32\x38\x2e\x34\x39\x38\x32\x20\x33\
\x36\x2e\x32\x31\x33\x39\x20\x32\x38\x2e\x32\x39\x36\x38\x20\x33\
\x36\x2e\x32\x31\x32\x38\x43\x32\x38\x2e\x30\x39\x36\x33\x20\x33\
\x36\x2e\x32\x31\x31\x38\x20\x32\x37\x2e\x39\x36\x38\x34\x20\x33\
\x36\x2e\x32\x30\x37\x38\x20\x32\x37\x2e\x38\x32\x34\x20\x33\x36\
\x2e\x31\x38\x35\x34\x43\x32\x37\x2e\x36\x36\x32\x31\x20\x33\x36\
\x2e\x31\x36\x30\x33\x20\x32\x37\x2e\x35\x30\x37\x35\x20\x33\x36\
\x2e\x31\x32\x39\x38\x20\x32\x37\x2e\x33\x34\x38\x38\x20\x33\x36\
\x2e\x30\x39\x39\x43\x32\x37\x2e\x31\x38\x39\x33\x20\x33\x36\x2e\
\x30\x36\x38\x20\x32\x37\x2e\x30\x32\x33\x34\x20\x33\x36\x2e\x30\
\x33\x36\x33\x20\x32\x36\x2e\x38\x33\x32\x37\x20\x33\x36\x2e\x30\
\x30\x37\x33\x43\x32\x36\x2e\x35\x35\x30\x32\x20\x33\x35\x2e\x39\
\x36\x34\x35\x20\x32\x36\x2e\x32\x37\x34\x34\x20\x33\x35\x2e\x39\
\x32\x32\x31\x20\x32\x35\x2e\x39\x39\x32\x39\x20\x33\x35\x2e\x38\
\x36\x35\x38\x43\x32\x35\x2e\x38\x39\x33\x32\x20\x33\x35\x2e\x38\
\x34\x35\x39\x20\x32\x35\x2e\x37\x39\x30\x39\x20\x33\x35\x2e\x38\
\x33\x33\x37\x20\x32\x35\x2e\x36\x38\x32\x20\x33\x35\x2e\x38\x32\
\x30\x32\x43\x32\x35\x2e\x35\x37\x36\x35\x20\x33\x35\x2e\x38\x30\
\x37\x31\x20\x32\x35\x2e\x34\x36\x33\x32\x20\x33\x35\x2e\x37\x39\
\x32\x35\x20\x32\x35\x2e\x33\x35\x37\x35\x20\x33\x35\x2e\x37\x36\
\x37\x31\x43\x32\x35\x2e\x32\x37\x33\x32\x20\x33\x35\x2e\x37\x34\
\x36\x38\x20\x32\x35\x2e\x31\x37\x31\x35\x20\x33\x35\x2e\x37\x32\
\x37\x35\x20\x32\x35\x2e\x30\x36\x30\x35\x20\x33\x35\x2e\x37\x30\
\x36\x33\x43\x32\x34\x2e\x39\x35\x31\x38\x20\x33\x35\x2e\x36\x38\
\x35\x36\x20\x32\x34\x2e\x38\x33\x35\x31\x20\x33\x35\x2e\x36\x36\
\x33\x32\x20\x32\x34\x2e\x37\x32\x39\x31\x20\x33\x35\x2e\x36\x33\
\x37\x37\x43\x32\x34\x2e\x36\x34\x38\x32\x20\x33\x35\x2e\x36\x31\
\x38\x32\x20\x32\x34\x2e\x35\x36\x31\x39\x20\x33\x35\x2e\x36\x30\
\x35\x37\x20\x32\x34\x2e\x34\x36\x34\x38\x20\x33\x35\x2e\x35\x38\
\x39\x38\x43\x32\x34\x2e\x33\x37\x33\x37\x20\x33\x35\x2e\x35\x37\
\x34\x38\x20\x32\x34\x2e\x32\x37\x30\x33\x20\x33\x35\x2e\x35\x35\
\x36\x34\x20\x32\x34\x2e\x31\x38\x30\x35\x20\x33\x35\x2e\x35\x32\
\x34\x32\x43\x32\x34\x2e\x30\x36\x34\x33\x20\x33\x35\x2e\x34\x38\
\x32\x35\x20\x32\x33\x2e\x39\x34\x30\x31\x20\x33\x35\x2e\x34\x34\
\x35\x33\x20\x32\x33\x2e\x37\x39\x37\x32\x20\x33\x35\x2e\x34\x30\
\x30\x36\x43\x32\x33\x2e\x36\x35\x36\x34\x20\x33\x35\x2e\x33\x35\
\x36\x35\x20\x32\x33\x2e\x35\x30\x32\x31\x20\x33\x35\x2e\x33\x30\
\x36\x34\x20\x32\x33\x2e\x33\x33\x36\x20\x33\x35\x2e\x32\x34\x31\
\x32\x43\x32\x33\x2e\x30\x30\x38\x33\x20\x33\x35\x2e\x31\x31\x32\
\x36\x20\x32\x32\x2e\x37\x36\x37\x37\x20\x33\x35\x2e\x30\x31\x38\
\x31\x20\x32\x32\x2e\x35\x39\x32\x33\x20\x33\x34\x2e\x39\x34\x30\
\x32\x43\x32\x32\x2e\x34\x31\x38\x36\x20\x33\x34\x2e\x38\x36\x33\
\x20\x32\x32\x2e\x32\x39\x32\x32\x20\x33\x34\x2e\x37\x39\x35\x31\
\x20\x32\x32\x2e\x32\x30\x34\x36\x20\x33\x34\x2e\x37\x31\x35\x36\
\x43\x32\x32\x2e\x30\x34\x34\x38\x20\x33\x34\x2e\x35\x37\x30\x37\
\x20\x32\x31\x2e\x37\x32\x31\x20\x33\x34\x2e\x33\x32\x38\x36\x20\
\x32\x31\x2e\x38\x35\x30\x32\x20\x33\x33\x2e\x39\x35\x31\x37\x43\
\x32\x31\x2e\x38\x38\x34\x38\x20\x33\x33\x2e\x38\x35\x30\x36\x20\
\x32\x31\x2e\x39\x32\x35\x35\x20\x33\x33\x2e\x37\x34\x33\x20\x32\
\x31\x2e\x39\x37\x37\x36\x20\x33\x33\x2e\x36\x34\x35\x37\x43\x32\
\x32\x2e\x30\x32\x39\x20\x33\x33\x2e\x35\x34\x39\x38\x20\x32\x32\
\x2e\x30\x39\x37\x31\x20\x33\x33\x2e\x34\x35\x33\x33\x20\x32\x32\
\x2e\x31\x39\x33\x38\x20\x33\x33\x2e\x33\x38\x33\x33\x43\x32\x32\
\x2e\x33\x34\x31\x39\x20\x33\x33\x2e\x32\x37\x36\x31\x20\x32\x32\
\x2e\x35\x37\x38\x31\x20\x33\x33\x2e\x31\x33\x34\x37\x20\x32\x32\
\x2e\x37\x38\x36\x36\x20\x33\x33\x2e\x30\x36\x34\x34\x43\x32\x32\
\x2e\x38\x36\x32\x35\x20\x33\x33\x2e\x30\x33\x38\x37\x20\x32\x32\
\x2e\x39\x35\x31\x34\x20\x33\x33\x2e\x30\x30\x37\x31\x20\x32\x33\
\x2e\x30\x33\x30\x34\x20\x33\x32\x2e\x39\x38\x32\x32\x43\x32\x33\
\x2e\x31\x30\x37\x39\x20\x33\x32\x2e\x39\x35\x37\x38\x20\x32\x33\
\x2e\x31\x39\x34\x37\x20\x33\x32\x2e\x39\x33\x33\x36\x20\x32\x33\
\x2e\x32\x37\x31\x32\x20\x33\x32\x2e\x39\x32\x36\x32\x5a\x4d\x32\
\x33\x2e\x37\x36\x33\x20\x33\x34\x2e\x32\x36\x33\x43\x32\x33\x2e\
\x38\x32\x30\x39\x20\x33\x34\x2e\x32\x30\x39\x36\x20\x32\x33\x2e\
\x39\x32\x30\x38\x20\x33\x34\x2e\x32\x30\x34\x37\x20\x32\x33\x2e\
\x39\x38\x36\x20\x33\x34\x2e\x32\x35\x32\x31\x43\x32\x34\x2e\x30\
\x35\x35\x37\x20\x33\x34\x2e\x33\x30\x32\x38\x20\x32\x34\x2e\x30\
\x38\x31\x37\x20\x33\x34\x2e\x33\x31\x37\x31\x20\x32\x34\x2e\x31\
\x31\x36\x32\x20\x33\x34\x2e\x33\x33\x32\x31\x43\x32\x34\x2e\x31\
\x35\x38\x32\x20\x33\x34\x2e\x33\x35\x30\x35\x20\x32\x34\x2e\x32\
\x31\x33\x31\x20\x33\x34\x2e\x33\x36\x39\x37\x20\x32\x34\x2e\x32\
\x36\x30\x38\x20\x33\x34\x2e\x33\x38\x35\x33\x4c\x32\x34\x2e\x32\
\x36\x31\x39\x20\x33\x34\x2e\x33\x38\x35\x37\x43\x32\x34\x2e\x33\
\x35\x37\x38\x20\x33\x34\x2e\x34\x31\x37\x38\x20\x32\x34\x2e\x34\
\x37\x37\x39\x20\x33\x34\x2e\x34\x34\x36\x36\x20\x32\x34\x2e\x36\
\x31\x35\x35\x20\x33\x34\x2e\x34\x37\x39\x34\x43\x32\x34\x2e\x37\
\x34\x39\x34\x20\x33\x34\x2e\x35\x31\x31\x32\x20\x32\x34\x2e\x38\
\x39\x37\x36\x20\x33\x34\x2e\x35\x34\x36\x33\x20\x32\x35\x2e\x30\
\x33\x35\x32\x20\x33\x34\x2e\x35\x38\x39\x37\x43\x32\x35\x2e\x32\
\x35\x35\x34\x20\x33\x34\x2e\x36\x35\x39\x31\x20\x32\x35\x2e\x34\
\x38\x32\x34\x20\x33\x34\x2e\x37\x32\x36\x34\x20\x32\x35\x2e\x37\
\x35\x37\x39\x20\x33\x34\x2e\x37\x36\x36\x34\x43\x32\x36\x2e\x30\
\x30\x37\x37\x20\x33\x34\x2e\x38\x30\x32\x37\x20\x32\x36\x2e\x34\
\x31\x38\x37\x20\x33\x34\x2e\x38\x35\x32\x36\x20\x32\x36\x2e\x36\
\x39\x31\x39\x20\x33\x34\x2e\x39\x30\x38\x33\x43\x32\x36\x2e\x38\
\x37\x34\x32\x20\x33\x34\x2e\x39\x34\x35\x34\x20\x32\x37\x2e\x31\
\x30\x33\x34\x20\x33\x35\x2e\x30\x30\x36\x31\x20\x32\x37\x2e\x36\
\x39\x36\x20\x33\x35\x2e\x30\x31\x37\x38\x43\x32\x37\x2e\x39\x37\
\x33\x20\x33\x35\x2e\x30\x32\x33\x32\x20\x32\x38\x2e\x32\x33\x35\
\x39\x20\x33\x35\x2e\x30\x34\x33\x31\x20\x32\x38\x2e\x34\x37\x37\
\x20\x33\x35\x2e\x30\x36\x33\x43\x32\x38\x2e\x37\x32\x30\x35\x20\
\x33\x35\x2e\x30\x38\x33\x31\x20\x32\x38\x2e\x39\x33\x37\x38\x20\
\x33\x35\x2e\x31\x30\x32\x37\x20\x32\x39\x2e\x31\x33\x33\x37\x20\
\x33\x35\x2e\x31\x30\x39\x35\x43\x32\x39\x2e\x33\x37\x30\x35\x20\
\x33\x35\x2e\x31\x31\x37\x37\x20\x32\x39\x2e\x36\x30\x33\x20\x33\
\x35\x2e\x31\x34\x30\x33\x20\x32\x39\x2e\x38\x34\x36\x20\x33\x35\
\x2e\x31\x36\x31\x31\x43\x33\x30\x2e\x30\x39\x30\x36\x20\x33\x35\
\x2e\x31\x38\x32\x20\x33\x30\x2e\x33\x35\x31\x35\x20\x33\x35\x2e\
\x32\x30\x31\x38\x20\x33\x30\x2e\x36\x35\x35\x36\x20\x33\x35\x2e\
\x32\x30\x36\x34\x43\x33\x31\x2e\x37\x31\x32\x35\x20\x33\x35\x2e\
\x32\x32\x32\x34\x20\x33\x32\x2e\x33\x37\x30\x39\x20\x33\x35\x2e\
\x32\x32\x32\x35\x20\x33\x32\x2e\x34\x31\x39\x34\x20\x33\x35\x2e\
\x32\x32\x32\x35\x43\x33\x32\x2e\x35\x30\x36\x36\x20\x33\x35\x2e\
\x32\x32\x32\x35\x20\x33\x32\x2e\x35\x37\x37\x33\x20\x33\x35\x2e\
\x32\x38\x30\x34\x20\x33\x32\x2e\x35\x37\x37\x33\x20\x33\x35\x2e\
\x33\x35\x31\x39\x43\x33\x32\x2e\x35\x37\x37\x33\x20\x33\x35\x2e\
\x34\x32\x33\x34\x20\x33\x32\x2e\x35\x30\x36\x36\x20\x33\x35\x2e\
\x34\x38\x31\x33\x20\x33\x32\x2e\x34\x31\x39\x34\x20\x33\x35\x2e\
\x34\x38\x31\x33\x43\x33\x32\x2e\x33\x36\x39\x35\x20\x33\x35\x2e\
\x34\x38\x31\x33\x20\x33\x31\x2e\x37\x30\x39\x31\x20\x33\x35\x2e\
\x34\x38\x31\x33\x20\x33\x30\x2e\x36\x34\x39\x37\x20\x33\x35\x2e\
\x34\x36\x35\x33\x43\x33\x30\x2e\x33\x33\x32\x20\x33\x35\x2e\x34\
\x36\x30\x35\x20\x33\x30\x2e\x30\x36\x30\x35\x20\x33\x35\x2e\x34\
\x33\x39\x37\x20\x32\x39\x2e\x38\x31\x33\x31\x20\x33\x35\x2e\x34\
\x31\x38\x35\x43\x32\x39\x2e\x35\x36\x34\x20\x33\x35\x2e\x33\x39\
\x37\x32\x20\x32\x39\x2e\x33\x34\x34\x35\x20\x33\x35\x2e\x33\x37\
\x35\x39\x20\x32\x39\x2e\x31\x32\x30\x32\x20\x33\x35\x2e\x33\x36\
\x38\x31\x43\x32\x38\x2e\x39\x31\x32\x36\x20\x33\x35\x2e\x33\x36\
\x30\x39\x20\x32\x38\x2e\x36\x38\x33\x31\x20\x33\x35\x2e\x33\x34\
\x20\x32\x38\x2e\x34\x34\x35\x34\x20\x33\x35\x2e\x33\x32\x30\x34\
\x43\x32\x38\x2e\x32\x30\x35\x34\x20\x33\x35\x2e\x33\x30\x30\x36\
\x20\x32\x37\x2e\x39\x35\x32\x35\x20\x33\x35\x2e\x32\x38\x31\x37\
\x20\x32\x37\x2e\x36\x38\x38\x33\x20\x33\x35\x2e\x32\x37\x36\x35\
\x43\x32\x37\x2e\x30\x36\x30\x38\x20\x33\x35\x2e\x32\x36\x34\x31\
\x20\x32\x36\x2e\x38\x30\x35\x20\x33\x35\x2e\x31\x39\x38\x20\x32\
\x36\x2e\x36\x31\x35\x37\x20\x33\x35\x2e\x31\x35\x39\x34\x43\x32\
\x36\x2e\x33\x35\x36\x34\x20\x33\x35\x2e\x31\x30\x36\x36\x20\x32\
\x35\x2e\x39\x36\x39\x37\x20\x33\x35\x2e\x30\x35\x39\x39\x20\x32\
\x35\x2e\x37\x30\x32\x38\x20\x33\x35\x2e\x30\x32\x31\x32\x43\x32\
\x35\x2e\x33\x39\x36\x33\x20\x33\x34\x2e\x39\x37\x36\x36\x20\x32\
\x35\x2e\x31\x34\x35\x39\x20\x33\x34\x2e\x39\x30\x32\x20\x32\x34\
\x2e\x39\x32\x31\x37\x20\x33\x34\x2e\x38\x33\x31\x33\x43\x32\x34\
\x2e\x37\x39\x38\x39\x20\x33\x34\x2e\x37\x39\x32\x36\x20\x32\x34\
\x2e\x36\x36\x34\x31\x20\x33\x34\x2e\x37\x36\x30\x34\x20\x32\x34\
\x2e\x35\x32\x37\x36\x20\x33\x34\x2e\x37\x32\x38\x43\x32\x34\x2e\
\x33\x39\x35\x32\x20\x33\x34\x2e\x36\x39\x36\x35\x20\x32\x34\x2e\
\x32\x35\x37\x39\x20\x33\x34\x2e\x36\x36\x33\x38\x20\x32\x34\x2e\
\x31\x34\x33\x36\x20\x33\x34\x2e\x36\x32\x35\x36\x4c\x32\x34\x2e\
\x31\x34\x33\x34\x20\x33\x34\x2e\x36\x32\x35\x37\x43\x32\x34\x2e\
\x30\x39\x32\x35\x20\x33\x34\x2e\x36\x30\x39\x20\x32\x34\x2e\x30\
\x32\x35\x31\x20\x33\x34\x2e\x35\x38\x35\x36\x20\x32\x33\x2e\x39\
\x36\x37\x38\x20\x33\x34\x2e\x35\x36\x30\x36\x43\x32\x33\x2e\x39\
\x30\x32\x39\x20\x33\x34\x2e\x35\x33\x32\x33\x20\x32\x33\x2e\x38\
\x35\x35\x38\x20\x33\x34\x2e\x35\x30\x33\x36\x20\x32\x33\x2e\x37\
\x37\x36\x33\x20\x33\x34\x2e\x34\x34\x35\x37\x43\x32\x33\x2e\x37\
\x31\x31\x31\x20\x33\x34\x2e\x33\x39\x38\x33\x20\x32\x33\x2e\x37\
\x30\x35\x31\x20\x33\x34\x2e\x33\x31\x36\x34\x20\x32\x33\x2e\x37\
\x36\x33\x20\x33\x34\x2e\x32\x36\x33\x5a\x4d\x32\x33\x2e\x37\x33\
\x36\x32\x20\x33\x33\x2e\x31\x38\x36\x38\x43\x32\x33\x2e\x37\x39\
\x39\x38\x20\x33\x33\x2e\x31\x33\x38\x20\x32\x33\x2e\x38\x39\x39\
\x37\x20\x33\x33\x2e\x31\x34\x30\x36\x20\x32\x33\x2e\x39\x35\x39\
\x33\x20\x33\x33\x2e\x31\x39\x32\x38\x43\x32\x34\x2e\x30\x32\x30\
\x37\x20\x33\x33\x2e\x32\x34\x36\x35\x20\x32\x34\x2e\x30\x37\x35\
\x36\x20\x33\x33\x2e\x32\x39\x34\x32\x20\x32\x34\x2e\x31\x31\x39\
\x32\x20\x33\x33\x2e\x33\x32\x38\x43\x32\x34\x2e\x32\x37\x31\x35\
\x20\x33\x33\x2e\x34\x32\x34\x35\x20\x32\x34\x2e\x35\x32\x35\x32\
\x20\x33\x33\x2e\x35\x34\x35\x37\x20\x32\x34\x2e\x37\x34\x31\x32\
\x20\x33\x33\x2e\x36\x35\x37\x43\x32\x34\x2e\x38\x38\x30\x35\x20\
\x33\x33\x2e\x37\x32\x37\x39\x20\x32\x35\x2e\x33\x34\x38\x32\x20\
\x33\x33\x2e\x39\x32\x39\x38\x20\x32\x35\x2e\x37\x38\x32\x38\x20\
\x33\x34\x2e\x30\x32\x34\x35\x43\x32\x36\x2e\x30\x32\x34\x31\x20\
\x33\x34\x2e\x30\x37\x37\x31\x20\x32\x36\x2e\x34\x30\x31\x37\x20\
\x33\x34\x2e\x32\x32\x36\x39\x20\x32\x37\x2e\x32\x32\x35\x39\x20\
\x33\x34\x2e\x32\x36\x33\x31\x43\x32\x37\x2e\x37\x30\x37\x34\x20\
\x33\x34\x2e\x32\x38\x34\x33\x20\x32\x38\x2e\x30\x32\x33\x37\x20\
\x33\x34\x2e\x32\x38\x34\x32\x20\x32\x38\x2e\x31\x36\x38\x38\x20\
\x33\x34\x2e\x32\x38\x34\x32\x43\x32\x38\x2e\x32\x35\x36\x20\x33\
\x34\x2e\x32\x38\x34\x32\x20\x32\x38\x2e\x33\x32\x36\x37\x20\x33\
\x34\x2e\x33\x34\x32\x32\x20\x32\x38\x2e\x33\x32\x36\x37\x20\x33\
\x34\x2e\x34\x31\x33\x36\x43\x32\x38\x2e\x33\x32\x36\x37\x20\x33\
\x34\x2e\x34\x38\x35\x31\x20\x32\x38\x2e\x32\x35\x36\x20\x33\x34\
\x2e\x35\x34\x33\x20\x32\x38\x2e\x31\x36\x38\x38\x20\x33\x34\x2e\
\x35\x34\x33\x31\x43\x32\x38\x2e\x30\x32\x31\x31\x20\x33\x34\x2e\
\x35\x34\x33\x31\x20\x32\x37\x2e\x36\x39\x38\x34\x20\x33\x34\x2e\
\x35\x34\x33\x31\x20\x32\x37\x2e\x32\x30\x39\x20\x33\x34\x2e\x35\
\x32\x31\x36\x43\x32\x36\x2e\x33\x34\x31\x33\x20\x33\x34\x2e\x34\
\x38\x33\x34\x20\x32\x35\x2e\x39\x30\x35\x39\x20\x33\x34\x2e\x33\
\x31\x39\x32\x20\x32\x35\x2e\x37\x30\x31\x37\x20\x33\x34\x2e\x32\
\x37\x34\x37\x43\x32\x35\x2e\x32\x32\x38\x20\x33\x34\x2e\x31\x37\
\x31\x35\x20\x32\x34\x2e\x37\x33\x31\x32\x20\x33\x33\x2e\x39\x35\
\x36\x36\x20\x32\x34\x2e\x35\x37\x34\x35\x20\x33\x33\x2e\x38\x37\
\x36\x38\x4c\x32\x34\x2e\x35\x37\x33\x38\x20\x33\x33\x2e\x38\x37\
\x36\x34\x43\x32\x34\x2e\x33\x37\x34\x32\x20\x33\x33\x2e\x37\x37\
\x33\x35\x20\x32\x34\x2e\x30\x38\x38\x38\x20\x33\x33\x2e\x36\x33\
\x37\x31\x20\x32\x33\x2e\x39\x32\x30\x32\x20\x33\x33\x2e\x35\x32\
\x39\x33\x4c\x32\x33\x2e\x39\x31\x34\x38\x20\x33\x33\x2e\x35\x32\
\x35\x39\x4c\x32\x33\x2e\x39\x30\x39\x37\x20\x33\x33\x2e\x35\x32\
\x32\x43\x32\x33\x2e\x38\x35\x35\x35\x20\x33\x33\x2e\x34\x38\x30\
\x36\x20\x32\x33\x2e\x37\x39\x30\x32\x20\x33\x33\x2e\x34\x32\x33\
\x35\x20\x32\x33\x2e\x37\x32\x38\x38\x20\x33\x33\x2e\x33\x36\x39\
\x37\x43\x32\x33\x2e\x36\x36\x39\x32\x20\x33\x33\x2e\x33\x31\x37\
\x35\x20\x32\x33\x2e\x36\x37\x32\x36\x20\x33\x33\x2e\x32\x33\x35\
\x37\x20\x32\x33\x2e\x37\x33\x36\x32\x20\x33\x33\x2e\x31\x38\x36\
\x38\x5a\x4d\x32\x35\x2e\x31\x30\x30\x38\x20\x33\x32\x2e\x35\x36\
\x39\x34\x43\x32\x35\x2e\x38\x32\x37\x36\x20\x33\x32\x2e\x35\x36\
\x39\x34\x20\x32\x36\x2e\x35\x34\x30\x36\x20\x33\x32\x2e\x35\x36\
\x39\x34\x20\x32\x37\x2e\x30\x31\x33\x31\x20\x33\x32\x2e\x35\x39\
\x31\x37\x43\x32\x37\x2e\x34\x39\x31\x33\x20\x33\x32\x2e\x36\x31\
\x34\x32\x20\x32\x37\x2e\x37\x31\x39\x38\x20\x33\x32\x2e\x36\x35\
\x38\x35\x20\x32\x37\x2e\x38\x35\x35\x33\x20\x33\x32\x2e\x36\x37\
\x39\x39\x43\x32\x37\x2e\x39\x38\x37\x39\x20\x33\x32\x2e\x37\x30\
\x30\x39\x20\x32\x38\x2e\x30\x33\x39\x39\x20\x33\x32\x2e\x37\x30\
\x31\x33\x20\x32\x39\x2e\x30\x36\x35\x20\x33\x32\x2e\x38\x37\x37\
\x36\x43\x33\x30\x2e\x30\x38\x39\x31\x20\x33\x33\x2e\x30\x35\x33\
\x37\x20\x33\x32\x2e\x30\x32\x38\x39\x20\x33\x33\x2e\x33\x39\x35\
\x35\x20\x33\x33\x2e\x30\x32\x33\x38\x20\x33\x33\x2e\x35\x37\x31\
\x38\x43\x33\x34\x2e\x30\x31\x35\x35\x20\x33\x33\x2e\x37\x34\x37\
\x36\x20\x33\x34\x2e\x30\x36\x39\x39\x20\x33\x33\x2e\x37\x35\x39\
\x33\x20\x33\x34\x2e\x31\x32\x33\x34\x20\x33\x33\x2e\x37\x37\x31\
\x43\x33\x34\x2e\x32\x30\x37\x37\x20\x33\x33\x2e\x37\x38\x39\x34\
\x20\x33\x34\x2e\x32\x35\x37\x39\x20\x33\x33\x2e\x38\x36\x30\x33\
\x20\x33\x34\x2e\x32\x33\x35\x34\x20\x33\x33\x2e\x39\x32\x39\x33\
\x43\x33\x34\x2e\x32\x31\x32\x39\x20\x33\x33\x2e\x39\x39\x38\x34\
\x20\x33\x34\x2e\x31\x32\x36\x33\x20\x33\x34\x2e\x30\x33\x39\x34\
\x20\x33\x34\x2e\x30\x34\x32\x20\x33\x34\x2e\x30\x32\x31\x43\x33\
\x33\x2e\x39\x39\x37\x39\x20\x33\x34\x2e\x30\x31\x31\x33\x20\x33\
\x33\x2e\x39\x35\x33\x39\x20\x33\x34\x2e\x30\x30\x31\x35\x20\x33\
\x32\x2e\x39\x35\x37\x20\x33\x33\x2e\x38\x32\x34\x38\x43\x33\x31\
\x2e\x39\x36\x32\x32\x20\x33\x33\x2e\x36\x34\x38\x35\x20\x33\x30\
\x2e\x30\x32\x33\x31\x20\x33\x33\x2e\x33\x30\x36\x39\x20\x32\x39\
\x2e\x30\x30\x30\x31\x20\x33\x33\x2e\x31\x33\x31\x43\x32\x37\x2e\
\x39\x37\x38\x33\x20\x33\x32\x2e\x39\x35\x35\x32\x20\x32\x37\x2e\
\x39\x33\x32\x36\x20\x33\x32\x2e\x39\x35\x35\x36\x20\x32\x37\x2e\
\x37\x39\x35\x34\x20\x33\x32\x2e\x39\x33\x33\x39\x43\x32\x37\x2e\
\x36\x36\x31\x31\x20\x33\x32\x2e\x39\x31\x32\x37\x20\x32\x37\x2e\
\x34\x35\x30\x34\x20\x33\x32\x2e\x38\x37\x31\x35\x20\x32\x36\x2e\
\x39\x39\x34\x39\x20\x33\x32\x2e\x38\x35\x43\x32\x36\x2e\x35\x33\
\x33\x37\x20\x33\x32\x2e\x38\x32\x38\x33\x20\x32\x35\x2e\x38\x33\
\x31\x37\x20\x33\x32\x2e\x38\x32\x38\x33\x20\x32\x35\x2e\x31\x30\
\x30\x38\x20\x33\x32\x2e\x38\x32\x38\x33\x43\x32\x35\x2e\x30\x31\
\x33\x36\x20\x33\x32\x2e\x38\x32\x38\x32\x20\x32\x34\x2e\x39\x34\
\x32\x39\x20\x33\x32\x2e\x37\x37\x30\x33\x20\x32\x34\x2e\x39\x34\
\x32\x39\x20\x33\x32\x2e\x36\x39\x38\x39\x43\x32\x34\x2e\x39\x34\
\x32\x39\x20\x33\x32\x2e\x36\x32\x37\x34\x20\x32\x35\x2e\x30\x31\
\x33\x36\x20\x33\x32\x2e\x35\x36\x39\x35\x20\x32\x35\x2e\x31\x30\
\x30\x38\x20\x33\x32\x2e\x35\x36\x39\x34\x5a\x22\x20\x66\x69\x6c\
\x6c\x3d\x22\x23\x31\x30\x32\x38\x33\x34\x22\x2f\x3e\x0a\x3c\x70\
\x61\x74\x68\x20\x64\x3d\x22\x4d\x34\x30\x2e\x35\x33\x38\x38\x20\
\x32\x39\x2e\x30\x34\x31\x37\x43\x34\x30\x2e\x35\x33\x38\x32\x20\
\x32\x39\x2e\x30\x34\x31\x38\x20\x34\x30\x2e\x35\x33\x37\x36\x20\
\x32\x39\x2e\x30\x34\x32\x20\x34\x30\x2e\x35\x33\x37\x20\x32\x39\
\x2e\x30\x34\x32\x32\x43\x34\x30\x2e\x35\x33\x37\x34\x20\x32\x39\
\x2e\x30\x34\x33\x31\x20\x34\x30\x2e\x35\x33\x37\x37\x20\x32\x39\
\x2e\x30\x34\x34\x20\x34\x30\x2e\x35\x33\x38\x31\x20\x32\x39\x2e\
\x30\x34\x35\x43\x34\x30\x2e\x35\x33\x39\x33\x20\x32\x39\x2e\x30\
\x34\x33\x38\x20\x34\x30\x2e\x35\x34\x30\x37\x20\x32\x39\x2e\x30\
\x34\x32\x38\x20\x34\x30\x2e\x35\x34\x31\x39\x20\x32\x39\x2e\x30\
\x34\x31\x37\x48\x34\x30\x2e\x35\x33\x38\x38\x5a\x22\x20\x66\x69\
\x6c\x6c\x3d\x22\x23\x31\x30\x32\x38\x33\x34\x22\x2f\x3e\x0a\x3c\
\x70\x61\x74\x68\x20\x66\x69\x6c\x6c\x2d\x72\x75\x6c\x65\x3d\x22\
\x65\x76\x65\x6e\x6f\x64\x64\x22\x20\x63\x6c\x69\x70\x2d\x72\x75\
\x6c\x65\x3d\x22\x65\x76\x65\x6e\x6f\x64\x64\x22\x20\x64\x3d\x22\
\x4d\x34\x30\x2e\x39\x35\x35\x31\x20\x31\x39\x2e\x36\x34\x32\x38\
\x43\x34\x31\x2e\x31\x38\x39\x31\x20\x32\x30\x2e\x34\x33\x36\x37\
\x20\x34\x31\x2e\x32\x37\x35\x35\x20\x32\x31\x2e\x39\x35\x35\x32\
\x20\x34\x31\x2e\x32\x38\x37\x32\x20\x32\x33\x2e\x35\x33\x38\x31\
\x43\x34\x31\x2e\x32\x39\x38\x39\x20\x32\x35\x2e\x31\x31\x35\x36\
\x20\x34\x31\x2e\x32\x33\x36\x34\x20\x32\x36\x2e\x37\x34\x38\x37\
\x20\x34\x31\x2e\x31\x37\x35\x20\x32\x37\x2e\x37\x37\x32\x36\x4c\
\x34\x31\x2e\x30\x39\x34\x20\x32\x38\x2e\x30\x38\x30\x31\x43\x34\
\x30\x2e\x38\x38\x36\x34\x20\x32\x37\x2e\x36\x30\x34\x39\x20\x34\
\x30\x2e\x35\x38\x38\x35\x20\x32\x37\x2e\x31\x36\x35\x33\x20\x34\
\x30\x2e\x32\x32\x36\x39\x20\x32\x36\x2e\x37\x36\x30\x37\x43\x34\
\x30\x2e\x31\x34\x35\x31\x20\x32\x36\x2e\x37\x37\x30\x32\x20\x34\
\x30\x2e\x30\x36\x32\x36\x20\x32\x36\x2e\x37\x38\x34\x31\x20\x33\
\x39\x2e\x39\x38\x34\x32\x20\x32\x36\x2e\x38\x30\x32\x36\x43\x33\
\x39\x2e\x38\x35\x32\x32\x20\x32\x36\x2e\x38\x35\x30\x36\x20\x33\
\x39\x2e\x36\x38\x32\x35\x20\x32\x36\x2e\x39\x32\x36\x20\x33\x39\
\x2e\x35\x32\x38\x20\x32\x37\x2e\x30\x30\x31\x36\x43\x33\x39\x2e\
\x39\x39\x31\x35\x20\x32\x37\x2e\x34\x34\x36\x20\x34\x30\x2e\x32\
\x39\x33\x39\x20\x32\x37\x2e\x38\x32\x38\x20\x34\x30\x2e\x35\x33\
\x33\x20\x32\x38\x2e\x31\x33\x37\x31\x43\x34\x30\x2e\x36\x36\x30\
\x36\x20\x32\x38\x2e\x33\x30\x32\x31\x20\x34\x30\x2e\x37\x37\x32\
\x36\x20\x32\x38\x2e\x34\x34\x39\x36\x20\x34\x30\x2e\x38\x38\x33\
\x20\x32\x38\x2e\x35\x37\x34\x39\x43\x34\x30\x2e\x35\x39\x31\x36\
\x20\x32\x38\x2e\x36\x31\x33\x35\x20\x34\x30\x2e\x32\x30\x37\x35\
\x20\x32\x38\x2e\x36\x38\x33\x35\x20\x33\x39\x2e\x38\x36\x36\x20\
\x32\x38\x2e\x37\x38\x36\x34\x43\x33\x39\x2e\x36\x36\x36\x38\x20\
\x32\x38\x2e\x38\x34\x36\x34\x20\x33\x39\x2e\x34\x37\x38\x35\x20\
\x32\x38\x2e\x39\x31\x38\x37\x20\x33\x39\x2e\x33\x33\x31\x31\x20\
\x32\x39\x2e\x30\x30\x34\x34\x43\x33\x39\x2e\x31\x38\x35\x20\x32\
\x39\x2e\x30\x38\x39\x33\x20\x33\x39\x2e\x30\x36\x38\x38\x20\x32\
\x39\x2e\x31\x39\x33\x33\x20\x33\x39\x2e\x30\x33\x32\x38\x20\x32\
\x39\x2e\x33\x31\x39\x32\x4c\x33\x39\x2e\x30\x33\x30\x37\x20\x32\
\x39\x2e\x33\x32\x36\x35\x56\x32\x39\x2e\x33\x33\x34\x43\x33\x39\
\x2e\x30\x33\x30\x37\x20\x32\x39\x2e\x34\x30\x36\x38\x20\x33\x39\
\x2e\x30\x35\x31\x31\x20\x32\x39\x2e\x35\x31\x39\x36\x20\x33\x39\
\x2e\x31\x31\x31\x36\x20\x32\x39\x2e\x36\x32\x39\x32\x43\x33\x39\
\x2e\x31\x36\x34\x35\x20\x32\x39\x2e\x37\x32\x34\x38\x20\x33\x39\
\x2e\x32\x35\x30\x32\x20\x32\x39\x2e\x38\x32\x31\x33\x20\x33\x39\
\x2e\x33\x38\x33\x35\x20\x32\x39\x2e\x38\x38\x34\x34\x43\x33\x39\
\x2e\x33\x35\x35\x33\x20\x32\x39\x2e\x39\x37\x34\x33\x20\x33\x39\
\x2e\x33\x34\x35\x39\x20\x33\x30\x2e\x31\x30\x37\x34\x20\x33\x39\
\x2e\x33\x38\x31\x32\x20\x33\x30\x2e\x32\x37\x34\x34\x43\x33\x39\
\x2e\x34\x31\x20\x33\x30\x2e\x34\x31\x30\x37\x20\x33\x39\x2e\x34\
\x36\x38\x38\x20\x33\x30\x2e\x35\x37\x31\x32\x20\x33\x39\x2e\x35\
\x37\x32\x33\x20\x33\x30\x2e\x37\x35\x32\x32\x43\x33\x39\x2e\x36\
\x39\x34\x36\x20\x33\x30\x2e\x37\x30\x39\x20\x33\x39\x2e\x38\x31\
\x36\x36\x20\x33\x30\x2e\x36\x36\x36\x39\x20\x33\x39\x2e\x39\x34\
\x33\x36\x20\x33\x30\x2e\x36\x33\x34\x43\x34\x30\x2e\x30\x30\x33\
\x36\x20\x33\x30\x2e\x36\x31\x38\x34\x20\x34\x30\x2e\x30\x39\x35\
\x33\x20\x33\x30\x2e\x36\x30\x38\x32\x20\x34\x30\x2e\x31\x39\x36\
\x37\x20\x33\x30\x2e\x36\x30\x31\x31\x43\x34\x30\x2e\x33\x30\x32\
\x36\x20\x33\x30\x2e\x35\x39\x33\x37\x20\x34\x30\x2e\x34\x33\x33\
\x20\x33\x30\x2e\x35\x38\x39\x20\x34\x30\x2e\x35\x37\x38\x20\x33\
\x30\x2e\x35\x38\x37\x36\x43\x34\x30\x2e\x38\x36\x38\x20\x33\x30\
\x2e\x35\x38\x34\x39\x20\x34\x31\x2e\x32\x32\x32\x36\x20\x33\x30\
\x2e\x35\x39\x36\x20\x34\x31\x2e\x35\x36\x37\x36\x20\x33\x30\x2e\
\x36\x32\x39\x31\x43\x34\x31\x2e\x35\x38\x39\x36\x20\x33\x30\x2e\
\x36\x33\x31\x32\x20\x34\x31\x2e\x36\x31\x30\x31\x20\x33\x30\x2e\
\x36\x33\x36\x38\x20\x34\x31\x2e\x36\x32\x38\x32\x20\x33\x30\x2e\
\x36\x34\x35\x34\x56\x33\x30\x2e\x35\x36\x35\x37\x4c\x34\x31\x2e\
\x36\x33\x32\x38\x20\x33\x30\x2e\x34\x31\x36\x35\x43\x34\x31\x2e\
\x36\x33\x35\x39\x20\x33\x30\x2e\x32\x37\x31\x37\x20\x34\x31\x2e\
\x36\x33\x34\x31\x20\x33\x30\x2e\x31\x33\x37\x34\x20\x34\x31\x2e\
\x36\x32\x38\x32\x20\x33\x30\x2e\x30\x31\x32\x38\x56\x31\x39\x2e\
\x35\x36\x33\x48\x34\x30\x2e\x39\x33\x31\x35\x4c\x34\x30\x2e\x39\
\x35\x35\x31\x20\x31\x39\x2e\x36\x34\x32\x38\x5a\x4d\x34\x30\x2e\
\x34\x35\x35\x37\x20\x32\x38\x2e\x37\x39\x31\x39\x43\x34\x30\x2e\
\x35\x33\x35\x32\x20\x32\x38\x2e\x37\x37\x34\x31\x20\x34\x30\x2e\
\x36\x31\x38\x37\x20\x32\x38\x2e\x37\x38\x34\x33\x20\x34\x30\x2e\
\x36\x38\x30\x36\x20\x32\x38\x2e\x38\x30\x32\x34\x4c\x34\x30\x2e\
\x37\x30\x37\x34\x20\x32\x38\x2e\x38\x31\x31\x33\x43\x34\x30\x2e\
\x37\x32\x37\x32\x20\x32\x38\x2e\x38\x31\x38\x35\x20\x34\x30\x2e\
\x37\x34\x35\x32\x20\x32\x38\x2e\x38\x32\x37\x32\x20\x34\x30\x2e\
\x37\x36\x31\x34\x20\x32\x38\x2e\x38\x33\x37\x31\x43\x34\x30\x2e\
\x37\x38\x36\x20\x32\x38\x2e\x38\x32\x34\x20\x34\x30\x2e\x38\x31\
\x35\x34\x20\x32\x38\x2e\x38\x31\x36\x33\x20\x34\x30\x2e\x38\x34\
\x37\x20\x32\x38\x2e\x38\x31\x36\x33\x43\x34\x30\x2e\x39\x33\x34\
\x31\x20\x32\x38\x2e\x38\x31\x36\x33\x20\x34\x31\x2e\x30\x30\x34\
\x39\x20\x32\x38\x2e\x38\x37\x34\x33\x20\x34\x31\x2e\x30\x30\x34\
\x39\x20\x32\x38\x2e\x39\x34\x35\x37\x43\x34\x31\x2e\x30\x30\x34\
\x39\x20\x32\x38\x2e\x39\x36\x39\x34\x20\x34\x31\x2e\x30\x30\x34\
\x37\x20\x32\x39\x2e\x30\x33\x38\x37\x20\x34\x30\x2e\x39\x39\x31\
\x38\x20\x32\x39\x2e\x31\x34\x31\x36\x43\x34\x30\x2e\x39\x38\x32\
\x31\x20\x32\x39\x2e\x32\x31\x38\x31\x20\x34\x30\x2e\x39\x33\x36\
\x37\x20\x32\x39\x2e\x32\x37\x37\x31\x20\x34\x30\x2e\x38\x39\x33\
\x34\x20\x32\x39\x2e\x33\x31\x39\x33\x43\x34\x30\x2e\x38\x35\x31\
\x36\x20\x32\x39\x2e\x33\x36\x20\x34\x30\x2e\x38\x20\x32\x39\x2e\
\x33\x39\x35\x38\x20\x34\x30\x2e\x37\x36\x37\x37\x20\x32\x39\x2e\
\x34\x31\x39\x34\x43\x34\x30\x2e\x36\x37\x31\x38\x20\x32\x39\x2e\
\x34\x38\x39\x35\x20\x34\x30\x2e\x35\x35\x34\x38\x20\x32\x39\x2e\
\x35\x31\x33\x34\x20\x34\x30\x2e\x34\x36\x31\x37\x20\x32\x39\x2e\
\x35\x32\x36\x32\x43\x34\x30\x2e\x34\x31\x35\x31\x20\x32\x39\x2e\
\x35\x33\x32\x36\x20\x34\x30\x2e\x33\x36\x35\x35\x20\x32\x39\x2e\
\x35\x33\x37\x31\x20\x34\x30\x2e\x33\x32\x35\x31\x20\x32\x39\x2e\
\x35\x34\x31\x34\x43\x34\x30\x2e\x32\x38\x32\x32\x20\x32\x39\x2e\
\x35\x34\x35\x39\x20\x34\x30\x2e\x32\x34\x35\x34\x20\x32\x39\x2e\
\x35\x35\x30\x34\x20\x34\x30\x2e\x32\x31\x32\x32\x20\x32\x39\x2e\
\x35\x35\x36\x38\x43\x34\x30\x2e\x30\x32\x37\x20\x32\x39\x2e\x35\
\x39\x32\x36\x20\x33\x39\x2e\x38\x36\x33\x37\x20\x32\x39\x2e\x36\
\x31\x34\x37\x20\x33\x39\x2e\x36\x37\x31\x34\x20\x32\x39\x2e\x36\
\x30\x39\x31\x43\x33\x39\x2e\x35\x36\x39\x36\x20\x32\x39\x2e\x36\
\x30\x36\x32\x20\x33\x39\x2e\x35\x31\x34\x34\x20\x32\x39\x2e\x35\
\x34\x36\x37\x20\x33\x39\x2e\x34\x39\x32\x35\x20\x32\x39\x2e\x35\
\x31\x35\x32\x43\x33\x39\x2e\x34\x36\x39\x20\x32\x39\x2e\x34\x38\
\x31\x32\x20\x33\x39\x2e\x34\x35\x38\x20\x32\x39\x2e\x34\x34\x35\
\x20\x33\x39\x2e\x34\x35\x33\x31\x20\x32\x39\x2e\x34\x32\x30\x31\
\x43\x33\x39\x2e\x34\x32\x33\x37\x20\x32\x39\x2e\x32\x37\x32\x33\
\x20\x33\x39\x2e\x35\x34\x34\x39\x20\x32\x39\x2e\x31\x36\x32\x37\
\x20\x33\x39\x2e\x36\x33\x35\x33\x20\x32\x39\x2e\x31\x30\x31\x36\
\x43\x33\x39\x2e\x37\x33\x33\x38\x20\x32\x39\x2e\x30\x33\x35\x20\
\x33\x39\x2e\x38\x35\x33\x35\x20\x32\x38\x2e\x39\x38\x35\x38\x20\
\x33\x39\x2e\x39\x33\x31\x39\x20\x32\x38\x2e\x39\x35\x37\x31\x43\
\x34\x30\x2e\x30\x34\x34\x31\x20\x32\x38\x2e\x39\x31\x36\x20\x34\
\x30\x2e\x31\x37\x33\x37\x20\x32\x38\x2e\x38\x37\x34\x32\x20\x34\
\x30\x2e\x33\x30\x35\x35\x20\x32\x38\x2e\x38\x33\x34\x39\x4c\x34\
\x30\x2e\x34\x33\x37\x34\x20\x32\x38\x2e\x37\x39\x36\x36\x4c\x34\
\x30\x2e\x34\x35\x35\x37\x20\x32\x38\x2e\x37\x39\x31\x39\x5a\x22\
\x20\x66\x69\x6c\x6c\x3d\x22\x23\x31\x30\x32\x38\x33\x34\x22\x2f\
\x3e\x0a\x3c\x70\x61\x74\x68\x20\x64\x3d\x22\x4d\x33\x38\x2e\x31\
\x31\x30\x35\x20\x32\x35\x2e\x30\x38\x35\x37\x43\x33\x37\x2e\x38\
\x31\x35\x36\x20\x32\x35\x2e\x31\x38\x39\x31\x20\x33\x37\x2e\x35\
\x36\x33\x35\x20\x32\x35\x2e\x32\x38\x35\x35\x20\x33\x37\x2e\x33\
\x36\x32\x39\x20\x32\x35\x2e\x33\x37\x32\x31\x43\x33\x38\x2e\x32\
\x31\x36\x36\x20\x32\x35\x2e\x38\x39\x35\x38\x20\x33\x38\x2e\x38\
\x34\x31\x36\x20\x32\x36\x2e\x33\x37\x36\x34\x20\x33\x39\x2e\x33\
\x31\x35\x37\x20\x32\x36\x2e\x38\x30\x34\x32\x43\x33\x39\x2e\x34\
\x39\x37\x31\x20\x32\x36\x2e\x37\x31\x33\x34\x20\x33\x39\x2e\x37\
\x30\x35\x36\x20\x32\x36\x2e\x36\x31\x39\x38\x20\x33\x39\x2e\x38\
\x36\x36\x35\x20\x32\x36\x2e\x35\x36\x32\x31\x4c\x33\x39\x2e\x38\
\x37\x35\x34\x20\x32\x36\x2e\x35\x35\x39\x4c\x33\x39\x2e\x38\x38\
\x35\x20\x32\x36\x2e\x35\x35\x36\x37\x4c\x33\x39\x2e\x39\x35\x38\
\x36\x20\x32\x36\x2e\x35\x34\x30\x31\x43\x33\x39\x2e\x39\x37\x35\
\x38\x20\x32\x36\x2e\x35\x33\x36\x36\x20\x33\x39\x2e\x39\x39\x33\
\x31\x20\x32\x36\x2e\x35\x33\x33\x34\x20\x34\x30\x2e\x30\x31\x30\
\x35\x20\x32\x36\x2e\x35\x33\x30\x32\x43\x33\x39\x2e\x34\x36\x38\
\x38\x20\x32\x35\x2e\x39\x38\x30\x32\x20\x33\x38\x2e\x38\x31\x31\
\x31\x20\x32\x35\x2e\x34\x39\x39\x32\x20\x33\x38\x2e\x31\x31\x30\
\x35\x20\x32\x35\x2e\x30\x38\x35\x37\x5a\x22\x20\x66\x69\x6c\x6c\
\x3d\x22\x23\x31\x30\x32\x38\x33\x34\x22\x2f\x3e\x0a\x3c\x70\x61\
\x74\x68\x20\x64\x3d\x22\x4d\x33\x35\x2e\x34\x35\x36\x37\x20\x32\
\x33\x2e\x38\x35\x38\x39\x43\x33\x35\x2e\x32\x38\x33\x33\x20\x32\
\x33\x2e\x39\x31\x30\x35\x20\x33\x35\x2e\x30\x39\x33\x35\x20\x32\
\x33\x2e\x39\x37\x39\x38\x20\x33\x34\x2e\x39\x30\x36\x37\x20\x32\
\x34\x2e\x30\x37\x30\x33\x43\x33\x35\x2e\x37\x35\x35\x34\x20\x32\
\x34\x2e\x34\x36\x35\x31\x20\x33\x36\x2e\x34\x37\x32\x37\x20\x32\
\x34\x2e\x38\x34\x33\x34\x20\x33\x37\x2e\x30\x38\x32\x31\x20\x32\
\x35\x2e\x32\x30\x32\x39\x43\x33\x37\x2e\x32\x37\x34\x31\x20\x32\
\x35\x2e\x31\x31\x34\x31\x20\x33\x37\x2e\x35\x31\x39\x32\x20\x32\
\x35\x2e\x30\x31\x36\x20\x33\x37\x2e\x38\x30\x36\x34\x20\x32\x34\
\x2e\x39\x31\x31\x38\x43\x33\x37\x2e\x30\x33\x33\x35\x20\x32\x34\
\x2e\x34\x38\x33\x35\x20\x33\x36\x2e\x32\x31\x39\x39\x20\x32\x34\
\x2e\x31\x33\x33\x31\x20\x33\x35\x2e\x34\x35\x36\x37\x20\x32\x33\
\x2e\x38\x35\x38\x39\x5a\x22\x20\x66\x69\x6c\x6c\x3d\x22\x23\x31\
\x30\x32\x38\x33\x34\x22\x2f\x3e\x0a\x3c\x70\x61\x74\x68\x20\x64\
\x3d\x22\x4d\x33\x33\x2e\x33\x30\x38\x33\x20\x32\x33\x2e\x33\x37\
\x34\x43\x33\x33\x2e\x37\x36\x35\x36\x20\x32\x33\x2e\x35\x36\x31\
\x31\x20\x33\x34\x2e\x31\x39\x32\x39\x20\x32\x33\x2e\x37\x34\x35\
\x34\x20\x33\x34\x2e\x35\x39\x32\x37\x20\x32\x33\x2e\x39\x32\x36\
\x33\x43\x33\x34\x2e\x37\x34\x32\x39\x20\x32\x33\x2e\x38\x34\x33\
\x36\x20\x33\x34\x2e\x38\x39\x37\x33\x20\x32\x33\x2e\x37\x37\x34\
\x37\x20\x33\x35\x2e\x30\x34\x37\x38\x20\x32\x33\x2e\x37\x31\x37\
\x35\x43\x33\x34\x2e\x34\x31\x39\x39\x20\x32\x33\x2e\x35\x30\x38\
\x37\x20\x33\x33\x2e\x38\x33\x39\x39\x20\x32\x33\x2e\x33\x35\x34\
\x34\x20\x33\x33\x2e\x33\x36\x33\x33\x20\x32\x33\x2e\x32\x35\x33\
\x34\x4c\x33\x33\x2e\x33\x30\x38\x33\x20\x32\x33\x2e\x33\x37\x34\
\x5a\x22\x20\x66\x69\x6c\x6c\x3d\x22\x23\x31\x30\x32\x38\x33\x34\
\x22\x2f\x3e\x0a\x3c\x70\x61\x74\x68\x20\x64\x3d\x22\x4d\x32\x35\
\x2e\x34\x34\x35\x37\x20\x31\x36\x2e\x36\x37\x30\x39\x43\x32\x35\
\x2e\x32\x38\x34\x39\x20\x31\x36\x2e\x37\x36\x34\x34\x20\x32\x35\
\x2e\x31\x32\x30\x34\x20\x31\x36\x2e\x38\x36\x32\x32\x20\x32\x34\
\x2e\x39\x35\x33\x35\x20\x31\x36\x2e\x39\x36\x32\x39\x4c\x32\x36\
\x2e\x34\x32\x33\x33\x20\x31\x37\x2e\x38\x30\x34\x32\x4c\x32\x36\
\x2e\x34\x32\x34\x34\x20\x31\x37\x2e\x38\x30\x34\x38\x4c\x32\x36\
\x2e\x34\x32\x34\x35\x20\x31\x37\x2e\x38\x30\x34\x37\x4c\x32\x37\
\x2e\x38\x32\x32\x39\x20\x31\x38\x2e\x35\x37\x37\x38\x4c\x32\x38\
\x2e\x35\x34\x39\x37\x20\x31\x39\x2e\x31\x35\x30\x33\x4c\x32\x38\
\x2e\x39\x31\x31\x35\x20\x31\x39\x2e\x36\x35\x36\x39\x4c\x32\x39\
\x2e\x32\x37\x36\x39\x20\x32\x30\x2e\x33\x36\x30\x37\x4c\x32\x39\
\x2e\x33\x38\x34\x39\x20\x32\x30\x2e\x36\x38\x34\x36\x43\x32\x39\
\x2e\x34\x33\x38\x37\x20\x32\x30\x2e\x36\x36\x37\x35\x20\x32\x39\
\x2e\x34\x39\x33\x33\x20\x32\x30\x2e\x36\x35\x30\x36\x20\x32\x39\
\x2e\x35\x34\x38\x35\x20\x32\x30\x2e\x36\x33\x33\x39\x43\x32\x39\
\x2e\x37\x34\x37\x34\x20\x32\x30\x2e\x35\x37\x34\x20\x32\x39\x2e\
\x39\x37\x37\x34\x20\x32\x30\x2e\x34\x39\x38\x39\x20\x33\x30\x2e\
\x32\x32\x36\x37\x20\x32\x30\x2e\x34\x31\x34\x32\x4c\x33\x30\x2e\
\x30\x39\x37\x35\x20\x32\x30\x2e\x30\x37\x34\x39\x4c\x33\x30\x2e\
\x31\x36\x39\x20\x31\x39\x2e\x36\x33\x36\x33\x4c\x33\x30\x2e\x31\
\x37\x30\x34\x20\x31\x39\x2e\x36\x32\x38\x32\x4c\x33\x30\x2e\x31\
\x36\x39\x32\x20\x31\x39\x2e\x36\x32\x30\x31\x4c\x33\x30\x2e\x30\
\x39\x35\x33\x20\x31\x39\x2e\x31\x30\x32\x34\x4c\x33\x30\x2e\x30\
\x39\x32\x32\x20\x31\x39\x2e\x30\x38\x31\x33\x4c\x32\x39\x2e\x36\
\x33\x31\x20\x31\x38\x2e\x36\x37\x37\x35\x4c\x32\x39\x2e\x36\x32\
\x34\x37\x20\x31\x38\x2e\x36\x37\x32\x31\x4c\x32\x39\x2e\x36\x31\
\x37\x31\x20\x31\x38\x2e\x36\x36\x37\x39\x4c\x32\x39\x2e\x30\x32\
\x35\x37\x20\x31\x38\x2e\x33\x34\x34\x34\x4c\x32\x39\x2e\x30\x31\
\x34\x39\x20\x31\x38\x2e\x33\x33\x38\x34\x4c\x32\x39\x2e\x30\x30\
\x32\x33\x20\x31\x38\x2e\x33\x33\x35\x36\x4c\x32\x38\x2e\x34\x32\
\x34\x20\x31\x38\x2e\x32\x30\x39\x4c\x32\x37\x2e\x31\x37\x38\x38\
\x20\x31\x37\x2e\x35\x30\x33\x38\x4c\x32\x37\x2e\x31\x37\x35\x38\
\x20\x31\x37\x2e\x35\x30\x32\x31\x4c\x32\x37\x2e\x31\x37\x32\x36\
\x20\x31\x37\x2e\x35\x30\x30\x36\x4c\x32\x35\x2e\x39\x31\x36\x39\
\x20\x31\x36\x2e\x39\x31\x38\x35\x4c\x32\x35\x2e\x34\x34\x35\x37\
\x20\x31\x36\x2e\x36\x37\x30\x39\x5a\x22\x20\x66\x69\x6c\x6c\x3d\
\x22\x23\x31\x30\x32\x38\x33\x34\x22\x2f\x3e\x0a\x3c\x70\x61\x74\
\x68\x20\x64\x3d\x22\x4d\x31\x38\x2e\x37\x32\x35\x39\x20\x31\x32\
\x2e\x31\x30\x33\x36\x4c\x31\x39\x2e\x33\x38\x35\x38\x20\x31\x32\
\x2e\x36\x31\x37\x4c\x32\x30\x2e\x30\x34\x36\x33\x20\x31\x33\x2e\
\x33\x38\x38\x31\x4c\x32\x30\x2e\x30\x34\x39\x35\x20\x31\x33\x2e\
\x33\x39\x31\x39\x4c\x32\x30\x2e\x30\x35\x33\x32\x20\x31\x33\x2e\
\x33\x39\x35\x32\x4c\x32\x30\x2e\x32\x37\x35\x31\x20\x31\x33\x2e\
\x35\x38\x39\x33\x4c\x32\x30\x2e\x32\x37\x37\x36\x20\x31\x33\x2e\
\x35\x39\x31\x34\x4c\x32\x30\x2e\x32\x38\x30\x32\x20\x31\x33\x2e\
\x35\x39\x33\x33\x4c\x32\x30\x2e\x37\x32\x32\x35\x20\x31\x33\x2e\
\x39\x31\x35\x37\x4c\x32\x30\x2e\x37\x32\x32\x33\x20\x31\x33\x2e\
\x39\x31\x35\x39\x4c\x32\x31\x2e\x33\x30\x34\x31\x20\x31\x34\x2e\
\x33\x36\x31\x34\x4c\x32\x31\x2e\x35\x39\x33\x37\x20\x31\x34\x2e\
\x38\x30\x35\x31\x4c\x32\x31\x2e\x35\x39\x39\x39\x20\x31\x34\x2e\
\x38\x31\x34\x36\x4c\x32\x31\x2e\x36\x30\x39\x36\x20\x31\x34\x2e\
\x38\x32\x32\x4c\x32\x32\x2e\x33\x31\x31\x36\x20\x31\x35\x2e\x33\
\x35\x34\x35\x43\x32\x32\x2e\x34\x39\x32\x32\x20\x31\x35\x2e\x32\
\x33\x39\x38\x20\x32\x32\x2e\x36\x37\x32\x36\x20\x31\x35\x2e\x31\
\x32\x37\x34\x20\x32\x32\x2e\x38\x35\x31\x33\x20\x31\x35\x2e\x30\
\x31\x37\x39\x4c\x32\x32\x2e\x35\x39\x34\x39\x20\x31\x34\x2e\x39\
\x31\x34\x34\x4c\x32\x32\x2e\x31\x36\x36\x32\x20\x31\x34\x2e\x36\
\x30\x31\x36\x4c\x32\x31\x2e\x37\x33\x30\x32\x20\x31\x34\x2e\x30\
\x39\x32\x39\x4c\x32\x31\x2e\x32\x38\x36\x37\x20\x31\x33\x2e\x35\
\x31\x30\x38\x4c\x32\x31\x2e\x32\x38\x31\x35\x20\x31\x33\x2e\x35\
\x30\x33\x38\x4c\x32\x31\x2e\x32\x37\x34\x31\x20\x31\x33\x2e\x34\
\x39\x38\x32\x4c\x32\x30\x2e\x36\x30\x38\x38\x20\x31\x32\x2e\x39\
\x38\x30\x35\x4c\x32\x30\x2e\x36\x30\x35\x33\x20\x31\x32\x2e\x39\
\x37\x37\x37\x4c\x32\x30\x2e\x36\x30\x31\x34\x20\x31\x32\x2e\x39\
\x37\x35\x33\x4c\x31\x39\x2e\x36\x34\x30\x34\x20\x31\x32\x2e\x33\
\x39\x32\x39\x4c\x31\x39\x2e\x36\x33\x36\x38\x20\x31\x32\x2e\x33\
\x39\x30\x39\x4c\x31\x38\x2e\x38\x32\x20\x31\x32\x2e\x30\x30\x30\
\x39\x4c\x31\x38\x2e\x37\x32\x35\x39\x20\x31\x32\x2e\x31\x30\x33\
\x36\x5a\x22\x20\x66\x69\x6c\x6c\x3d\x22\x23\x31\x30\x32\x38\x33\
\x34\x22\x2f\x3e\x0a\x3c\x70\x61\x74\x68\x20\x64\x3d\x22\x4d\x36\
\x30\x2e\x30\x34\x39\x39\x20\x36\x36\x2e\x39\x32\x32\x32\x43\x36\
\x30\x2e\x36\x30\x33\x37\x20\x36\x37\x2e\x33\x33\x39\x31\x20\x36\
\x31\x2e\x30\x35\x32\x37\x20\x36\x37\x2e\x37\x31\x37\x39\x20\x36\
\x31\x2e\x34\x32\x37\x39\x20\x36\x38\x2e\x31\x31\x31\x34\x43\x36\
\x32\x2e\x33\x35\x36\x39\x20\x36\x39\x2e\x30\x38\x35\x36\x20\x36\
\x32\x2e\x38\x33\x33\x37\x20\x37\x30\x2e\x31\x34\x38\x37\x20\x36\
\x33\x2e\x33\x34\x37\x37\x20\x37\x32\x2e\x30\x39\x32\x39\x43\x36\
\x33\x2e\x34\x37\x35\x37\x20\x37\x32\x2e\x35\x37\x37\x31\x20\x36\
\x33\x2e\x35\x37\x30\x34\x20\x37\x32\x2e\x38\x37\x38\x34\x20\x36\
\x33\x2e\x36\x31\x38\x35\x20\x37\x33\x2e\x30\x32\x34\x34\x43\x36\
\x33\x2e\x36\x33\x30\x35\x20\x37\x33\x2e\x30\x36\x30\x39\x20\x36\
\x33\x2e\x36\x33\x39\x36\x20\x37\x33\x2e\x30\x38\x37\x38\x20\x36\
\x33\x2e\x36\x34\x35\x36\x20\x37\x33\x2e\x31\x30\x35\x34\x43\x36\
\x33\x2e\x36\x34\x38\x36\x20\x37\x33\x2e\x31\x31\x34\x32\x20\x36\
\x33\x2e\x36\x35\x31\x20\x37\x33\x2e\x31\x32\x31\x20\x36\x33\x2e\
\x36\x35\x32\x35\x20\x37\x33\x2e\x31\x32\x35\x35\x43\x36\x33\x2e\
\x36\x35\x33\x33\x20\x37\x33\x2e\x31\x32\x37\x37\x20\x36\x33\x2e\
\x36\x35\x34\x20\x37\x33\x2e\x31\x32\x39\x39\x20\x36\x33\x2e\x36\
\x35\x34\x35\x20\x37\x33\x2e\x31\x33\x31\x36\x43\x36\x33\x2e\x36\
\x35\x34\x37\x20\x37\x33\x2e\x31\x33\x32\x32\x20\x36\x33\x2e\x36\
\x35\x35\x33\x20\x37\x33\x2e\x31\x33\x34\x32\x20\x36\x33\x2e\x36\
\x35\x35\x38\x20\x37\x33\x2e\x31\x33\x36\x33\x43\x36\x33\x2e\x36\
\x35\x36\x31\x20\x37\x33\x2e\x31\x33\x37\x38\x20\x36\x33\x2e\x36\
\x35\x36\x39\x20\x37\x33\x2e\x31\x34\x32\x34\x20\x36\x33\x2e\x36\
\x35\x37\x32\x20\x37\x33\x2e\x31\x34\x35\x38\x43\x36\x33\x2e\x36\
\x35\x35\x36\x20\x37\x33\x2e\x31\x36\x31\x39\x20\x36\x33\x2e\x35\
\x39\x32\x34\x20\x37\x33\x2e\x32\x31\x32\x36\x20\x36\x33\x2e\x35\
\x32\x33\x39\x20\x37\x33\x2e\x31\x39\x35\x39\x43\x36\x33\x2e\x35\
\x31\x36\x20\x37\x33\x2e\x31\x38\x38\x37\x20\x36\x33\x2e\x35\x30\
\x37\x39\x20\x37\x33\x2e\x31\x37\x38\x33\x20\x36\x33\x2e\x35\x30\
\x36\x35\x20\x37\x33\x2e\x31\x37\x36\x43\x36\x33\x2e\x35\x30\x35\
\x39\x20\x37\x33\x2e\x31\x37\x34\x38\x20\x36\x33\x2e\x35\x30\x35\
\x20\x37\x33\x2e\x31\x37\x33\x31\x20\x36\x33\x2e\x35\x30\x34\x36\
\x20\x37\x33\x2e\x31\x37\x32\x33\x43\x36\x33\x2e\x35\x30\x34\x20\
\x37\x33\x2e\x31\x37\x31\x20\x36\x33\x2e\x35\x30\x33\x34\x20\x37\
\x33\x2e\x31\x36\x39\x36\x20\x36\x33\x2e\x35\x30\x33\x31\x20\x37\
\x33\x2e\x31\x36\x38\x39\x43\x36\x33\x2e\x35\x30\x32\x34\x20\x37\
\x33\x2e\x31\x36\x37\x32\x20\x36\x33\x2e\x35\x30\x31\x34\x20\x37\
\x33\x2e\x31\x36\x35\x31\x20\x36\x33\x2e\x35\x30\x30\x35\x20\x37\
\x33\x2e\x31\x36\x32\x38\x43\x36\x33\x2e\x34\x39\x38\x36\x20\x37\
\x33\x2e\x31\x35\x38\x32\x20\x36\x33\x2e\x34\x39\x35\x37\x20\x37\
\x33\x2e\x31\x35\x31\x34\x20\x36\x33\x2e\x34\x39\x32\x32\x20\x37\
\x33\x2e\x31\x34\x32\x39\x43\x36\x33\x2e\x34\x38\x35\x20\x37\x33\
\x2e\x31\x32\x35\x35\x20\x36\x33\x2e\x34\x37\x34\x34\x20\x37\x33\
\x2e\x30\x39\x39\x37\x20\x36\x33\x2e\x34\x36\x30\x31\x20\x37\x33\
\x2e\x30\x36\x36\x31\x43\x36\x33\x2e\x33\x34\x35\x32\x20\x37\x32\
\x2e\x37\x39\x37\x36\x20\x36\x32\x2e\x39\x39\x31\x34\x20\x37\x32\
\x2e\x30\x32\x30\x33\x20\x36\x32\x2e\x32\x39\x33\x20\x37\x30\x2e\
\x39\x35\x36\x33\x43\x36\x31\x2e\x36\x33\x33\x35\x20\x36\x39\x2e\
\x39\x35\x31\x34\x20\x36\x30\x2e\x36\x36\x36\x38\x20\x36\x38\x2e\
\x36\x39\x31\x31\x20\x35\x39\x2e\x33\x30\x34\x20\x36\x37\x2e\x33\
\x36\x32\x32\x43\x35\x39\x2e\x34\x36\x30\x31\x20\x36\x37\x2e\x32\
\x37\x39\x34\x20\x35\x39\x2e\x36\x30\x39\x37\x20\x36\x37\x2e\x31\
\x39\x39\x37\x20\x35\x39\x2e\x37\x34\x37\x33\x20\x36\x37\x2e\x31\
\x32\x34\x37\x4c\x35\x39\x2e\x38\x34\x32\x32\x20\x36\x37\x2e\x30\
\x37\x33\x4c\x35\x39\x2e\x39\x32\x37\x20\x36\x37\x2e\x30\x31\x30\
\x37\x43\x35\x39\x2e\x39\x36\x37\x36\x20\x36\x36\x2e\x39\x38\x30\
\x38\x20\x36\x30\x2e\x30\x30\x38\x36\x20\x36\x36\x2e\x39\x35\x31\
\x33\x20\x36\x30\x2e\x30\x34\x39\x39\x20\x36\x36\x2e\x39\x32\x32\
\x32\x5a\x22\x20\x66\x69\x6c\x6c\x3d\x22\x23\x31\x30\x32\x38\x33\
\x34\x22\x2f\x3e\x0a\x3c\x70\x61\x74\x68\x20\x64\x3d\x22\x4d\x35\
\x32\x2e\x38\x36\x31\x31\x20\x36\x30\x2e\x39\x34\x35\x39\x43\x35\
\x34\x2e\x30\x31\x37\x33\x20\x36\x32\x2e\x33\x31\x33\x38\x20\x35\
\x35\x2e\x33\x37\x31\x38\x20\x36\x33\x2e\x36\x35\x38\x38\x20\x35\
\x36\x2e\x38\x34\x37\x31\x20\x36\x34\x2e\x36\x38\x30\x33\x43\x35\
\x37\x2e\x31\x30\x34\x35\x20\x36\x34\x2e\x38\x35\x38\x35\x20\x35\
\x37\x2e\x33\x35\x30\x34\x20\x36\x35\x2e\x30\x32\x37\x38\x20\x35\
\x37\x2e\x35\x38\x35\x33\x20\x36\x35\x2e\x31\x38\x39\x34\x43\x35\
\x37\x2e\x34\x33\x35\x33\x20\x36\x35\x2e\x32\x36\x38\x36\x20\x35\
\x37\x2e\x32\x36\x38\x34\x20\x36\x35\x2e\x33\x35\x36\x37\x20\x35\
\x37\x2e\x30\x39\x33\x31\x20\x36\x35\x2e\x34\x34\x39\x43\x35\x35\
\x2e\x39\x35\x39\x34\x20\x36\x34\x2e\x35\x37\x37\x20\x35\x34\x2e\
\x36\x34\x33\x36\x20\x36\x33\x2e\x37\x31\x33\x20\x35\x33\x2e\x31\
\x32\x31\x34\x20\x36\x32\x2e\x39\x30\x37\x35\x4c\x35\x33\x2e\x31\
\x30\x36\x35\x20\x36\x32\x2e\x38\x39\x39\x35\x4c\x35\x33\x2e\x30\
\x39\x37\x20\x36\x32\x2e\x38\x38\x37\x31\x4c\x35\x31\x2e\x38\x39\
\x32\x35\x20\x36\x31\x2e\x32\x39\x30\x32\x43\x35\x32\x2e\x32\x33\
\x35\x31\x20\x36\x31\x2e\x31\x37\x37\x35\x20\x35\x32\x2e\x35\x35\
\x38\x32\x20\x36\x31\x2e\x30\x36\x32\x31\x20\x35\x32\x2e\x38\x36\
\x31\x31\x20\x36\x30\x2e\x39\x34\x35\x39\x5a\x22\x20\x66\x69\x6c\
\x6c\x3d\x22\x23\x31\x30\x32\x38\x33\x34\x22\x2f\x3e\x0a\x3c\x70\
\x61\x74\x68\x20\x64\x3d\x22\x4d\x36\x34\x2e\x33\x37\x36\x37\x20\
\x35\x34\x2e\x37\x34\x34\x37\x43\x36\x36\x2e\x30\x37\x36\x35\x20\
\x35\x36\x2e\x34\x31\x36\x32\x20\x36\x37\x2e\x35\x34\x36\x39\x20\
\x35\x38\x2e\x34\x30\x30\x32\x20\x36\x37\x2e\x39\x32\x38\x20\x36\
\x30\x2e\x35\x31\x34\x32\x4c\x36\x37\x2e\x39\x33\x20\x36\x30\x2e\
\x35\x32\x35\x33\x4c\x36\x37\x2e\x39\x32\x37\x34\x20\x36\x30\x2e\
\x35\x33\x36\x33\x43\x36\x37\x2e\x39\x31\x39\x38\x20\x36\x30\x2e\
\x35\x36\x37\x32\x20\x36\x37\x2e\x39\x30\x35\x39\x20\x36\x30\x2e\
\x36\x30\x34\x31\x20\x36\x37\x2e\x38\x38\x31\x33\x20\x36\x30\x2e\
\x36\x33\x33\x36\x43\x36\x37\x2e\x38\x35\x36\x32\x20\x36\x30\x2e\
\x36\x36\x33\x36\x20\x36\x37\x2e\x38\x30\x36\x32\x20\x36\x30\x2e\
\x36\x39\x39\x33\x20\x36\x37\x2e\x37\x33\x34\x38\x20\x36\x30\x2e\
\x36\x38\x35\x33\x43\x36\x37\x2e\x36\x37\x37\x33\x20\x36\x30\x2e\
\x36\x37\x33\x39\x20\x36\x37\x2e\x36\x33\x31\x38\x20\x36\x30\x2e\
\x36\x33\x33\x32\x20\x36\x37\x2e\x35\x39\x33\x35\x20\x36\x30\x2e\
\x35\x38\x34\x39\x43\x36\x37\x2e\x35\x35\x32\x36\x20\x36\x30\x2e\
\x35\x33\x33\x33\x20\x36\x37\x2e\x35\x30\x38\x34\x20\x36\x30\x2e\
\x34\x35\x37\x37\x20\x36\x37\x2e\x34\x36\x30\x31\x20\x36\x30\x2e\
\x33\x35\x32\x33\x43\x36\x37\x2e\x33\x36\x33\x39\x20\x36\x30\x2e\
\x31\x34\x32\x20\x36\x36\x2e\x39\x37\x32\x36\x20\x35\x38\x2e\x38\
\x34\x30\x35\x20\x36\x35\x2e\x33\x39\x34\x32\x20\x35\x36\x2e\x39\
\x33\x34\x37\x43\x36\x34\x2e\x39\x31\x35\x37\x20\x35\x36\x2e\x33\
\x35\x36\x39\x20\x36\x34\x2e\x33\x32\x37\x35\x20\x35\x35\x2e\x37\
\x32\x33\x39\x20\x36\x33\x2e\x36\x30\x35\x38\x20\x35\x35\x2e\x30\
\x34\x38\x39\x43\x36\x33\x2e\x38\x37\x39\x34\x20\x35\x34\x2e\x39\
\x34\x37\x37\x20\x36\x34\x2e\x31\x33\x38\x31\x20\x35\x34\x2e\x38\
\x34\x36\x20\x36\x34\x2e\x33\x37\x36\x37\x20\x35\x34\x2e\x37\x34\
\x34\x37\x5a\x22\x20\x66\x69\x6c\x6c\x3d\x22\x23\x31\x30\x32\x38\
\x33\x34\x22\x2f\x3e\x0a\x3c\x70\x61\x74\x68\x20\x64\x3d\x22\x4d\
\x34\x38\x2e\x35\x36\x30\x31\x20\x35\x32\x2e\x33\x32\x33\x31\x4c\
\x34\x38\x2e\x36\x36\x37\x31\x20\x35\x32\x2e\x33\x34\x30\x36\x4c\
\x34\x38\x2e\x37\x37\x35\x39\x20\x35\x32\x2e\x33\x34\x35\x39\x43\
\x34\x39\x2e\x30\x30\x34\x32\x20\x35\x32\x2e\x33\x35\x37\x32\x20\
\x34\x39\x2e\x31\x37\x31\x34\x20\x35\x32\x2e\x33\x37\x33\x35\x20\
\x34\x39\x2e\x32\x39\x35\x35\x20\x35\x32\x2e\x33\x39\x31\x36\x56\
\x35\x35\x2e\x37\x32\x31\x38\x43\x34\x39\x2e\x36\x37\x31\x31\x20\
\x35\x36\x2e\x34\x34\x39\x31\x20\x35\x30\x2e\x33\x31\x32\x37\x20\
\x35\x37\x2e\x35\x33\x32\x38\x20\x35\x31\x2e\x31\x35\x39\x33\x20\
\x35\x38\x2e\x37\x33\x36\x34\x43\x35\x30\x2e\x39\x37\x36\x31\x20\
\x35\x38\x2e\x38\x30\x32\x31\x20\x35\x30\x2e\x37\x38\x34\x37\x20\
\x35\x38\x2e\x38\x36\x37\x35\x20\x35\x30\x2e\x35\x38\x35\x31\x20\
\x35\x38\x2e\x39\x33\x31\x34\x4c\x35\x30\x2e\x35\x37\x32\x36\x20\
\x35\x38\x2e\x39\x33\x35\x35\x4c\x35\x30\x2e\x35\x36\x30\x31\x20\
\x35\x38\x2e\x39\x33\x39\x37\x43\x35\x30\x2e\x34\x34\x30\x37\x20\
\x35\x38\x2e\x39\x37\x39\x39\x20\x35\x30\x2e\x33\x32\x33\x35\x20\
\x35\x39\x2e\x30\x31\x39\x37\x20\x35\x30\x2e\x32\x30\x39\x33\x20\
\x35\x39\x2e\x30\x35\x38\x38\x4c\x34\x37\x2e\x37\x31\x32\x37\x20\
\x35\x35\x2e\x37\x34\x38\x37\x4c\x34\x37\x2e\x37\x31\x37\x33\x20\
\x35\x35\x2e\x37\x32\x34\x38\x43\x34\x37\x2e\x39\x30\x38\x35\x20\
\x35\x34\x2e\x37\x36\x31\x31\x20\x34\x38\x2e\x31\x34\x30\x35\x20\
\x35\x33\x2e\x35\x34\x35\x35\x20\x34\x38\x2e\x33\x36\x37\x20\x35\
\x32\x2e\x32\x39\x31\x37\x43\x34\x38\x2e\x34\x33\x30\x31\x20\x35\
\x32\x2e\x33\x30\x31\x39\x20\x34\x38\x2e\x34\x39\x34\x33\x20\x35\
\x32\x2e\x33\x31\x32\x32\x20\x34\x38\x2e\x35\x36\x30\x31\x20\x35\
\x32\x2e\x33\x32\x33\x31\x5a\x22\x20\x66\x69\x6c\x6c\x3d\x22\x23\
\x31\x30\x32\x38\x33\x34\x22\x2f\x3e\x0a\x3c\x70\x61\x74\x68\x20\
\x64\x3d\x22\x4d\x35\x37\x2e\x30\x32\x38\x35\x20\x34\x38\x2e\x30\
\x31\x32\x37\x4c\x35\x37\x2e\x36\x35\x38\x20\x34\x39\x2e\x31\x37\
\x33\x33\x43\x35\x37\x2e\x36\x39\x38\x39\x20\x34\x39\x2e\x32\x34\
\x30\x37\x20\x35\x37\x2e\x37\x35\x38\x37\x20\x34\x39\x2e\x33\x35\
\x32\x32\x20\x35\x37\x2e\x38\x30\x38\x36\x20\x34\x39\x2e\x34\x37\
\x33\x33\x43\x35\x37\x2e\x38\x35\x36\x32\x20\x34\x39\x2e\x35\x38\
\x38\x38\x20\x35\x37\x2e\x38\x39\x36\x39\x20\x34\x39\x2e\x37\x31\
\x39\x20\x35\x37\x2e\x39\x30\x30\x38\x20\x34\x39\x2e\x38\x32\x39\
\x39\x43\x35\x37\x2e\x39\x30\x32\x34\x20\x34\x39\x2e\x38\x33\x31\
\x34\x20\x35\x37\x2e\x39\x30\x34\x32\x20\x34\x39\x2e\x38\x33\x33\
\x35\x20\x35\x37\x2e\x39\x30\x36\x37\x20\x34\x39\x2e\x38\x33\x35\
\x37\x43\x35\x37\x2e\x39\x32\x30\x38\x20\x34\x39\x2e\x38\x34\x38\
\x33\x20\x35\x37\x2e\x39\x34\x33\x37\x20\x34\x39\x2e\x38\x36\x36\
\x31\x20\x35\x37\x2e\x39\x37\x36\x31\x20\x34\x39\x2e\x38\x38\x39\
\x35\x43\x35\x38\x2e\x30\x34\x30\x36\x20\x34\x39\x2e\x39\x33\x36\
\x20\x35\x38\x2e\x31\x33\x36\x34\x20\x34\x39\x2e\x39\x39\x39\x39\
\x20\x35\x38\x2e\x32\x36\x30\x34\x20\x35\x30\x2e\x30\x38\x30\x36\
\x43\x35\x38\x2e\x35\x30\x37\x33\x20\x35\x30\x2e\x32\x34\x31\x33\
\x20\x35\x38\x2e\x38\x36\x34\x36\x20\x35\x30\x2e\x34\x36\x38\x33\
\x20\x35\x39\x2e\x32\x39\x34\x34\x20\x35\x30\x2e\x37\x35\x31\x31\
\x43\x36\x30\x2e\x30\x35\x38\x39\x20\x35\x31\x2e\x32\x35\x34\x31\
\x20\x36\x31\x2e\x30\x35\x38\x35\x20\x35\x31\x2e\x39\x33\x38\x31\
\x20\x36\x32\x2e\x31\x30\x37\x34\x20\x35\x32\x2e\x37\x36\x32\x36\
\x43\x36\x31\x2e\x38\x32\x39\x33\x20\x35\x32\x2e\x38\x36\x32\x20\
\x36\x31\x2e\x35\x32\x39\x36\x20\x35\x32\x2e\x39\x36\x32\x33\x20\
\x36\x31\x2e\x32\x31\x35\x37\x20\x35\x33\x2e\x30\x36\x31\x38\x43\
\x35\x39\x2e\x38\x35\x38\x33\x20\x35\x32\x2e\x30\x34\x39\x38\x20\
\x35\x38\x2e\x32\x30\x37\x36\x20\x35\x30\x2e\x39\x38\x34\x33\x20\
\x35\x36\x2e\x32\x30\x30\x31\x20\x34\x39\x2e\x39\x30\x30\x38\x4c\
\x35\x36\x2e\x31\x37\x33\x31\x20\x34\x39\x2e\x38\x38\x36\x31\x4c\
\x35\x35\x2e\x39\x32\x38\x35\x20\x34\x38\x2e\x39\x35\x30\x37\x4c\
\x35\x35\x2e\x39\x32\x38\x20\x34\x38\x2e\x39\x34\x37\x32\x43\x35\
\x35\x2e\x39\x30\x31\x37\x20\x34\x38\x2e\x37\x33\x31\x38\x20\x35\
\x35\x2e\x38\x35\x38\x34\x20\x34\x38\x2e\x33\x39\x35\x37\x20\x35\
\x35\x2e\x38\x31\x33\x38\x20\x34\x38\x2e\x30\x38\x37\x38\x43\x35\
\x35\x2e\x37\x36\x38\x37\x20\x34\x37\x2e\x37\x37\x37\x34\x20\x35\
\x35\x2e\x37\x32\x33\x32\x20\x34\x37\x2e\x35\x30\x32\x20\x35\x35\
\x2e\x36\x39\x33\x32\x20\x34\x37\x2e\x34\x30\x33\x34\x43\x35\x35\
\x2e\x36\x37\x36\x32\x20\x34\x37\x2e\x33\x34\x37\x36\x20\x35\x35\
\x2e\x36\x33\x32\x34\x20\x34\x37\x2e\x31\x39\x31\x37\x20\x35\x35\
\x2e\x35\x37\x33\x33\x20\x34\x36\x2e\x39\x37\x38\x33\x43\x35\x35\
\x2e\x39\x34\x31\x32\x20\x34\x36\x2e\x39\x35\x33\x35\x20\x35\x36\
\x2e\x32\x39\x39\x31\x20\x34\x36\x2e\x39\x32\x32\x36\x20\x35\x36\
\x2e\x36\x32\x39\x34\x20\x34\x36\x2e\x38\x38\x36\x4c\x35\x37\x2e\
\x30\x32\x38\x35\x20\x34\x38\x2e\x30\x31\x32\x37\x5a\x22\x20\x66\
\x69\x6c\x6c\x3d\x22\x23\x31\x30\x32\x38\x33\x34\x22\x2f\x3e\x0a\
\x3c\x70\x61\x74\x68\x20\x64\x3d\x22\x4d\x34\x31\x2e\x36\x33\x36\
\x38\x20\x34\x36\x2e\x31\x39\x31\x34\x43\x34\x31\x2e\x38\x36\x34\
\x34\x20\x34\x36\x2e\x31\x39\x33\x31\x20\x34\x32\x2e\x31\x35\x33\
\x36\x20\x34\x36\x2e\x31\x39\x38\x33\x20\x34\x32\x2e\x34\x31\x38\
\x35\x20\x34\x36\x2e\x32\x30\x37\x33\x43\x34\x32\x2e\x35\x38\x34\
\x31\x20\x34\x36\x2e\x32\x31\x33\x20\x34\x32\x2e\x37\x33\x38\x38\
\x20\x34\x36\x2e\x32\x32\x30\x31\x20\x34\x32\x2e\x38\x36\x32\x32\
\x20\x34\x36\x2e\x32\x32\x38\x37\x43\x34\x32\x2e\x39\x38\x32\x39\
\x20\x34\x36\x2e\x32\x33\x37\x31\x20\x34\x33\x2e\x30\x35\x37\x31\
\x20\x34\x36\x2e\x32\x34\x36\x32\x20\x34\x33\x2e\x30\x38\x36\x34\
\x20\x34\x36\x2e\x32\x35\x32\x36\x43\x34\x33\x2e\x31\x31\x37\x20\
\x34\x36\x2e\x32\x36\x34\x36\x20\x34\x33\x2e\x31\x34\x38\x36\x20\
\x34\x36\x2e\x32\x37\x38\x38\x20\x34\x33\x2e\x31\x38\x31\x31\x20\
\x34\x36\x2e\x32\x39\x34\x33\x43\x34\x33\x2e\x32\x37\x31\x20\x34\
\x36\x2e\x39\x31\x34\x36\x20\x34\x33\x2e\x33\x30\x39\x33\x20\x34\
\x37\x2e\x37\x32\x34\x39\x20\x34\x33\x2e\x31\x36\x39\x33\x20\x34\
\x38\x2e\x34\x31\x32\x37\x43\x34\x33\x2e\x30\x38\x38\x35\x20\x34\
\x38\x2e\x38\x30\x39\x38\x20\x34\x32\x2e\x39\x34\x37\x32\x20\x34\
\x39\x2e\x31\x37\x32\x36\x20\x34\x32\x2e\x37\x31\x35\x35\x20\x34\
\x39\x2e\x34\x33\x34\x33\x43\x34\x32\x2e\x34\x38\x31\x20\x34\x39\
\x2e\x36\x39\x39\x32\x20\x34\x32\x2e\x31\x35\x33\x32\x20\x34\x39\
\x2e\x38\x36\x30\x36\x20\x34\x31\x2e\x37\x31\x32\x37\x20\x34\x39\
\x2e\x38\x34\x36\x37\x4c\x34\x31\x2e\x36\x33\x36\x38\x20\x34\x39\
\x2e\x38\x34\x34\x33\x56\x34\x36\x2e\x31\x39\x31\x34\x5a\x22\x20\
\x66\x69\x6c\x6c\x3d\x22\x23\x31\x30\x32\x38\x33\x34\x22\x2f\x3e\
\x0a\x3c\x70\x61\x74\x68\x20\x64\x3d\x22\x4d\x34\x31\x2e\x36\x33\
\x36\x38\x20\x33\x36\x2e\x35\x34\x33\x36\x43\x34\x31\x2e\x36\x37\
\x36\x36\x20\x33\x36\x2e\x35\x34\x34\x38\x20\x34\x31\x2e\x37\x32\
\x34\x39\x20\x33\x36\x2e\x35\x34\x38\x36\x20\x34\x31\x2e\x37\x38\
\x31\x20\x33\x36\x2e\x35\x35\x35\x31\x43\x34\x31\x2e\x38\x38\x35\
\x38\x20\x33\x36\x2e\x35\x36\x37\x32\x20\x34\x32\x2e\x30\x30\x31\
\x20\x33\x36\x2e\x35\x38\x36\x35\x20\x34\x32\x2e\x31\x30\x39\x39\
\x20\x33\x36\x2e\x36\x30\x35\x34\x4c\x34\x32\x2e\x31\x31\x36\x39\
\x20\x33\x36\x2e\x36\x30\x36\x37\x4c\x34\x32\x2e\x31\x32\x34\x20\
\x33\x36\x2e\x36\x30\x37\x33\x43\x34\x32\x2e\x32\x38\x37\x35\x20\
\x33\x36\x2e\x36\x32\x33\x33\x20\x34\x32\x2e\x39\x32\x31\x38\x20\
\x33\x36\x2e\x36\x34\x33\x36\x20\x34\x33\x2e\x33\x37\x33\x38\x20\
\x33\x36\x2e\x36\x31\x34\x39\x56\x33\x37\x2e\x37\x30\x34\x34\x4c\
\x34\x37\x2e\x38\x35\x37\x39\x20\x34\x32\x2e\x34\x39\x35\x32\x4c\
\x34\x37\x2e\x38\x36\x31\x20\x34\x32\x2e\x34\x39\x38\x37\x4c\x34\
\x39\x2e\x32\x38\x30\x34\x20\x34\x34\x2e\x32\x34\x33\x37\x4c\x35\
\x30\x2e\x34\x36\x32\x38\x20\x34\x35\x2e\x34\x37\x31\x31\x4c\x35\
\x30\x2e\x34\x38\x37\x38\x20\x34\x35\x2e\x34\x39\x37\x32\x4c\x35\
\x30\x2e\x30\x30\x34\x34\x20\x34\x36\x2e\x38\x38\x33\x39\x4c\x34\
\x39\x2e\x34\x36\x32\x20\x34\x39\x2e\x37\x39\x37\x34\x43\x34\x39\
\x2e\x33\x33\x33\x32\x20\x34\x39\x2e\x37\x38\x35\x32\x20\x34\x39\
\x2e\x32\x30\x35\x32\x20\x34\x39\x2e\x37\x37\x35\x38\x20\x34\x39\
\x2e\x30\x37\x38\x38\x20\x34\x39\x2e\x37\x36\x38\x36\x43\x34\x38\
\x2e\x39\x38\x37\x31\x20\x34\x39\x2e\x37\x35\x33\x36\x20\x34\x38\
\x2e\x38\x39\x37\x38\x20\x34\x39\x2e\x37\x33\x39\x33\x20\x34\x38\
\x2e\x38\x30\x39\x39\x20\x34\x39\x2e\x37\x32\x35\x32\x43\x34\x38\
\x2e\x38\x34\x33\x34\x20\x34\x39\x2e\x35\x31\x38\x39\x20\x34\x38\
\x2e\x38\x37\x36\x31\x20\x34\x39\x2e\x33\x31\x35\x38\x20\x34\x38\
\x2e\x39\x30\x37\x32\x20\x34\x39\x2e\x31\x31\x36\x39\x43\x34\x39\
\x2e\x30\x37\x35\x39\x20\x34\x38\x2e\x30\x33\x37\x31\x20\x34\x39\
\x2e\x32\x30\x34\x35\x20\x34\x37\x2e\x30\x38\x33\x35\x20\x34\x39\
\x2e\x32\x35\x35\x34\x20\x34\x36\x2e\x34\x32\x36\x33\x43\x34\x39\
\x2e\x32\x38\x30\x39\x20\x34\x36\x2e\x30\x39\x36\x39\x20\x34\x39\
\x2e\x32\x38\x36\x35\x20\x34\x35\x2e\x38\x34\x35\x35\x20\x34\x39\
\x2e\x32\x36\x39\x31\x20\x34\x35\x2e\x36\x39\x30\x37\x43\x34\x39\
\x2e\x32\x36\x34\x38\x20\x34\x35\x2e\x36\x35\x32\x33\x20\x34\x39\
\x2e\x32\x35\x39\x32\x20\x34\x35\x2e\x36\x32\x31\x31\x20\x34\x39\
\x2e\x32\x35\x32\x36\x20\x34\x35\x2e\x35\x39\x36\x39\x43\x34\x39\
\x2e\x32\x35\x30\x34\x20\x34\x35\x2e\x35\x38\x39\x20\x34\x39\x2e\
\x32\x34\x37\x38\x20\x34\x35\x2e\x35\x38\x32\x32\x20\x34\x39\x2e\
\x32\x34\x35\x37\x20\x34\x35\x2e\x35\x37\x36\x34\x4c\x34\x39\x2e\
\x32\x30\x30\x38\x20\x34\x35\x2e\x36\x30\x39\x31\x4c\x34\x39\x2e\
\x31\x35\x30\x37\x20\x34\x35\x2e\x35\x34\x36\x38\x4c\x34\x33\x2e\
\x33\x37\x33\x38\x20\x33\x38\x2e\x33\x38\x31\x31\x56\x33\x38\x2e\
\x35\x31\x38\x36\x43\x34\x33\x2e\x34\x36\x36\x20\x33\x39\x2e\x30\
\x37\x30\x32\x20\x34\x33\x2e\x35\x36\x34\x37\x20\x33\x39\x2e\x38\
\x39\x35\x38\x20\x34\x33\x2e\x35\x36\x31\x33\x20\x34\x30\x2e\x35\
\x38\x35\x35\x43\x34\x33\x2e\x35\x35\x39\x37\x20\x34\x30\x2e\x39\
\x33\x30\x36\x20\x34\x33\x2e\x35\x33\x32\x35\x20\x34\x31\x2e\x32\
\x34\x36\x31\x20\x34\x33\x2e\x34\x36\x34\x20\x34\x31\x2e\x34\x37\
\x37\x31\x43\x34\x33\x2e\x34\x32\x39\x39\x20\x34\x31\x2e\x35\x39\
\x32\x32\x20\x34\x33\x2e\x33\x38\x34\x31\x20\x34\x31\x2e\x36\x39\
\x31\x37\x20\x34\x33\x2e\x33\x32\x31\x32\x20\x34\x31\x2e\x37\x36\
\x33\x38\x43\x34\x33\x2e\x33\x30\x38\x38\x20\x34\x31\x2e\x37\x37\
\x38\x31\x20\x34\x33\x2e\x32\x39\x35\x32\x20\x34\x31\x2e\x37\x39\
\x31\x33\x20\x34\x33\x2e\x32\x38\x31\x20\x34\x31\x2e\x38\x30\x33\
\x36\x4c\x34\x33\x2e\x32\x34\x36\x36\x20\x34\x31\x2e\x37\x39\x37\
\x39\x43\x34\x33\x2e\x31\x34\x31\x34\x20\x34\x31\x2e\x37\x38\x30\
\x38\x20\x34\x33\x2e\x30\x31\x31\x38\x20\x34\x31\x2e\x37\x36\x32\
\x20\x34\x32\x2e\x38\x20\x34\x31\x2e\x37\x33\x37\x36\x4c\x34\x32\
\x2e\x37\x38\x39\x31\x20\x34\x31\x2e\x37\x33\x36\x33\x48\x34\x32\
\x2e\x37\x37\x38\x31\x43\x34\x32\x2e\x31\x35\x39\x32\x20\x34\x31\
\x2e\x37\x33\x36\x36\x20\x34\x31\x2e\x38\x33\x36\x33\x20\x34\x31\
\x2e\x37\x34\x37\x34\x20\x34\x31\x2e\x36\x33\x36\x38\x20\x34\x31\
\x2e\x37\x36\x36\x35\x56\x33\x36\x2e\x35\x34\x33\x36\x5a\x22\x20\
\x66\x69\x6c\x6c\x3d\x22\x23\x31\x30\x32\x38\x33\x34\x22\x2f\x3e\
\x0a\x3c\x70\x61\x74\x68\x20\x64\x3d\x22\x4d\x34\x32\x2e\x37\x36\
\x35\x39\x20\x34\x31\x2e\x39\x39\x35\x32\x43\x34\x32\x2e\x39\x38\
\x39\x39\x20\x34\x32\x2e\x30\x32\x31\x31\x20\x34\x33\x2e\x31\x31\
\x35\x38\x20\x34\x32\x2e\x30\x34\x30\x31\x20\x34\x33\x2e\x32\x32\
\x31\x35\x20\x34\x32\x2e\x30\x35\x37\x37\x43\x34\x33\x2e\x33\x38\
\x34\x20\x34\x32\x2e\x35\x35\x35\x32\x20\x34\x33\x2e\x35\x35\x31\
\x36\x20\x34\x33\x2e\x32\x34\x20\x34\x33\x2e\x36\x30\x36\x35\x20\
\x34\x33\x2e\x39\x32\x34\x38\x43\x34\x33\x2e\x36\x33\x39\x20\x34\
\x34\x2e\x33\x33\x30\x31\x20\x34\x33\x2e\x36\x33\x32\x33\x20\x34\
\x34\x2e\x37\x33\x37\x32\x20\x34\x33\x2e\x35\x36\x30\x39\x20\x34\
\x35\x2e\x31\x30\x36\x34\x43\x34\x33\x2e\x34\x39\x35\x32\x20\x34\
\x35\x2e\x34\x34\x35\x36\x20\x34\x33\x2e\x33\x37\x33\x36\x20\x34\
\x35\x2e\x37\x35\x36\x31\x20\x34\x33\x2e\x31\x37\x34\x34\x20\x34\
\x36\x2e\x30\x30\x34\x4c\x34\x33\x2e\x31\x36\x35\x38\x20\x34\x36\
\x2e\x30\x30\x31\x39\x43\x34\x33\x2e\x30\x39\x37\x39\x20\x34\x35\
\x2e\x39\x38\x37\x37\x20\x34\x32\x2e\x39\x39\x35\x38\x20\x34\x35\
\x2e\x39\x37\x38\x32\x20\x34\x32\x2e\x38\x38\x39\x20\x34\x35\x2e\
\x39\x37\x30\x37\x43\x34\x32\x2e\x37\x35\x39\x31\x20\x34\x35\x2e\
\x39\x36\x31\x37\x20\x34\x32\x2e\x35\x39\x39\x34\x20\x34\x35\x2e\
\x39\x35\x34\x33\x20\x34\x32\x2e\x34\x33\x31\x36\x20\x34\x35\x2e\
\x39\x34\x38\x36\x43\x34\x32\x2e\x31\x36\x32\x31\x20\x34\x35\x2e\
\x39\x33\x39\x34\x20\x34\x31\x2e\x38\x36\x38\x32\x20\x34\x35\x2e\
\x39\x33\x34\x33\x20\x34\x31\x2e\x36\x33\x36\x38\x20\x34\x35\x2e\
\x39\x33\x32\x36\x56\x34\x32\x2e\x30\x32\x37\x43\x34\x31\x2e\x38\
\x30\x30\x31\x20\x34\x32\x2e\x30\x30\x38\x36\x20\x34\x32\x2e\x30\
\x39\x38\x32\x20\x34\x31\x2e\x39\x39\x35\x36\x20\x34\x32\x2e\x37\
\x36\x35\x39\x20\x34\x31\x2e\x39\x39\x35\x32\x5a\x22\x20\x66\x69\
\x6c\x6c\x3d\x22\x23\x31\x30\x32\x38\x33\x34\x22\x2f\x3e\x0a\x3c\
\x70\x61\x74\x68\x20\x66\x69\x6c\x6c\x2d\x72\x75\x6c\x65\x3d\x22\
\x65\x76\x65\x6e\x6f\x64\x64\x22\x20\x63\x6c\x69\x70\x2d\x72\x75\
\x6c\x65\x3d\x22\x65\x76\x65\x6e\x6f\x64\x64\x22\x20\x64\x3d\x22\
\x4d\x35\x32\x2e\x38\x36\x32\x38\x20\x32\x32\x2e\x39\x30\x31\x35\
\x43\x35\x33\x2e\x30\x36\x36\x31\x20\x32\x32\x2e\x39\x36\x34\x34\
\x20\x35\x33\x2e\x32\x35\x38\x39\x20\x32\x33\x2e\x30\x32\x31\x39\
\x20\x35\x33\x2e\x34\x33\x36\x33\x20\x32\x33\x2e\x30\x37\x32\x43\
\x35\x33\x2e\x35\x36\x32\x32\x20\x32\x33\x2e\x31\x30\x37\x36\x20\
\x35\x33\x2e\x36\x38\x36\x39\x20\x32\x33\x2e\x31\x34\x35\x39\x20\
\x35\x33\x2e\x38\x31\x32\x31\x20\x32\x33\x2e\x31\x38\x36\x37\x4c\
\x35\x33\x2e\x37\x31\x33\x37\x20\x32\x33\x2e\x34\x36\x33\x36\x4c\
\x35\x33\x2e\x37\x31\x33\x20\x32\x33\x2e\x34\x36\x35\x38\x4c\x35\
\x33\x2e\x37\x31\x32\x20\x32\x33\x2e\x34\x36\x38\x4c\x35\x32\x2e\
\x39\x32\x32\x35\x20\x32\x35\x2e\x32\x31\x35\x31\x4c\x35\x32\x2e\
\x30\x35\x35\x34\x20\x32\x37\x2e\x35\x34\x31\x31\x4c\x35\x32\x2e\
\x30\x35\x34\x39\x20\x32\x37\x2e\x35\x34\x32\x36\x4c\x35\x32\x2e\
\x30\x35\x34\x31\x20\x32\x37\x2e\x35\x34\x34\x33\x4c\x35\x31\x2e\
\x36\x34\x31\x39\x20\x32\x38\x2e\x34\x37\x33\x32\x4c\x35\x31\x2e\
\x35\x33\x37\x37\x20\x32\x38\x2e\x30\x34\x36\x4c\x35\x30\x2e\x33\
\x37\x39\x36\x20\x32\x39\x2e\x30\x35\x34\x34\x4c\x34\x38\x2e\x32\
\x34\x37\x39\x20\x33\x30\x2e\x39\x33\x31\x31\x4c\x34\x38\x2e\x32\
\x34\x34\x38\x20\x33\x30\x2e\x39\x33\x33\x38\x4c\x34\x38\x2e\x32\
\x34\x31\x35\x20\x33\x30\x2e\x39\x33\x36\x32\x4c\x34\x37\x2e\x31\
\x33\x39\x20\x33\x31\x2e\x37\x31\x30\x35\x4c\x34\x36\x2e\x31\x32\
\x31\x37\x20\x33\x32\x2e\x36\x30\x38\x34\x4c\x34\x35\x2e\x36\x35\
\x32\x33\x20\x33\x33\x2e\x32\x34\x39\x38\x4c\x34\x35\x2e\x36\x34\
\x39\x38\x20\x33\x33\x2e\x32\x35\x33\x32\x4c\x34\x35\x2e\x36\x34\
\x36\x39\x20\x33\x33\x2e\x32\x35\x36\x32\x4c\x34\x35\x2e\x30\x39\
\x34\x32\x20\x33\x33\x2e\x38\x33\x38\x36\x4c\x34\x35\x2e\x30\x38\
\x38\x35\x20\x33\x33\x2e\x38\x34\x34\x37\x4c\x34\x35\x2e\x30\x38\
\x31\x32\x20\x33\x33\x2e\x38\x34\x39\x35\x4c\x34\x34\x2e\x35\x35\
\x38\x32\x20\x33\x34\x2e\x31\x39\x32\x33\x56\x33\x34\x2e\x32\x39\
\x37\x39\x43\x34\x37\x2e\x34\x34\x33\x34\x20\x33\x33\x2e\x36\x38\
\x36\x31\x20\x35\x31\x2e\x37\x39\x33\x31\x20\x33\x32\x2e\x39\x32\
\x35\x37\x20\x35\x35\x2e\x35\x39\x34\x20\x33\x32\x2e\x36\x30\x37\
\x43\x35\x37\x2e\x35\x31\x35\x36\x20\x33\x32\x2e\x34\x34\x35\x38\
\x20\x35\x39\x2e\x33\x30\x31\x35\x20\x33\x32\x2e\x33\x39\x37\x32\
\x20\x36\x30\x2e\x36\x38\x38\x33\x20\x33\x32\x2e\x35\x33\x39\x43\
\x36\x31\x2e\x33\x38\x31\x36\x20\x33\x32\x2e\x36\x30\x39\x39\x20\
\x36\x31\x2e\x39\x37\x39\x35\x20\x33\x32\x2e\x37\x32\x38\x39\x20\
\x36\x32\x2e\x34\x34\x35\x38\x20\x33\x32\x2e\x39\x30\x37\x34\x43\
\x36\x32\x2e\x39\x30\x39\x39\x20\x33\x33\x2e\x30\x38\x35\x20\x36\
\x33\x2e\x32\x35\x20\x33\x33\x2e\x33\x32\x34\x33\x20\x36\x33\x2e\
\x34\x31\x39\x31\x20\x33\x33\x2e\x36\x33\x38\x39\x43\x36\x33\x2e\
\x35\x34\x35\x37\x20\x33\x33\x2e\x38\x31\x37\x37\x20\x36\x33\x2e\
\x35\x35\x34\x39\x20\x33\x34\x2e\x30\x34\x38\x39\x20\x36\x33\x2e\
\x33\x37\x33\x37\x20\x33\x34\x2e\x32\x39\x39\x33\x43\x36\x33\x2e\
\x31\x39\x34\x31\x20\x33\x34\x2e\x35\x34\x37\x35\x20\x36\x32\x2e\
\x38\x32\x38\x20\x33\x34\x2e\x38\x31\x34\x39\x20\x36\x32\x2e\x32\
\x30\x33\x36\x20\x33\x35\x2e\x30\x38\x30\x39\x43\x36\x30\x2e\x39\
\x35\x34\x31\x20\x33\x35\x2e\x36\x31\x33\x34\x20\x35\x38\x2e\x36\
\x33\x39\x34\x20\x33\x36\x2e\x31\x35\x33\x37\x20\x35\x34\x2e\x35\
\x39\x34\x31\x20\x33\x36\x2e\x35\x31\x36\x33\x4c\x35\x34\x2e\x35\
\x39\x31\x32\x20\x33\x36\x2e\x35\x31\x36\x35\x4c\x35\x34\x2e\x35\
\x38\x38\x33\x20\x33\x36\x2e\x35\x31\x36\x37\x43\x35\x33\x2e\x31\
\x31\x32\x20\x33\x36\x2e\x35\x35\x39\x39\x20\x35\x30\x2e\x39\x31\
\x35\x39\x20\x33\x36\x2e\x35\x33\x37\x32\x20\x34\x39\x2e\x31\x32\
\x36\x35\x20\x33\x36\x2e\x33\x32\x38\x34\x43\x34\x38\x2e\x32\x33\
\x32\x39\x20\x33\x36\x2e\x32\x32\x34\x20\x34\x37\x2e\x34\x33\x33\
\x37\x20\x33\x36\x2e\x30\x37\x32\x36\x20\x34\x36\x2e\x38\x37\x35\
\x38\x20\x33\x35\x2e\x38\x35\x36\x36\x43\x34\x36\x2e\x35\x39\x36\
\x39\x20\x33\x35\x2e\x37\x34\x38\x36\x20\x34\x36\x2e\x33\x37\x32\
\x20\x33\x35\x2e\x36\x32\x32\x20\x34\x36\x2e\x32\x32\x36\x39\x20\
\x33\x35\x2e\x34\x37\x32\x37\x43\x34\x36\x2e\x30\x39\x32\x38\x20\
\x33\x35\x2e\x33\x33\x34\x38\x20\x34\x36\x2e\x30\x32\x37\x39\x20\
\x33\x35\x2e\x31\x37\x37\x39\x20\x34\x36\x2e\x30\x35\x30\x36\x20\
\x33\x35\x2e\x30\x30\x33\x36\x43\x34\x35\x2e\x38\x31\x37\x35\x20\
\x33\x34\x2e\x39\x32\x32\x33\x20\x34\x35\x2e\x34\x38\x32\x31\x20\
\x33\x34\x2e\x38\x32\x36\x33\x20\x34\x35\x2e\x31\x37\x32\x31\x20\
\x33\x34\x2e\x37\x38\x31\x35\x43\x34\x35\x2e\x30\x30\x34\x33\x20\
\x33\x34\x2e\x37\x35\x37\x33\x20\x34\x34\x2e\x38\x34\x38\x37\x20\
\x33\x34\x2e\x37\x34\x38\x37\x20\x34\x34\x2e\x37\x32\x32\x37\x20\
\x33\x34\x2e\x37\x36\x33\x32\x43\x34\x34\x2e\x36\x30\x36\x31\x20\
\x33\x34\x2e\x37\x37\x36\x37\x20\x34\x34\x2e\x35\x32\x35\x33\x20\
\x33\x34\x2e\x38\x30\x38\x39\x20\x34\x34\x2e\x34\x37\x37\x37\x20\
\x33\x34\x2e\x38\x35\x37\x36\x43\x34\x34\x2e\x34\x36\x31\x35\x20\
\x33\x35\x2e\x31\x31\x30\x34\x20\x34\x34\x2e\x33\x38\x38\x37\x20\
\x33\x35\x2e\x34\x37\x36\x35\x20\x34\x34\x2e\x32\x31\x37\x32\x20\
\x33\x35\x2e\x37\x37\x38\x37\x43\x34\x34\x2e\x32\x31\x32\x32\x20\
\x33\x35\x2e\x37\x38\x37\x35\x20\x34\x34\x2e\x32\x30\x36\x38\x20\
\x33\x35\x2e\x37\x39\x36\x32\x20\x34\x34\x2e\x32\x30\x31\x36\x20\
\x33\x35\x2e\x38\x30\x34\x39\x48\x34\x34\x2e\x32\x35\x39\x36\x4c\
\x34\x34\x2e\x32\x37\x35\x33\x20\x33\x35\x2e\x38\x31\x30\x38\x43\
\x34\x34\x2e\x36\x31\x38\x33\x20\x33\x35\x2e\x39\x34\x30\x35\x20\
\x34\x35\x2e\x31\x34\x34\x38\x20\x33\x36\x2e\x31\x34\x38\x32\x20\
\x34\x35\x2e\x36\x30\x39\x36\x20\x33\x36\x2e\x33\x34\x39\x35\x43\
\x34\x35\x2e\x38\x34\x31\x38\x20\x33\x36\x2e\x34\x35\x30\x31\x20\
\x34\x36\x2e\x30\x35\x39\x39\x20\x33\x36\x2e\x35\x34\x39\x36\x20\
\x34\x36\x2e\x32\x33\x32\x33\x20\x33\x36\x2e\x36\x33\x37\x32\x43\
\x34\x36\x2e\x33\x31\x38\x33\x20\x33\x36\x2e\x36\x38\x31\x20\x34\
\x36\x2e\x33\x39\x34\x20\x33\x36\x2e\x37\x32\x32\x35\x20\x34\x36\
\x2e\x34\x35\x34\x38\x20\x33\x36\x2e\x37\x36\x43\x34\x36\x2e\x35\
\x31\x34\x31\x20\x33\x36\x2e\x37\x39\x36\x35\x20\x34\x36\x2e\x35\
\x36\x34\x34\x20\x33\x36\x2e\x38\x33\x32\x36\x20\x34\x36\x2e\x35\
\x39\x35\x31\x20\x33\x36\x2e\x38\x36\x36\x31\x43\x34\x36\x2e\x36\
\x31\x31\x36\x20\x33\x36\x2e\x38\x38\x34\x31\x20\x34\x36\x2e\x36\
\x35\x31\x35\x20\x33\x36\x2e\x39\x31\x34\x33\x20\x34\x36\x2e\x37\
\x31\x38\x35\x20\x33\x36\x2e\x39\x35\x36\x32\x43\x34\x36\x2e\x37\
\x38\x33\x35\x20\x33\x36\x2e\x39\x39\x36\x39\x20\x34\x36\x2e\x38\
\x36\x38\x33\x20\x33\x37\x2e\x30\x34\x35\x31\x20\x34\x36\x2e\x39\
\x36\x38\x36\x20\x33\x37\x2e\x30\x39\x38\x39\x43\x34\x37\x2e\x31\
\x36\x39\x31\x20\x33\x37\x2e\x32\x30\x36\x35\x20\x34\x37\x2e\x34\
\x32\x38\x32\x20\x33\x37\x2e\x33\x33\x34\x39\x20\x34\x37\x2e\x37\
\x30\x38\x37\x20\x33\x37\x2e\x34\x36\x38\x36\x43\x34\x38\x2e\x31\
\x32\x39\x32\x20\x33\x37\x2e\x36\x36\x39\x32\x20\x34\x38\x2e\x35\
\x39\x35\x39\x20\x33\x37\x2e\x38\x38\x31\x31\x20\x34\x38\x2e\x39\
\x38\x30\x33\x20\x33\x38\x2e\x30\x35\x31\x37\x4c\x34\x39\x2e\x33\
\x33\x32\x35\x20\x33\x38\x2e\x32\x30\x36\x37\x4c\x34\x39\x2e\x33\
\x33\x34\x38\x20\x33\x38\x2e\x32\x30\x37\x37\x4c\x34\x39\x2e\x33\
\x33\x37\x31\x20\x33\x38\x2e\x32\x30\x38\x38\x4c\x35\x31\x2e\x36\
\x32\x33\x20\x33\x39\x2e\x33\x37\x31\x37\x43\x35\x32\x2e\x30\x37\
\x33\x32\x20\x33\x39\x2e\x35\x34\x35\x33\x20\x35\x33\x2e\x30\x33\
\x39\x33\x20\x33\x39\x2e\x39\x31\x33\x33\x20\x35\x33\x2e\x33\x35\
\x31\x35\x20\x34\x30\x2e\x30\x31\x35\x36\x43\x35\x33\x2e\x36\x37\
\x32\x35\x20\x34\x30\x2e\x31\x32\x30\x39\x20\x35\x34\x2e\x32\x32\
\x39\x32\x20\x34\x30\x2e\x33\x36\x34\x33\x20\x35\x34\x2e\x34\x36\
\x35\x38\x20\x34\x30\x2e\x34\x37\x32\x4c\x35\x34\x2e\x34\x37\x35\
\x35\x20\x34\x30\x2e\x34\x37\x36\x34\x4c\x35\x34\x2e\x34\x38\x33\
\x34\x20\x34\x30\x2e\x34\x38\x32\x39\x43\x35\x34\x2e\x35\x35\x31\
\x37\x20\x34\x30\x2e\x35\x33\x38\x39\x20\x35\x34\x2e\x36\x35\x33\
\x37\x20\x34\x30\x2e\x36\x33\x32\x34\x20\x35\x34\x2e\x37\x33\x39\
\x31\x20\x34\x30\x2e\x37\x33\x32\x36\x43\x35\x34\x2e\x37\x38\x31\
\x38\x20\x34\x30\x2e\x37\x38\x32\x37\x20\x35\x34\x2e\x38\x32\x31\
\x35\x20\x34\x30\x2e\x38\x33\x35\x39\x20\x35\x34\x2e\x38\x35\x30\
\x39\x20\x34\x30\x2e\x38\x38\x37\x39\x43\x35\x34\x2e\x38\x37\x39\
\x37\x20\x34\x30\x2e\x39\x33\x39\x20\x35\x34\x2e\x39\x30\x31\x33\
\x20\x34\x30\x2e\x39\x39\x33\x39\x20\x35\x34\x2e\x39\x30\x31\x33\
\x20\x34\x31\x2e\x30\x34\x36\x33\x43\x35\x34\x2e\x39\x30\x31\x33\
\x20\x34\x31\x2e\x31\x33\x34\x20\x35\x34\x2e\x38\x37\x32\x20\x34\
\x31\x2e\x32\x33\x33\x33\x20\x35\x34\x2e\x38\x33\x38\x32\x20\x34\
\x31\x2e\x33\x31\x38\x36\x43\x35\x34\x2e\x38\x30\x34\x31\x20\x34\
\x31\x2e\x34\x30\x34\x39\x20\x35\x34\x2e\x37\x36\x33\x31\x20\x34\
\x31\x2e\x34\x38\x32\x33\x20\x35\x34\x2e\x37\x33\x35\x31\x20\x34\
\x31\x2e\x35\x32\x38\x32\x43\x35\x34\x2e\x37\x32\x38\x31\x20\x34\
\x31\x2e\x35\x33\x39\x36\x20\x35\x34\x2e\x37\x31\x36\x39\x20\x34\
\x31\x2e\x35\x36\x38\x39\x20\x35\x34\x2e\x37\x30\x39\x39\x20\x34\
\x31\x2e\x36\x32\x32\x36\x43\x35\x34\x2e\x37\x30\x33\x31\x20\x34\
\x31\x2e\x36\x37\x34\x38\x20\x35\x34\x2e\x37\x30\x30\x36\x20\x34\
\x31\x2e\x37\x34\x36\x31\x20\x35\x34\x2e\x37\x30\x37\x36\x20\x34\
\x31\x2e\x38\x33\x38\x32\x43\x35\x34\x2e\x37\x32\x31\x37\x20\x34\
\x32\x2e\x30\x32\x32\x33\x20\x35\x34\x2e\x37\x37\x33\x31\x20\x34\
\x32\x2e\x32\x38\x37\x33\x20\x35\x34\x2e\x38\x39\x38\x32\x20\x34\
\x32\x2e\x36\x34\x36\x32\x43\x35\x35\x2e\x30\x32\x33\x31\x20\x34\
\x33\x2e\x30\x30\x34\x34\x20\x35\x35\x2e\x32\x37\x36\x34\x20\x34\
\x33\x2e\x34\x36\x37\x31\x20\x35\x35\x2e\x35\x35\x33\x20\x34\x34\
\x2e\x30\x33\x36\x32\x43\x35\x35\x2e\x36\x30\x35\x32\x20\x34\x34\
\x2e\x31\x34\x33\x35\x20\x35\x35\x2e\x36\x35\x37\x35\x20\x34\x34\
\x2e\x32\x35\x34\x35\x20\x35\x35\x2e\x37\x31\x30\x33\x20\x34\x34\
\x2e\x33\x36\x38\x38\x43\x35\x35\x2e\x34\x33\x36\x35\x20\x34\x34\
\x2e\x33\x39\x31\x34\x20\x35\x35\x2e\x31\x34\x30\x38\x20\x34\x34\
\x2e\x34\x31\x31\x20\x35\x34\x2e\x38\x33\x36\x35\x20\x34\x34\x2e\
\x34\x32\x36\x38\x4c\x35\x34\x2e\x30\x33\x37\x31\x20\x34\x32\x2e\
\x32\x39\x37\x32\x4c\x35\x33\x2e\x36\x35\x31\x37\x20\x34\x31\x2e\
\x35\x33\x39\x33\x4c\x35\x32\x2e\x34\x38\x35\x39\x20\x34\x30\x2e\
\x37\x37\x35\x31\x4c\x34\x33\x2e\x39\x33\x33\x36\x20\x33\x36\x2e\
\x31\x32\x32\x39\x43\x34\x33\x2e\x37\x38\x36\x38\x20\x33\x36\x2e\
\x32\x34\x31\x39\x20\x34\x33\x2e\x36\x30\x32\x37\x20\x33\x36\x2e\
\x33\x32\x30\x37\x20\x34\x33\x2e\x33\x37\x33\x38\x20\x33\x36\x2e\
\x33\x32\x34\x33\x56\x33\x36\x2e\x33\x35\x34\x36\x43\x34\x32\x2e\
\x39\x34\x38\x39\x20\x33\x36\x2e\x33\x38\x34\x20\x34\x32\x2e\x33\
\x32\x31\x33\x20\x33\x36\x2e\x33\x36\x35\x20\x34\x32\x2e\x31\x36\
\x36\x31\x20\x33\x36\x2e\x33\x35\x30\x36\x43\x34\x32\x2e\x30\x35\
\x39\x36\x20\x33\x36\x2e\x33\x33\x32\x31\x20\x34\x31\x2e\x39\x33\
\x38\x35\x20\x33\x36\x2e\x33\x31\x31\x39\x20\x34\x31\x2e\x38\x32\
\x35\x20\x33\x36\x2e\x32\x39\x38\x38\x43\x34\x31\x2e\x37\x36\x33\
\x36\x20\x33\x36\x2e\x32\x39\x31\x37\x20\x34\x31\x2e\x36\x39\x39\
\x20\x33\x36\x2e\x32\x38\x36\x31\x20\x34\x31\x2e\x36\x33\x36\x38\
\x20\x33\x36\x2e\x32\x38\x34\x38\x56\x33\x30\x2e\x38\x36\x39\x34\
\x43\x34\x31\x2e\x36\x36\x35\x20\x33\x30\x2e\x38\x38\x32\x38\x20\
\x34\x31\x2e\x36\x39\x38\x32\x20\x33\x30\x2e\x38\x38\x39\x34\x20\
\x34\x31\x2e\x37\x33\x33\x20\x33\x30\x2e\x38\x38\x36\x32\x43\x34\
\x32\x2e\x30\x38\x36\x20\x33\x30\x2e\x38\x35\x34\x35\x20\x34\x32\
\x2e\x34\x35\x31\x31\x20\x33\x30\x2e\x38\x34\x33\x38\x20\x34\x32\
\x2e\x37\x34\x39\x34\x20\x33\x30\x2e\x38\x34\x36\x34\x43\x34\x32\
\x2e\x38\x39\x38\x36\x20\x33\x30\x2e\x38\x34\x37\x37\x20\x34\x33\
\x2e\x30\x32\x39\x38\x20\x33\x30\x2e\x38\x35\x32\x34\x20\x34\x33\
\x2e\x31\x33\x33\x34\x20\x33\x30\x2e\x38\x35\x39\x32\x43\x34\x33\
\x2e\x32\x34\x31\x32\x20\x33\x30\x2e\x38\x36\x36\x33\x20\x34\x33\
\x2e\x33\x30\x37\x38\x20\x33\x30\x2e\x38\x37\x35\x20\x34\x33\x2e\
\x33\x33\x35\x20\x33\x30\x2e\x38\x38\x31\x36\x43\x34\x33\x2e\x34\
\x34\x39\x33\x20\x33\x30\x2e\x39\x30\x39\x33\x20\x34\x33\x2e\x35\
\x35\x33\x20\x33\x30\x2e\x39\x34\x32\x32\x20\x34\x33\x2e\x36\x36\
\x35\x36\x20\x33\x30\x2e\x39\x37\x39\x33\x43\x34\x33\x2e\x36\x35\
\x36\x31\x20\x33\x30\x2e\x39\x39\x31\x36\x20\x34\x33\x2e\x36\x34\
\x36\x37\x20\x33\x31\x2e\x30\x30\x34\x31\x20\x34\x33\x2e\x36\x33\
\x36\x38\x20\x33\x31\x2e\x30\x31\x36\x35\x43\x34\x34\x2e\x31\x32\
\x31\x37\x20\x33\x31\x2e\x33\x35\x32\x33\x20\x34\x34\x2e\x35\x32\
\x35\x20\x33\x31\x2e\x38\x37\x30\x38\x20\x34\x34\x2e\x35\x35\x38\
\x32\x20\x33\x32\x2e\x36\x33\x31\x39\x56\x33\x32\x2e\x38\x30\x31\
\x35\x4c\x34\x34\x2e\x35\x38\x31\x33\x20\x33\x32\x2e\x37\x38\x32\
\x35\x43\x34\x34\x2e\x36\x35\x36\x32\x20\x33\x32\x2e\x37\x32\x31\
\x32\x20\x34\x36\x2e\x30\x37\x38\x20\x33\x31\x2e\x38\x31\x34\x37\
\x20\x34\x37\x2e\x36\x35\x36\x37\x20\x33\x30\x2e\x33\x32\x36\x39\
\x4c\x34\x37\x2e\x36\x36\x31\x36\x20\x33\x30\x2e\x33\x32\x32\x32\
\x4c\x34\x37\x2e\x36\x36\x37\x36\x20\x33\x30\x2e\x33\x31\x38\x34\
\x4c\x34\x38\x2e\x37\x36\x39\x33\x20\x32\x39\x2e\x36\x30\x38\x39\
\x4c\x35\x31\x2e\x30\x35\x33\x33\x20\x32\x37\x2e\x37\x33\x37\x31\
\x4c\x35\x31\x2e\x35\x31\x33\x36\x20\x32\x37\x2e\x32\x39\x36\x39\
\x4c\x35\x31\x2e\x37\x34\x35\x39\x20\x32\x36\x2e\x35\x39\x39\x32\
\x4c\x35\x32\x2e\x32\x31\x39\x33\x20\x32\x35\x2e\x31\x31\x31\x36\
\x4c\x35\x32\x2e\x36\x39\x32\x32\x20\x32\x33\x2e\x33\x30\x32\x36\
\x4c\x35\x32\x2e\x36\x39\x33\x33\x20\x32\x33\x2e\x32\x39\x38\x35\
\x4c\x35\x32\x2e\x36\x39\x35\x20\x32\x33\x2e\x32\x39\x34\x37\x4c\
\x35\x32\x2e\x38\x36\x32\x38\x20\x32\x32\x2e\x39\x30\x31\x35\x5a\
\x4d\x36\x31\x2e\x32\x33\x35\x20\x33\x32\x2e\x39\x32\x36\x31\x43\
\x36\x31\x2e\x31\x34\x38\x33\x20\x33\x32\x2e\x39\x31\x38\x33\x20\
\x36\x31\x2e\x30\x37\x30\x33\x20\x33\x32\x2e\x39\x36\x39\x36\x20\
\x36\x31\x2e\x30\x36\x30\x37\x20\x33\x33\x2e\x30\x34\x30\x36\x43\
\x36\x31\x2e\x30\x35\x31\x32\x20\x33\x33\x2e\x31\x31\x31\x36\x20\
\x36\x31\x2e\x31\x31\x33\x38\x20\x33\x33\x2e\x31\x37\x35\x36\x20\
\x36\x31\x2e\x32\x30\x30\x35\x20\x33\x33\x2e\x31\x38\x33\x34\x43\
\x36\x31\x2e\x32\x33\x39\x34\x20\x33\x33\x2e\x31\x38\x36\x39\x20\
\x36\x31\x2e\x32\x39\x39\x35\x20\x33\x33\x2e\x32\x30\x30\x39\x20\
\x36\x31\x2e\x33\x38\x30\x37\x20\x33\x33\x2e\x32\x32\x34\x39\x43\
\x36\x31\x2e\x34\x36\x30\x37\x20\x33\x33\x2e\x32\x34\x38\x35\x20\
\x36\x31\x2e\x35\x34\x34\x32\x20\x33\x33\x2e\x32\x37\x36\x33\x20\
\x36\x31\x2e\x36\x33\x34\x31\x20\x33\x33\x2e\x33\x30\x34\x37\x43\
\x36\x31\x2e\x38\x30\x39\x39\x20\x33\x33\x2e\x33\x36\x30\x33\x20\
\x36\x32\x2e\x30\x33\x30\x38\x20\x33\x33\x2e\x34\x38\x31\x38\x20\
\x36\x32\x2e\x31\x37\x35\x38\x20\x33\x33\x2e\x35\x38\x30\x31\x43\
\x36\x32\x2e\x32\x32\x36\x38\x20\x33\x33\x2e\x36\x31\x34\x37\x20\
\x36\x32\x2e\x32\x37\x35\x36\x20\x33\x33\x2e\x36\x37\x31\x39\x20\
\x36\x32\x2e\x33\x32\x31\x39\x20\x33\x33\x2e\x37\x35\x32\x36\x43\
\x36\x32\x2e\x33\x36\x37\x35\x20\x33\x33\x2e\x38\x33\x32\x34\x20\
\x36\x32\x2e\x34\x30\x35\x35\x20\x33\x33\x2e\x39\x32\x35\x36\x20\
\x36\x32\x2e\x34\x34\x31\x35\x20\x33\x34\x2e\x30\x32\x33\x39\x43\
\x36\x32\x2e\x34\x38\x30\x36\x20\x33\x34\x2e\x31\x33\x30\x34\x20\
\x36\x32\x2e\x34\x35\x35\x34\x20\x33\x34\x2e\x32\x31\x33\x32\x20\
\x36\x32\x2e\x33\x39\x38\x35\x20\x33\x34\x2e\x32\x39\x31\x35\x43\
\x36\x32\x2e\x33\x33\x35\x36\x20\x33\x34\x2e\x33\x37\x38\x33\x20\
\x36\x32\x2e\x32\x34\x31\x35\x20\x33\x34\x2e\x34\x35\x30\x39\x20\
\x36\x32\x2e\x31\x33\x37\x39\x20\x33\x34\x2e\x35\x33\x38\x39\x43\
\x36\x32\x2e\x30\x38\x34\x31\x20\x33\x34\x2e\x35\x38\x34\x35\x20\
\x36\x31\x2e\x39\x39\x31\x34\x20\x33\x34\x2e\x36\x33\x35\x39\x20\
\x36\x31\x2e\x38\x31\x30\x38\x20\x33\x34\x2e\x37\x31\x31\x43\x36\
\x31\x2e\x36\x33\x32\x33\x20\x33\x34\x2e\x37\x38\x35\x33\x20\x36\
\x31\x2e\x33\x38\x34\x20\x33\x34\x2e\x38\x37\x36\x35\x20\x36\x31\
\x2e\x30\x33\x30\x37\x20\x33\x35\x2e\x30\x30\x36\x34\x43\x36\x30\
\x2e\x38\x36\x35\x32\x20\x33\x35\x2e\x30\x36\x37\x32\x20\x36\x30\
\x2e\x37\x31\x30\x31\x20\x33\x35\x2e\x31\x31\x34\x34\x20\x36\x30\
\x2e\x35\x36\x32\x32\x20\x33\x35\x2e\x31\x35\x37\x38\x43\x36\x30\
\x2e\x34\x31\x36\x31\x20\x33\x35\x2e\x32\x30\x30\x36\x20\x36\x30\
\x2e\x32\x37\x32\x31\x20\x33\x35\x2e\x32\x34\x31\x31\x20\x36\x30\
\x2e\x31\x33\x38\x37\x20\x33\x35\x2e\x32\x38\x35\x39\x43\x36\x30\
\x2e\x30\x37\x38\x33\x20\x33\x35\x2e\x33\x30\x36\x32\x20\x35\x39\
\x2e\x39\x39\x39\x36\x20\x33\x35\x2e\x33\x32\x30\x34\x20\x35\x39\
\x2e\x39\x30\x30\x35\x20\x33\x35\x2e\x33\x33\x35\x36\x43\x35\x39\
\x2e\x38\x30\x37\x31\x20\x33\x35\x2e\x33\x34\x39\x39\x20\x35\x39\
\x2e\x36\x39\x34\x38\x20\x33\x35\x2e\x33\x36\x35\x32\x20\x35\x39\
\x2e\x35\x39\x30\x38\x20\x33\x35\x2e\x33\x38\x38\x37\x43\x35\x39\
\x2e\x34\x38\x37\x39\x20\x33\x35\x2e\x34\x31\x31\x39\x20\x35\x39\
\x2e\x33\x37\x32\x31\x20\x33\x35\x2e\x34\x33\x32\x38\x20\x35\x39\
\x2e\x32\x35\x34\x35\x20\x33\x35\x2e\x34\x35\x33\x38\x43\x35\x39\
\x2e\x31\x33\x39\x31\x20\x33\x35\x2e\x34\x37\x34\x34\x20\x35\x39\
\x2e\x30\x32\x30\x34\x20\x33\x35\x2e\x34\x39\x35\x34\x20\x35\x38\
\x2e\x39\x31\x39\x37\x20\x33\x35\x2e\x35\x31\x38\x31\x43\x35\x38\
\x2e\x38\x33\x30\x36\x20\x33\x35\x2e\x35\x33\x38\x32\x20\x35\x38\
\x2e\x37\x33\x30\x32\x20\x33\x35\x2e\x35\x35\x30\x38\x20\x35\x38\
\x2e\x36\x31\x35\x33\x20\x33\x35\x2e\x35\x36\x34\x31\x43\x35\x38\
\x2e\x35\x30\x33\x37\x20\x33\x35\x2e\x35\x37\x37\x31\x20\x35\x38\
\x2e\x33\x37\x38\x37\x20\x33\x35\x2e\x35\x39\x30\x37\x20\x35\x38\
\x2e\x32\x35\x35\x35\x20\x33\x35\x2e\x36\x31\x33\x38\x43\x35\x37\
\x2e\x39\x36\x34\x36\x20\x33\x35\x2e\x36\x36\x38\x32\x20\x35\x37\
\x2e\x36\x37\x38\x32\x20\x33\x35\x2e\x37\x30\x39\x37\x20\x35\x37\
\x2e\x33\x37\x36\x31\x20\x33\x35\x2e\x37\x35\x32\x35\x43\x35\x37\
\x2e\x31\x36\x34\x31\x20\x33\x35\x2e\x37\x38\x32\x36\x20\x35\x36\
\x2e\x39\x38\x30\x32\x20\x33\x35\x2e\x38\x31\x35\x35\x20\x35\x36\
\x2e\x38\x30\x39\x32\x20\x33\x35\x2e\x38\x34\x36\x36\x43\x35\x36\
\x2e\x36\x33\x37\x34\x20\x33\x35\x2e\x38\x37\x37\x38\x20\x35\x36\
\x2e\x34\x38\x30\x32\x20\x33\x35\x2e\x39\x30\x36\x39\x20\x35\x36\
\x2e\x33\x31\x36\x20\x33\x35\x2e\x39\x33\x30\x38\x43\x35\x36\x2e\
\x31\x39\x31\x38\x20\x33\x35\x2e\x39\x34\x38\x38\x20\x35\x36\x2e\
\x30\x37\x39\x36\x20\x33\x35\x2e\x39\x35\x33\x20\x35\x35\x2e\x38\
\x36\x37\x39\x20\x33\x35\x2e\x39\x35\x34\x43\x35\x35\x2e\x36\x35\
\x37\x20\x33\x35\x2e\x39\x35\x35\x20\x35\x35\x2e\x33\x35\x32\x31\
\x20\x33\x35\x2e\x39\x35\x33\x31\x20\x35\x34\x2e\x38\x35\x35\x33\
\x20\x33\x35\x2e\x39\x36\x31\x32\x43\x35\x33\x2e\x39\x30\x36\x38\
\x20\x33\x35\x2e\x39\x37\x36\x37\x20\x35\x32\x2e\x30\x34\x36\x20\
\x33\x35\x2e\x39\x36\x36\x36\x20\x35\x31\x2e\x30\x30\x39\x31\x20\
\x33\x35\x2e\x39\x35\x30\x36\x43\x35\x30\x2e\x34\x31\x34\x37\x20\
\x33\x35\x2e\x39\x34\x31\x34\x20\x35\x30\x2e\x30\x36\x35\x35\x20\
\x33\x35\x2e\x39\x31\x38\x38\x20\x34\x39\x2e\x38\x34\x39\x34\x20\
\x33\x35\x2e\x38\x39\x36\x32\x43\x34\x39\x2e\x36\x32\x39\x31\x20\
\x33\x35\x2e\x38\x37\x33\x33\x20\x34\x39\x2e\x35\x35\x39\x34\x20\
\x33\x35\x2e\x38\x35\x32\x39\x20\x34\x39\x2e\x34\x36\x39\x36\x20\
\x33\x35\x2e\x38\x33\x39\x35\x43\x34\x39\x2e\x31\x31\x35\x36\x20\
\x33\x35\x2e\x37\x38\x36\x37\x20\x34\x38\x2e\x38\x35\x36\x38\x20\
\x33\x35\x2e\x37\x34\x33\x32\x20\x34\x38\x2e\x35\x38\x36\x34\x20\
\x33\x35\x2e\x36\x38\x35\x33\x43\x34\x38\x2e\x33\x32\x32\x38\x20\
\x33\x35\x2e\x36\x32\x38\x39\x20\x34\x38\x2e\x31\x37\x30\x32\x20\
\x33\x35\x2e\x35\x37\x37\x32\x20\x34\x38\x2e\x30\x31\x34\x38\x20\
\x33\x35\x2e\x35\x32\x33\x39\x43\x34\x37\x2e\x38\x37\x34\x32\x20\
\x33\x35\x2e\x34\x37\x35\x37\x20\x34\x37\x2e\x37\x32\x33\x36\x20\
\x33\x35\x2e\x34\x30\x35\x31\x20\x34\x37\x2e\x35\x37\x35\x20\x33\
\x35\x2e\x33\x31\x33\x35\x43\x34\x37\x2e\x35\x30\x33\x38\x20\x33\
\x35\x2e\x32\x36\x39\x37\x20\x34\x37\x2e\x34\x30\x34\x20\x33\x35\
\x2e\x31\x38\x31\x35\x20\x34\x37\x2e\x32\x38\x30\x31\x20\x33\x35\
\x2e\x30\x37\x31\x32\x43\x34\x37\x2e\x31\x36\x33\x32\x20\x33\x34\
\x2e\x39\x36\x37\x32\x20\x34\x37\x2e\x30\x32\x39\x20\x33\x34\x2e\
\x38\x34\x37\x36\x20\x34\x36\x2e\x39\x30\x33\x34\x20\x33\x34\x2e\
\x37\x36\x32\x31\x43\x34\x36\x2e\x37\x30\x30\x34\x20\x33\x34\x2e\
\x36\x32\x33\x39\x20\x34\x36\x2e\x34\x38\x32\x35\x20\x33\x34\x2e\
\x35\x38\x36\x34\x20\x34\x36\x2e\x32\x39\x38\x39\x20\x33\x34\x2e\
\x35\x32\x39\x39\x4c\x34\x36\x2e\x32\x38\x37\x32\x20\x33\x34\x2e\
\x35\x32\x36\x34\x4c\x34\x36\x2e\x32\x37\x35\x20\x33\x34\x2e\x35\
\x32\x34\x33\x4c\x34\x36\x2e\x32\x34\x32\x33\x20\x33\x34\x2e\x35\
\x31\x39\x35\x43\x34\x36\x2e\x32\x30\x39\x37\x20\x33\x34\x2e\x35\
\x31\x35\x35\x20\x34\x36\x2e\x31\x37\x37\x37\x20\x33\x34\x2e\x35\
\x31\x33\x33\x20\x34\x36\x2e\x31\x35\x30\x34\x20\x33\x34\x2e\x35\
\x31\x31\x37\x43\x34\x36\x2e\x31\x30\x39\x36\x20\x33\x34\x2e\x35\
\x30\x39\x33\x20\x34\x36\x2e\x30\x38\x32\x36\x20\x33\x34\x2e\x35\
\x30\x38\x35\x20\x34\x36\x2e\x30\x35\x36\x36\x20\x33\x34\x2e\x35\
\x30\x36\x31\x43\x34\x36\x2e\x30\x31\x34\x35\x20\x33\x34\x2e\x35\
\x30\x32\x34\x20\x34\x35\x2e\x39\x38\x38\x37\x20\x33\x34\x2e\x34\
\x39\x35\x35\x20\x34\x35\x2e\x39\x35\x30\x34\x20\x33\x34\x2e\x34\
\x38\x35\x43\x34\x35\x2e\x38\x36\x37\x37\x20\x33\x34\x2e\x34\x36\
\x32\x35\x20\x34\x35\x2e\x37\x37\x38\x33\x20\x33\x34\x2e\x34\x39\
\x39\x20\x34\x35\x2e\x37\x35\x30\x37\x20\x33\x34\x2e\x35\x36\x36\
\x38\x43\x34\x35\x2e\x37\x32\x33\x31\x20\x33\x34\x2e\x36\x33\x34\
\x36\x20\x34\x35\x2e\x37\x36\x37\x38\x20\x33\x34\x2e\x37\x30\x37\
\x39\x20\x34\x35\x2e\x38\x35\x30\x34\x20\x33\x34\x2e\x37\x33\x30\
\x35\x43\x34\x35\x2e\x38\x39\x32\x35\x20\x33\x34\x2e\x37\x34\x32\
\x20\x34\x35\x2e\x39\x34\x35\x31\x20\x33\x34\x2e\x37\x35\x36\x36\
\x20\x34\x36\x2e\x30\x32\x32\x35\x20\x33\x34\x2e\x37\x36\x33\x35\
\x43\x34\x36\x2e\x30\x35\x36\x33\x20\x33\x34\x2e\x37\x36\x36\x35\
\x20\x34\x36\x2e\x30\x39\x38\x33\x20\x33\x34\x2e\x37\x36\x38\x32\
\x20\x34\x36\x2e\x31\x32\x38\x20\x33\x34\x2e\x37\x36\x39\x39\x43\
\x34\x36\x2e\x31\x35\x37\x37\x20\x33\x34\x2e\x37\x37\x31\x36\x20\
\x34\x36\x2e\x31\x38\x32\x35\x20\x33\x34\x2e\x37\x37\x33\x38\x20\
\x34\x36\x2e\x32\x30\x33\x31\x20\x33\x34\x2e\x37\x37\x36\x37\x43\
\x34\x36\x2e\x34\x33\x30\x37\x20\x33\x34\x2e\x38\x34\x35\x37\x20\
\x34\x36\x2e\x35\x35\x36\x31\x20\x33\x34\x2e\x38\x36\x32\x32\x20\
\x34\x36\x2e\x37\x30\x31\x35\x20\x33\x34\x2e\x39\x36\x31\x31\x43\
\x34\x36\x2e\x38\x30\x37\x36\x20\x33\x35\x2e\x30\x33\x33\x33\x20\
\x34\x36\x2e\x39\x32\x36\x37\x20\x33\x35\x2e\x31\x33\x38\x37\x20\
\x34\x37\x2e\x30\x34\x37\x39\x20\x33\x35\x2e\x32\x34\x36\x35\x43\
\x34\x37\x2e\x31\x36\x32\x20\x33\x35\x2e\x33\x34\x38\x31\x20\x34\
\x37\x2e\x32\x38\x35\x32\x20\x33\x35\x2e\x34\x35\x38\x37\x20\x34\
\x37\x2e\x33\x38\x35\x33\x20\x33\x35\x2e\x35\x32\x30\x34\x43\x34\
\x37\x2e\x35\x35\x32\x38\x20\x33\x35\x2e\x36\x32\x33\x36\x20\x34\
\x37\x2e\x37\x32\x36\x20\x33\x35\x2e\x37\x30\x35\x34\x20\x34\x37\
\x2e\x38\x39\x32\x39\x20\x33\x35\x2e\x37\x36\x32\x37\x43\x34\x38\
\x2e\x30\x35\x33\x37\x20\x33\x35\x2e\x38\x31\x37\x38\x20\x34\x38\
\x2e\x32\x32\x32\x20\x33\x35\x2e\x38\x37\x34\x39\x20\x34\x38\x2e\
\x35\x30\x36\x37\x20\x33\x35\x2e\x39\x33\x35\x38\x4c\x34\x38\x2e\
\x36\x31\x31\x39\x20\x33\x35\x2e\x39\x35\x37\x37\x43\x34\x38\x2e\
\x38\x35\x36\x35\x20\x33\x36\x2e\x30\x30\x37\x33\x20\x34\x39\x2e\
\x31\x30\x30\x35\x20\x33\x36\x2e\x30\x34\x37\x35\x20\x34\x39\x2e\
\x34\x31\x33\x31\x20\x33\x36\x2e\x30\x39\x34\x32\x43\x34\x39\x2e\
\x34\x36\x37\x36\x20\x33\x36\x2e\x31\x30\x32\x33\x20\x34\x39\x2e\
\x35\x38\x32\x37\x20\x33\x36\x2e\x31\x32\x39\x33\x20\x34\x39\x2e\
\x38\x30\x39\x36\x20\x33\x36\x2e\x31\x35\x32\x39\x43\x35\x30\x2e\
\x30\x34\x30\x39\x20\x33\x36\x2e\x31\x37\x37\x20\x35\x30\x2e\x34\
\x30\x32\x31\x20\x33\x36\x2e\x32\x30\x30\x32\x20\x35\x31\x2e\x30\
\x30\x33\x20\x33\x36\x2e\x32\x30\x39\x34\x43\x35\x32\x2e\x30\x34\
\x31\x38\x20\x33\x36\x2e\x32\x32\x35\x35\x20\x35\x33\x2e\x39\x30\
\x37\x33\x20\x33\x36\x2e\x32\x33\x35\x35\x20\x35\x34\x2e\x38\x36\
\x31\x37\x20\x33\x36\x2e\x32\x31\x39\x39\x43\x35\x35\x2e\x33\x35\
\x35\x35\x20\x33\x36\x2e\x32\x31\x31\x39\x20\x35\x35\x2e\x36\x35\
\x34\x39\x20\x33\x36\x2e\x32\x31\x33\x39\x20\x35\x35\x2e\x38\x36\
\x39\x37\x20\x33\x36\x2e\x32\x31\x32\x38\x43\x35\x36\x2e\x30\x38\
\x33\x37\x20\x33\x36\x2e\x32\x31\x31\x38\x20\x35\x36\x2e\x32\x31\
\x38\x38\x20\x33\x36\x2e\x32\x30\x37\x38\x20\x35\x36\x2e\x33\x37\
\x31\x32\x20\x33\x36\x2e\x31\x38\x35\x37\x43\x35\x36\x2e\x35\x34\
\x33\x35\x20\x33\x36\x2e\x31\x36\x30\x37\x20\x35\x36\x2e\x37\x30\
\x38\x20\x33\x36\x2e\x31\x33\x30\x32\x20\x35\x36\x2e\x38\x37\x37\
\x36\x20\x33\x36\x2e\x30\x39\x39\x33\x43\x35\x37\x2e\x30\x34\x38\
\x31\x20\x33\x36\x2e\x30\x36\x38\x34\x20\x35\x37\x2e\x32\x32\x35\
\x37\x20\x33\x36\x2e\x30\x33\x36\x36\x20\x35\x37\x2e\x34\x32\x39\
\x39\x20\x33\x36\x2e\x30\x30\x37\x36\x43\x35\x37\x2e\x37\x33\x31\
\x37\x20\x33\x35\x2e\x39\x36\x34\x38\x20\x35\x38\x2e\x30\x32\x35\
\x38\x20\x33\x35\x2e\x39\x32\x32\x33\x20\x35\x38\x2e\x33\x32\x35\
\x38\x20\x33\x35\x2e\x38\x36\x36\x32\x43\x35\x38\x2e\x34\x33\x33\
\x33\x20\x33\x35\x2e\x38\x34\x36\x31\x20\x35\x38\x2e\x35\x34\x33\
\x36\x20\x33\x35\x2e\x38\x33\x33\x39\x20\x35\x38\x2e\x36\x35\x39\
\x35\x20\x33\x35\x2e\x38\x32\x30\x34\x43\x35\x38\x2e\x37\x37\x32\
\x33\x20\x33\x35\x2e\x38\x30\x37\x33\x20\x35\x38\x2e\x38\x39\x32\
\x20\x33\x35\x2e\x37\x39\x32\x38\x20\x35\x39\x2e\x30\x30\x33\x34\
\x20\x33\x35\x2e\x37\x36\x37\x37\x43\x35\x39\x2e\x30\x39\x34\x31\
\x20\x33\x35\x2e\x37\x34\x37\x33\x20\x35\x39\x2e\x32\x30\x33\x34\
\x20\x33\x35\x2e\x37\x32\x37\x38\x20\x35\x39\x2e\x33\x32\x31\x37\
\x20\x33\x35\x2e\x37\x30\x36\x37\x43\x35\x39\x2e\x34\x33\x37\x39\
\x20\x33\x35\x2e\x36\x38\x35\x39\x20\x35\x39\x2e\x35\x36\x32\x20\
\x33\x35\x2e\x36\x36\x33\x37\x20\x35\x39\x2e\x36\x37\x34\x35\x20\
\x33\x35\x2e\x36\x33\x38\x33\x43\x35\x39\x2e\x37\x36\x32\x20\x33\
\x35\x2e\x36\x31\x38\x36\x20\x35\x39\x2e\x38\x35\x35\x35\x20\x33\
\x35\x2e\x36\x30\x35\x38\x20\x35\x39\x2e\x39\x35\x38\x36\x20\x33\
\x35\x2e\x35\x39\x43\x36\x30\x2e\x30\x35\x35\x39\x20\x33\x35\x2e\
\x35\x37\x35\x31\x20\x36\x30\x2e\x31\x36\x34\x35\x20\x33\x35\x2e\
\x35\x35\x36\x39\x20\x36\x30\x2e\x32\x35\x38\x35\x20\x33\x35\x2e\
\x35\x32\x35\x33\x43\x36\x30\x2e\x33\x38\x33\x31\x20\x33\x35\x2e\
\x34\x38\x33\x34\x20\x36\x30\x2e\x35\x31\x36\x34\x20\x33\x35\x2e\
\x34\x34\x36\x32\x20\x36\x30\x2e\x36\x36\x38\x36\x20\x33\x35\x2e\
\x34\x30\x31\x36\x43\x36\x30\x2e\x38\x31\x38\x39\x20\x33\x35\x2e\
\x33\x35\x37\x35\x20\x36\x30\x2e\x39\x38\x33\x31\x20\x33\x35\x2e\
\x33\x30\x37\x35\x20\x36\x31\x2e\x31\x35\x39\x39\x20\x33\x35\x2e\
\x32\x34\x32\x36\x43\x36\x31\x2e\x35\x31\x20\x33\x35\x2e\x31\x31\
\x33\x39\x20\x36\x31\x2e\x37\x36\x36\x38\x20\x33\x35\x2e\x30\x31\
\x39\x36\x20\x36\x31\x2e\x39\x35\x33\x38\x20\x33\x34\x2e\x39\x34\
\x31\x38\x43\x36\x32\x2e\x31\x33\x38\x37\x20\x33\x34\x2e\x38\x36\
\x34\x39\x20\x36\x32\x2e\x32\x37\x32\x32\x20\x33\x34\x2e\x37\x39\
\x37\x34\x20\x36\x32\x2e\x33\x36\x35\x20\x33\x34\x2e\x37\x31\x38\
\x36\x43\x36\x32\x2e\x34\x35\x32\x32\x20\x33\x34\x2e\x36\x34\x34\
\x36\x20\x36\x32\x2e\x35\x38\x32\x39\x20\x33\x34\x2e\x35\x34\x33\
\x37\x20\x36\x32\x2e\x36\x36\x39\x39\x20\x33\x34\x2e\x34\x32\x33\
\x39\x43\x36\x32\x2e\x37\x36\x33\x20\x33\x34\x2e\x32\x39\x35\x36\
\x20\x36\x32\x2e\x38\x31\x33\x20\x33\x34\x2e\x31\x33\x38\x32\x20\
\x36\x32\x2e\x37\x34\x33\x39\x20\x33\x33\x2e\x39\x34\x39\x36\x43\
\x36\x32\x2e\x37\x30\x36\x39\x20\x33\x33\x2e\x38\x34\x38\x34\x20\
\x36\x32\x2e\x36\x36\x33\x36\x20\x33\x33\x2e\x37\x34\x30\x34\x20\
\x36\x32\x2e\x36\x30\x37\x38\x20\x33\x33\x2e\x36\x34\x32\x38\x43\
\x36\x32\x2e\x35\x35\x32\x35\x20\x33\x33\x2e\x35\x34\x36\x33\x20\
\x36\x32\x2e\x34\x37\x39\x34\x20\x33\x33\x2e\x34\x35\x30\x31\x20\
\x36\x32\x2e\x33\x37\x37\x31\x20\x33\x33\x2e\x33\x38\x30\x37\x43\
\x36\x32\x2e\x32\x31\x39\x20\x33\x33\x2e\x32\x37\x33\x36\x20\x36\
\x31\x2e\x39\x36\x38\x20\x33\x33\x2e\x31\x33\x32\x39\x20\x36\x31\
\x2e\x37\x34\x37\x36\x20\x33\x33\x2e\x30\x36\x33\x32\x43\x36\x31\
\x2e\x36\x36\x36\x20\x33\x33\x2e\x30\x33\x37\x34\x20\x36\x31\x2e\
\x35\x37\x31\x38\x20\x33\x33\x2e\x30\x30\x36\x31\x20\x36\x31\x2e\
\x34\x38\x37\x37\x20\x33\x32\x2e\x39\x38\x31\x33\x43\x36\x31\x2e\
\x34\x30\x34\x39\x20\x33\x32\x2e\x39\x35\x36\x39\x20\x36\x31\x2e\
\x33\x31\x34\x31\x20\x33\x32\x2e\x39\x33\x33\x32\x20\x36\x31\x2e\
\x32\x33\x35\x20\x33\x32\x2e\x39\x32\x36\x31\x5a\x4d\x36\x30\x2e\
\x37\x30\x37\x34\x20\x33\x34\x2e\x32\x36\x36\x31\x43\x36\x30\x2e\
\x36\x35\x31\x37\x20\x33\x34\x2e\x32\x31\x31\x32\x20\x36\x30\x2e\
\x35\x35\x32\x31\x20\x33\x34\x2e\x32\x30\x33\x38\x20\x36\x30\x2e\
\x34\x38\x35\x31\x20\x33\x34\x2e\x32\x34\x39\x35\x43\x36\x30\x2e\
\x34\x31\x30\x35\x20\x33\x34\x2e\x33\x30\x30\x33\x20\x36\x30\x2e\
\x33\x38\x31\x39\x20\x33\x34\x2e\x33\x31\x34\x39\x20\x36\x30\x2e\
\x33\x34\x33\x38\x20\x33\x34\x2e\x33\x33\x30\x35\x43\x36\x30\x2e\
\x32\x39\x38\x31\x20\x33\x34\x2e\x33\x34\x39\x31\x20\x36\x30\x2e\
\x32\x33\x38\x39\x20\x33\x34\x2e\x33\x36\x38\x36\x20\x36\x30\x2e\
\x31\x38\x37\x38\x20\x33\x34\x2e\x33\x38\x34\x33\x4c\x36\x30\x2e\
\x31\x38\x36\x38\x20\x33\x34\x2e\x33\x38\x34\x37\x43\x36\x30\x2e\
\x30\x38\x33\x34\x20\x33\x34\x2e\x34\x31\x37\x31\x20\x35\x39\x2e\
\x39\x35\x34\x20\x33\x34\x2e\x34\x34\x36\x31\x20\x35\x39\x2e\x38\
\x30\x37\x33\x20\x33\x34\x2e\x34\x37\x38\x37\x43\x35\x39\x2e\x36\
\x36\x34\x32\x20\x33\x34\x2e\x35\x31\x30\x36\x20\x35\x39\x2e\x35\
\x30\x36\x36\x20\x33\x34\x2e\x35\x34\x35\x35\x20\x35\x39\x2e\x33\
\x36\x30\x34\x20\x33\x34\x2e\x35\x38\x38\x37\x43\x35\x39\x2e\x31\
\x32\x35\x32\x20\x33\x34\x2e\x36\x35\x38\x31\x20\x35\x38\x2e\x38\
\x38\x31\x33\x20\x33\x34\x2e\x37\x32\x35\x38\x20\x35\x38\x2e\x35\
\x38\x35\x32\x20\x33\x34\x2e\x37\x36\x36\x31\x43\x35\x38\x2e\x33\
\x31\x37\x33\x20\x33\x34\x2e\x38\x30\x32\x36\x20\x35\x37\x2e\x38\
\x37\x39\x38\x20\x33\x34\x2e\x38\x35\x32\x33\x20\x35\x37\x2e\x35\
\x38\x38\x39\x20\x33\x34\x2e\x39\x30\x37\x38\x43\x35\x37\x2e\x33\
\x39\x33\x38\x20\x33\x34\x2e\x39\x34\x35\x20\x35\x37\x2e\x31\x34\
\x37\x34\x20\x33\x35\x2e\x30\x30\x36\x20\x35\x36\x2e\x35\x31\x32\
\x32\x20\x33\x35\x2e\x30\x31\x37\x38\x43\x35\x36\x2e\x32\x31\x37\
\x31\x20\x33\x35\x2e\x30\x32\x33\x32\x20\x35\x35\x2e\x39\x33\x37\
\x20\x33\x35\x2e\x30\x34\x33\x20\x35\x35\x2e\x36\x37\x39\x34\x20\
\x33\x35\x2e\x30\x36\x32\x39\x43\x35\x35\x2e\x34\x31\x39\x38\x20\
\x33\x35\x2e\x30\x38\x32\x39\x20\x35\x35\x2e\x31\x38\x37\x20\x33\
\x35\x2e\x31\x30\x32\x37\x20\x35\x34\x2e\x39\x37\x37\x20\x33\x35\
\x2e\x31\x30\x39\x35\x43\x35\x34\x2e\x37\x32\x34\x39\x20\x33\x35\
\x2e\x31\x31\x37\x37\x20\x35\x34\x2e\x34\x37\x37\x34\x20\x33\x35\
\x2e\x31\x34\x30\x32\x20\x35\x34\x2e\x32\x31\x37\x35\x20\x33\x35\
\x2e\x31\x36\x31\x31\x43\x35\x33\x2e\x39\x35\x36\x31\x20\x33\x35\
\x2e\x31\x38\x32\x31\x20\x35\x33\x2e\x36\x37\x36\x37\x20\x33\x35\
\x2e\x32\x30\x31\x38\x20\x35\x33\x2e\x33\x35\x31\x20\x33\x35\x2e\
\x32\x30\x36\x34\x43\x35\x32\x2e\x32\x32\x31\x35\x20\x33\x35\x2e\
\x32\x32\x32\x34\x20\x35\x31\x2e\x35\x31\x38\x32\x20\x33\x35\x2e\
\x32\x32\x32\x35\x20\x35\x31\x2e\x34\x36\x36\x37\x20\x33\x35\x2e\
\x32\x32\x32\x35\x43\x35\x31\x2e\x33\x37\x39\x36\x20\x33\x35\x2e\
\x32\x32\x32\x35\x20\x35\x31\x2e\x33\x30\x38\x38\x20\x33\x35\x2e\
\x32\x38\x30\x34\x20\x35\x31\x2e\x33\x30\x38\x38\x20\x33\x35\x2e\
\x33\x35\x31\x39\x43\x35\x31\x2e\x33\x30\x38\x38\x20\x33\x35\x2e\
\x34\x32\x33\x34\x20\x35\x31\x2e\x33\x37\x39\x36\x20\x33\x35\x2e\
\x34\x38\x31\x33\x20\x35\x31\x2e\x34\x36\x36\x37\x20\x33\x35\x2e\
\x34\x38\x31\x33\x43\x35\x31\x2e\x35\x31\x39\x35\x20\x33\x35\x2e\
\x34\x38\x31\x33\x20\x35\x32\x2e\x32\x32\x34\x37\x20\x33\x35\x2e\
\x34\x38\x31\x33\x20\x35\x33\x2e\x33\x35\x36\x34\x20\x33\x35\x2e\
\x34\x36\x35\x33\x43\x35\x33\x2e\x36\x39\x34\x38\x20\x33\x35\x2e\
\x34\x36\x30\x35\x20\x35\x33\x2e\x39\x38\x34\x31\x20\x33\x35\x2e\
\x34\x33\x39\x38\x20\x35\x34\x2e\x32\x34\x38\x32\x20\x33\x35\x2e\
\x34\x31\x38\x36\x43\x35\x34\x2e\x35\x31\x33\x39\x20\x33\x35\x2e\
\x33\x39\x37\x33\x20\x35\x34\x2e\x37\x34\x39\x31\x20\x33\x35\x2e\
\x33\x37\x35\x39\x20\x35\x34\x2e\x39\x38\x39\x35\x20\x33\x35\x2e\
\x33\x36\x38\x31\x43\x35\x35\x2e\x32\x31\x30\x35\x20\x33\x35\x2e\
\x33\x36\x30\x39\x20\x35\x35\x2e\x34\x35\x34\x38\x20\x33\x35\x2e\
\x33\x34\x30\x32\x20\x35\x35\x2e\x37\x30\x39\x20\x33\x35\x2e\x33\
\x32\x30\x36\x43\x35\x35\x2e\x39\x36\x35\x35\x20\x33\x35\x2e\x33\
\x30\x30\x38\x20\x35\x36\x2e\x32\x33\x36\x32\x20\x33\x35\x2e\x32\
\x38\x31\x37\x20\x35\x36\x2e\x35\x31\x39\x33\x20\x33\x35\x2e\x32\
\x37\x36\x35\x43\x35\x37\x2e\x31\x38\x37\x31\x20\x33\x35\x2e\x32\
\x36\x34\x31\x20\x35\x37\x2e\x34\x35\x38\x37\x20\x33\x35\x2e\x31\
\x39\x38\x34\x20\x35\x37\x2e\x36\x36\x30\x34\x20\x33\x35\x2e\x31\
\x35\x39\x39\x43\x35\x37\x2e\x39\x33\x38\x32\x20\x33\x35\x2e\x31\
\x30\x36\x39\x20\x35\x38\x2e\x33\x35\x32\x39\x20\x33\x35\x2e\x30\
\x36\x20\x35\x38\x2e\x36\x33\x36\x39\x20\x33\x35\x2e\x30\x32\x31\
\x34\x43\x35\x38\x2e\x39\x36\x32\x33\x20\x33\x34\x2e\x39\x37\x37\
\x32\x20\x35\x39\x2e\x32\x32\x38\x32\x20\x33\x34\x2e\x39\x30\x32\
\x38\x20\x35\x39\x2e\x34\x36\x37\x34\x20\x33\x34\x2e\x38\x33\x32\
\x32\x43\x35\x39\x2e\x35\x39\x39\x35\x20\x33\x34\x2e\x37\x39\x33\
\x32\x20\x35\x39\x2e\x37\x34\x34\x33\x20\x33\x34\x2e\x37\x36\x31\
\x20\x35\x39\x2e\x38\x39\x20\x33\x34\x2e\x37\x32\x38\x36\x43\x36\
\x30\x2e\x30\x33\x31\x37\x20\x33\x34\x2e\x36\x39\x37\x20\x36\x30\
\x2e\x31\x37\x37\x34\x20\x33\x34\x2e\x36\x36\x34\x35\x20\x36\x30\
\x2e\x32\x39\x38\x35\x20\x33\x34\x2e\x36\x32\x36\x36\x4c\x36\x30\
\x2e\x32\x39\x38\x36\x20\x33\x34\x2e\x36\x32\x36\x37\x43\x36\x30\
\x2e\x33\x35\x32\x39\x20\x33\x34\x2e\x36\x31\x30\x31\x20\x36\x30\
\x2e\x34\x32\x34\x31\x20\x33\x34\x2e\x35\x38\x36\x38\x20\x36\x30\
\x2e\x34\x38\x34\x36\x20\x33\x34\x2e\x35\x36\x32\x31\x43\x36\x30\
\x2e\x35\x35\x32\x36\x20\x33\x34\x2e\x35\x33\x34\x34\x20\x36\x30\
\x2e\x36\x30\x32\x33\x20\x33\x34\x2e\x35\x30\x36\x32\x20\x36\x30\
\x2e\x36\x38\x37\x31\x20\x33\x34\x2e\x34\x34\x38\x34\x43\x36\x30\
\x2e\x37\x35\x34\x31\x20\x33\x34\x2e\x34\x30\x32\x37\x20\x36\x30\
\x2e\x37\x36\x33\x32\x20\x33\x34\x2e\x33\x32\x31\x31\x20\x36\x30\
\x2e\x37\x30\x37\x34\x20\x33\x34\x2e\x32\x36\x36\x31\x5a\x4d\x36\
\x30\x2e\x37\x33\x37\x32\x20\x33\x33\x2e\x31\x38\x39\x37\x43\x36\
\x30\x2e\x36\x37\x35\x35\x20\x33\x33\x2e\x31\x33\x39\x32\x20\x36\
\x30\x2e\x35\x37\x35\x36\x20\x33\x33\x2e\x31\x33\x39\x32\x20\x36\
\x30\x2e\x35\x31\x33\x39\x20\x33\x33\x2e\x31\x38\x39\x37\x43\x36\
\x30\x2e\x34\x34\x37\x36\x20\x33\x33\x2e\x32\x34\x34\x20\x36\x30\
\x2e\x33\x38\x38\x34\x20\x33\x33\x2e\x32\x39\x32\x32\x20\x36\x30\
\x2e\x33\x34\x31\x34\x20\x33\x33\x2e\x33\x32\x36\x32\x43\x36\x30\
\x2e\x31\x37\x38\x20\x33\x33\x2e\x34\x32\x32\x39\x20\x35\x39\x2e\
\x39\x30\x36\x36\x20\x33\x33\x2e\x35\x34\x34\x32\x20\x35\x39\x2e\
\x36\x37\x37\x20\x33\x33\x2e\x36\x35\x34\x39\x43\x35\x39\x2e\x35\
\x32\x37\x35\x20\x33\x33\x2e\x37\x32\x36\x32\x20\x35\x39\x2e\x30\
\x32\x36\x36\x20\x33\x33\x2e\x39\x32\x38\x38\x20\x35\x38\x2e\x35\
\x36\x30\x31\x20\x33\x34\x2e\x30\x32\x34\x43\x35\x38\x2e\x33\x30\
\x34\x38\x20\x33\x34\x2e\x30\x37\x36\x31\x20\x35\x37\x2e\x38\x39\
\x37\x38\x20\x33\x34\x2e\x32\x32\x36\x36\x20\x35\x37\x2e\x30\x31\
\x34\x37\x20\x33\x34\x2e\x32\x36\x33\x43\x35\x36\x2e\x35\x20\x33\
\x34\x2e\x32\x38\x34\x32\x20\x35\x36\x2e\x31\x36\x31\x37\x20\x33\
\x34\x2e\x32\x38\x34\x32\x20\x35\x36\x2e\x30\x30\x36\x37\x20\x33\
\x34\x2e\x32\x38\x34\x32\x43\x35\x35\x2e\x39\x31\x39\x35\x20\x33\
\x34\x2e\x32\x38\x34\x32\x20\x35\x35\x2e\x38\x34\x38\x38\x20\x33\
\x34\x2e\x33\x34\x32\x32\x20\x35\x35\x2e\x38\x34\x38\x38\x20\x33\
\x34\x2e\x34\x31\x33\x36\x43\x35\x35\x2e\x38\x34\x38\x38\x20\x33\
\x34\x2e\x34\x38\x35\x31\x20\x35\x35\x2e\x39\x31\x39\x35\x20\x33\
\x34\x2e\x35\x34\x33\x20\x35\x36\x2e\x30\x30\x36\x37\x20\x33\x34\
\x2e\x35\x34\x33\x31\x43\x35\x36\x2e\x31\x36\x34\x33\x20\x33\x34\
\x2e\x35\x34\x33\x31\x20\x35\x36\x2e\x35\x30\x38\x34\x20\x33\x34\
\x2e\x35\x34\x33\x31\x20\x35\x37\x2e\x30\x33\x30\x36\x20\x33\x34\
\x2e\x35\x32\x31\x36\x43\x35\x37\x2e\x39\x35\x34\x35\x20\x33\x34\
\x2e\x34\x38\x33\x35\x20\x35\x38\x2e\x34\x31\x36\x20\x33\x34\x2e\
\x33\x32\x30\x32\x20\x35\x38\x2e\x36\x33\x36\x34\x20\x33\x34\x2e\
\x32\x37\x35\x32\x43\x35\x39\x2e\x31\x34\x30\x31\x20\x33\x34\x2e\
\x31\x37\x32\x35\x20\x35\x39\x2e\x36\x36\x39\x20\x33\x33\x2e\x39\
\x35\x38\x33\x20\x35\x39\x2e\x38\x33\x35\x39\x20\x33\x33\x2e\x38\
\x37\x38\x38\x4c\x35\x39\x2e\x38\x33\x36\x36\x20\x33\x33\x2e\x38\
\x37\x38\x34\x43\x36\x30\x2e\x30\x35\x30\x35\x20\x33\x33\x2e\x37\
\x37\x35\x32\x20\x36\x30\x2e\x33\x35\x34\x31\x20\x33\x33\x2e\x36\
\x33\x39\x33\x20\x36\x30\x2e\x35\x33\x33\x36\x20\x33\x33\x2e\x35\
\x33\x31\x39\x4c\x36\x30\x2e\x35\x33\x39\x32\x20\x33\x33\x2e\x35\
\x32\x38\x36\x4c\x36\x30\x2e\x35\x34\x34\x34\x20\x33\x33\x2e\x35\
\x32\x34\x38\x43\x36\x30\x2e\x36\x30\x32\x31\x20\x33\x33\x2e\x34\
\x38\x33\x35\x20\x36\x30\x2e\x36\x37\x31\x35\x20\x33\x33\x2e\x34\
\x32\x36\x36\x20\x36\x30\x2e\x37\x33\x37\x32\x20\x33\x33\x2e\x33\
\x37\x32\x37\x43\x36\x30\x2e\x37\x39\x38\x39\x20\x33\x33\x2e\x33\
\x32\x32\x32\x20\x36\x30\x2e\x37\x39\x38\x39\x20\x33\x33\x2e\x32\
\x34\x30\x33\x20\x36\x30\x2e\x37\x33\x37\x32\x20\x33\x33\x2e\x31\
\x38\x39\x37\x5a\x4d\x35\x39\x2e\x32\x38\x33\x33\x20\x33\x32\x2e\
\x35\x36\x39\x34\x43\x35\x38\x2e\x35\x30\x36\x38\x20\x33\x32\x2e\
\x35\x36\x39\x34\x20\x35\x37\x2e\x37\x34\x36\x31\x20\x33\x32\x2e\
\x35\x36\x39\x34\x20\x35\x37\x2e\x32\x34\x32\x32\x20\x33\x32\x2e\
\x35\x39\x31\x37\x43\x35\x36\x2e\x37\x33\x33\x20\x33\x32\x2e\x36\
\x31\x34\x31\x20\x35\x36\x2e\x34\x38\x39\x39\x20\x33\x32\x2e\x36\
\x35\x38\x31\x20\x35\x36\x2e\x33\x34\x35\x33\x20\x33\x32\x2e\x36\
\x37\x39\x35\x43\x35\x36\x2e\x32\x30\x33\x34\x20\x33\x32\x2e\x37\
\x30\x30\x36\x20\x35\x36\x2e\x31\x34\x38\x32\x20\x33\x32\x2e\x37\
\x30\x31\x31\x20\x35\x35\x2e\x30\x35\x33\x37\x20\x33\x32\x2e\x38\
\x37\x37\x33\x43\x35\x33\x2e\x39\x36\x20\x33\x33\x2e\x30\x35\x33\
\x34\x20\x35\x31\x2e\x38\x38\x38\x33\x20\x33\x33\x2e\x33\x39\x35\
\x31\x20\x35\x30\x2e\x38\x32\x35\x37\x20\x33\x33\x2e\x35\x37\x31\
\x34\x43\x34\x39\x2e\x37\x36\x35\x38\x20\x33\x33\x2e\x37\x34\x37\
\x33\x20\x34\x39\x2e\x37\x30\x38\x36\x20\x33\x33\x2e\x37\x35\x38\
\x39\x20\x34\x39\x2e\x36\x35\x32\x20\x33\x33\x2e\x37\x37\x30\x35\
\x43\x34\x39\x2e\x35\x36\x37\x34\x20\x33\x33\x2e\x37\x38\x37\x38\
\x20\x34\x39\x2e\x35\x31\x36\x20\x33\x33\x2e\x38\x35\x38\x20\x34\
\x39\x2e\x35\x33\x37\x31\x20\x33\x33\x2e\x39\x32\x37\x33\x43\x34\
\x39\x2e\x35\x35\x38\x33\x20\x33\x33\x2e\x39\x39\x36\x36\x20\x34\
\x39\x2e\x36\x34\x33\x39\x20\x33\x34\x2e\x30\x33\x38\x38\x20\x34\
\x39\x2e\x37\x32\x38\x35\x20\x33\x34\x2e\x30\x32\x31\x35\x43\x34\
\x39\x2e\x37\x37\x36\x31\x20\x33\x34\x2e\x30\x31\x31\x37\x20\x34\
\x39\x2e\x38\x32\x33\x34\x20\x33\x34\x2e\x30\x30\x31\x38\x20\x35\
\x30\x2e\x38\x38\x38\x33\x20\x33\x33\x2e\x38\x32\x35\x31\x43\x35\
\x31\x2e\x39\x35\x30\x38\x20\x33\x33\x2e\x36\x34\x38\x37\x20\x35\
\x34\x2e\x30\x32\x31\x39\x20\x33\x33\x2e\x33\x30\x37\x31\x20\x35\
\x35\x2e\x31\x31\x34\x36\x20\x33\x33\x2e\x31\x33\x31\x32\x43\x35\
\x36\x2e\x32\x30\x35\x38\x20\x33\x32\x2e\x39\x35\x35\x35\x20\x35\
\x36\x2e\x32\x35\x35\x33\x20\x33\x32\x2e\x39\x35\x36\x20\x35\x36\
\x2e\x34\x30\x31\x34\x20\x33\x32\x2e\x39\x33\x34\x33\x43\x35\x36\
\x2e\x35\x34\x35\x20\x33\x32\x2e\x39\x31\x33\x20\x35\x36\x2e\x37\
\x37\x31\x33\x20\x33\x32\x2e\x38\x37\x31\x37\x20\x35\x37\x2e\x32\
\x35\x39\x32\x20\x33\x32\x2e\x38\x35\x30\x31\x43\x35\x37\x2e\x37\
\x35\x32\x35\x20\x33\x32\x2e\x38\x32\x38\x34\x20\x35\x38\x2e\x35\
\x30\x32\x39\x20\x33\x32\x2e\x38\x32\x38\x33\x20\x35\x39\x2e\x32\
\x38\x33\x33\x20\x33\x32\x2e\x38\x32\x38\x33\x43\x35\x39\x2e\x33\
\x37\x30\x35\x20\x33\x32\x2e\x38\x32\x38\x33\x20\x35\x39\x2e\x34\
\x34\x31\x32\x20\x33\x32\x2e\x37\x37\x30\x33\x20\x35\x39\x2e\x34\
\x34\x31\x32\x20\x33\x32\x2e\x36\x39\x38\x39\x43\x35\x39\x2e\x34\
\x34\x31\x32\x20\x33\x32\x2e\x36\x32\x37\x34\x20\x35\x39\x2e\x33\
\x37\x30\x35\x20\x33\x32\x2e\x35\x36\x39\x34\x20\x35\x39\x2e\x32\
\x38\x33\x33\x20\x33\x32\x2e\x35\x36\x39\x34\x5a\x22\x20\x66\x69\
\x6c\x6c\x3d\x22\x23\x31\x30\x32\x38\x33\x34\x22\x2f\x3e\x0a\x3c\
\x70\x61\x74\x68\x20\x64\x3d\x22\x4d\x34\x32\x2e\x37\x39\x39\x37\
\x20\x32\x39\x2e\x30\x34\x32\x43\x34\x32\x2e\x38\x30\x31\x39\x20\
\x32\x39\x2e\x30\x34\x32\x36\x20\x34\x32\x2e\x38\x30\x34\x31\x20\
\x32\x39\x2e\x30\x34\x33\x32\x20\x34\x32\x2e\x38\x30\x36\x33\x20\
\x32\x39\x2e\x30\x34\x33\x38\x43\x34\x32\x2e\x38\x30\x34\x38\x20\
\x32\x39\x2e\x30\x34\x37\x39\x20\x34\x32\x2e\x38\x30\x33\x35\x20\
\x32\x39\x2e\x30\x35\x32\x20\x34\x32\x2e\x38\x30\x32\x35\x20\x32\
\x39\x2e\x30\x35\x35\x39\x43\x34\x32\x2e\x37\x39\x36\x20\x32\x39\
\x2e\x30\x35\x31\x34\x20\x34\x32\x2e\x37\x38\x39\x39\x20\x32\x39\
\x2e\x30\x34\x36\x36\x20\x34\x32\x2e\x37\x38\x34\x20\x32\x39\x2e\
\x30\x34\x31\x38\x43\x34\x32\x2e\x37\x39\x33\x37\x20\x32\x39\x2e\
\x30\x34\x31\x33\x20\x34\x32\x2e\x37\x39\x38\x39\x20\x32\x39\x2e\
\x30\x34\x32\x20\x34\x32\x2e\x37\x39\x39\x37\x20\x32\x39\x2e\x30\
\x34\x32\x5a\x22\x20\x66\x69\x6c\x6c\x3d\x22\x23\x31\x30\x32\x38\
\x33\x34\x22\x2f\x3e\x0a\x3c\x70\x61\x74\x68\x20\x66\x69\x6c\x6c\
\x2d\x72\x75\x6c\x65\x3d\x22\x65\x76\x65\x6e\x6f\x64\x64\x22\x20\
\x63\x6c\x69\x70\x2d\x72\x75\x6c\x65\x3d\x22\x65\x76\x65\x6e\x6f\
\x64\x64\x22\x20\x64\x3d\x22\x4d\x34\x32\x2e\x33\x34\x34\x39\x20\
\x31\x39\x2e\x36\x34\x33\x39\x43\x34\x32\x2e\x30\x39\x35\x31\x20\
\x32\x30\x2e\x34\x33\x37\x32\x20\x34\x32\x2e\x30\x30\x32\x36\x20\
\x32\x31\x2e\x39\x35\x35\x32\x20\x34\x31\x2e\x39\x39\x30\x31\x20\
\x32\x33\x2e\x35\x33\x38\x31\x43\x34\x31\x2e\x39\x37\x37\x36\x20\
\x32\x35\x2e\x31\x31\x35\x32\x20\x34\x32\x2e\x30\x34\x34\x33\x20\
\x32\x36\x2e\x37\x34\x37\x38\x20\x34\x32\x2e\x31\x30\x39\x39\x20\
\x32\x37\x2e\x37\x37\x31\x38\x4c\x34\x32\x2e\x32\x30\x30\x38\x20\
\x32\x38\x2e\x30\x39\x33\x39\x43\x34\x32\x2e\x34\x32\x32\x35\x20\
\x32\x37\x2e\x36\x31\x33\x35\x20\x34\x32\x2e\x37\x34\x32\x37\x20\
\x32\x37\x2e\x31\x36\x39\x34\x20\x34\x33\x2e\x31\x33\x32\x32\x20\
\x32\x36\x2e\x37\x36\x30\x39\x43\x34\x33\x2e\x32\x32\x30\x37\x20\
\x32\x36\x2e\x37\x37\x30\x36\x20\x34\x33\x2e\x33\x31\x20\x32\x36\
\x2e\x37\x38\x34\x38\x20\x34\x33\x2e\x33\x39\x34\x38\x20\x32\x36\
\x2e\x38\x30\x33\x37\x43\x34\x33\x2e\x35\x33\x33\x35\x20\x32\x36\
\x2e\x38\x35\x30\x38\x20\x34\x33\x2e\x37\x31\x30\x38\x20\x32\x36\
\x2e\x39\x32\x34\x34\x20\x34\x33\x2e\x38\x37\x33\x36\x20\x32\x36\
\x2e\x39\x39\x38\x37\x43\x34\x33\x2e\x33\x37\x35\x37\x20\x32\x37\
\x2e\x34\x34\x35\x31\x20\x34\x33\x2e\x30\x35\x31\x34\x20\x32\x37\
\x2e\x38\x32\x38\x37\x20\x34\x32\x2e\x37\x39\x35\x32\x20\x32\x38\
\x2e\x31\x33\x38\x38\x43\x34\x32\x2e\x36\x35\x39\x36\x20\x32\x38\
\x2e\x33\x30\x33\x20\x34\x32\x2e\x35\x34\x30\x36\x20\x32\x38\x2e\
\x34\x34\x39\x37\x20\x34\x32\x2e\x34\x32\x33\x34\x20\x32\x38\x2e\
\x35\x37\x34\x36\x43\x34\x32\x2e\x37\x33\x34\x34\x20\x32\x38\x2e\
\x36\x31\x33\x20\x34\x33\x2e\x31\x34\x35\x32\x20\x32\x38\x2e\x36\
\x38\x32\x39\x20\x34\x33\x2e\x35\x31\x20\x32\x38\x2e\x37\x38\x35\
\x39\x43\x34\x33\x2e\x37\x32\x32\x33\x20\x32\x38\x2e\x38\x34\x35\
\x38\x20\x34\x33\x2e\x39\x32\x32\x38\x20\x32\x38\x2e\x39\x31\x37\
\x39\x20\x34\x34\x2e\x30\x37\x39\x36\x20\x32\x39\x2e\x30\x30\x33\
\x32\x43\x34\x34\x2e\x32\x33\x34\x36\x20\x32\x39\x2e\x30\x38\x37\
\x36\x20\x34\x34\x2e\x33\x35\x39\x32\x20\x32\x39\x2e\x31\x39\x31\
\x34\x20\x34\x34\x2e\x33\x39\x37\x39\x20\x32\x39\x2e\x33\x31\x38\
\x33\x4c\x34\x34\x2e\x34\x30\x30\x32\x20\x32\x39\x2e\x33\x32\x36\
\x56\x32\x39\x2e\x33\x33\x34\x43\x34\x34\x2e\x34\x30\x30\x32\x20\
\x32\x39\x2e\x34\x30\x37\x34\x20\x34\x34\x2e\x33\x37\x38\x34\x20\
\x32\x39\x2e\x35\x32\x30\x38\x20\x34\x34\x2e\x33\x31\x33\x34\x20\
\x32\x39\x2e\x36\x33\x30\x37\x43\x34\x34\x2e\x32\x35\x36\x37\x20\
\x32\x39\x2e\x37\x32\x36\x38\x20\x34\x34\x2e\x31\x36\x35\x32\x20\
\x32\x39\x2e\x38\x32\x32\x37\x20\x34\x34\x2e\x30\x32\x34\x34\x20\
\x32\x39\x2e\x38\x38\x35\x32\x43\x34\x34\x2e\x30\x35\x34\x33\x20\
\x32\x39\x2e\x39\x37\x35\x36\x20\x34\x34\x2e\x30\x36\x33\x34\x20\
\x33\x30\x2e\x31\x30\x38\x39\x20\x34\x34\x2e\x30\x32\x35\x38\x20\
\x33\x30\x2e\x32\x37\x35\x32\x43\x34\x33\x2e\x39\x39\x35\x20\x33\
\x30\x2e\x34\x31\x31\x34\x20\x34\x33\x2e\x39\x33\x32\x35\x20\x33\
\x30\x2e\x35\x37\x31\x35\x20\x34\x33\x2e\x38\x32\x32\x36\x20\x33\
\x30\x2e\x37\x35\x31\x39\x43\x34\x33\x2e\x36\x39\x31\x31\x20\x33\
\x30\x2e\x37\x30\x38\x35\x20\x34\x33\x2e\x35\x36\x30\x37\x20\x33\
\x30\x2e\x36\x36\x36\x34\x20\x34\x33\x2e\x34\x32\x34\x36\x20\x33\
\x30\x2e\x36\x33\x33\x34\x43\x34\x33\x2e\x33\x36\x32\x37\x20\x33\
\x30\x2e\x36\x31\x38\x33\x20\x34\x33\x2e\x32\x36\x36\x38\x20\x33\
\x30\x2e\x36\x30\x38\x32\x20\x34\x33\x2e\x31\x35\x38\x36\x20\x33\
\x30\x2e\x36\x30\x31\x31\x43\x34\x33\x2e\x30\x34\x36\x31\x20\x33\
\x30\x2e\x35\x39\x33\x38\x20\x34\x32\x2e\x39\x30\x37\x33\x20\x33\
\x30\x2e\x35\x38\x38\x39\x20\x34\x32\x2e\x37\x35\x32\x38\x20\x33\
\x30\x2e\x35\x38\x37\x36\x43\x34\x32\x2e\x34\x34\x33\x39\x20\x33\
\x30\x2e\x35\x38\x34\x39\x20\x34\x32\x2e\x30\x36\x35\x39\x20\x33\
\x30\x2e\x35\x39\x35\x39\x20\x34\x31\x2e\x36\x39\x38\x35\x20\x33\
\x30\x2e\x36\x32\x38\x39\x43\x34\x31\x2e\x36\x37\x36\x20\x33\x30\
\x2e\x36\x33\x31\x20\x34\x31\x2e\x36\x35\x35\x32\x20\x33\x30\x2e\
\x36\x33\x36\x39\x20\x34\x31\x2e\x36\x33\x36\x38\x20\x33\x30\x2e\
\x36\x34\x35\x36\x56\x33\x30\x2e\x35\x36\x35\x39\x4c\x34\x31\x2e\
\x36\x33\x31\x37\x20\x33\x30\x2e\x34\x31\x36\x36\x43\x34\x31\x2e\
\x36\x32\x38\x34\x20\x33\x30\x2e\x32\x37\x30\x38\x20\x34\x31\x2e\
\x36\x33\x30\x34\x20\x33\x30\x2e\x31\x33\x35\x35\x20\x34\x31\x2e\
\x36\x33\x36\x38\x20\x33\x30\x2e\x30\x31\x30\x32\x56\x31\x39\x2e\
\x35\x36\x33\x48\x34\x32\x2e\x33\x37\x30\x34\x4c\x34\x32\x2e\x33\
\x34\x34\x39\x20\x31\x39\x2e\x36\x34\x33\x39\x5a\x4d\x34\x32\x2e\
\x38\x39\x36\x37\x20\x32\x38\x2e\x37\x39\x35\x37\x43\x34\x32\x2e\
\x37\x39\x39\x35\x20\x32\x38\x2e\x37\x37\x20\x34\x32\x2e\x36\x39\
\x32\x20\x32\x38\x2e\x37\x38\x36\x32\x20\x34\x32\x2e\x36\x32\x32\
\x37\x20\x32\x38\x2e\x38\x31\x43\x34\x32\x2e\x35\x39\x38\x37\x20\
\x32\x38\x2e\x38\x31\x38\x33\x20\x34\x32\x2e\x35\x37\x37\x20\x32\
\x38\x2e\x38\x32\x38\x36\x20\x34\x32\x2e\x35\x35\x37\x38\x20\x32\
\x38\x2e\x38\x34\x30\x36\x43\x34\x32\x2e\x35\x33\x31\x39\x20\x32\
\x38\x2e\x38\x32\x35\x34\x20\x34\x32\x2e\x35\x30\x30\x31\x20\x32\
\x38\x2e\x38\x31\x36\x33\x20\x34\x32\x2e\x34\x36\x35\x38\x20\x32\
\x38\x2e\x38\x31\x36\x33\x43\x34\x32\x2e\x33\x37\x38\x37\x20\x32\
\x38\x2e\x38\x31\x36\x33\x20\x34\x32\x2e\x33\x30\x37\x39\x20\x32\
\x38\x2e\x38\x37\x34\x33\x20\x34\x32\x2e\x33\x30\x37\x39\x20\x32\
\x38\x2e\x39\x34\x35\x37\x43\x34\x32\x2e\x33\x30\x37\x39\x20\x32\
\x38\x2e\x39\x36\x39\x36\x20\x34\x32\x2e\x33\x30\x38\x31\x20\x32\
\x39\x2e\x30\x33\x39\x31\x20\x34\x32\x2e\x33\x32\x32\x20\x32\x39\
\x2e\x31\x34\x32\x35\x43\x34\x32\x2e\x33\x33\x32\x35\x20\x32\x39\
\x2e\x32\x32\x31\x32\x20\x34\x32\x2e\x33\x38\x32\x33\x20\x32\x39\
\x2e\x32\x38\x30\x39\x20\x34\x32\x2e\x34\x32\x37\x39\x20\x32\x39\
\x2e\x33\x32\x32\x35\x43\x34\x32\x2e\x34\x37\x32\x32\x20\x32\x39\
\x2e\x33\x36\x32\x39\x20\x34\x32\x2e\x35\x32\x36\x38\x20\x32\x39\
\x2e\x33\x39\x38\x35\x20\x34\x32\x2e\x35\x36\x31\x35\x20\x32\x39\
\x2e\x34\x32\x32\x32\x43\x34\x32\x2e\x36\x36\x31\x34\x20\x32\x39\
\x2e\x34\x39\x30\x36\x20\x34\x32\x2e\x37\x38\x32\x37\x20\x32\x39\
\x2e\x35\x31\x33\x38\x20\x34\x32\x2e\x38\x38\x30\x35\x20\x32\x39\
\x2e\x35\x32\x36\x34\x43\x34\x32\x2e\x39\x32\x39\x39\x20\x32\x39\
\x2e\x35\x33\x32\x37\x20\x34\x32\x2e\x39\x38\x32\x32\x20\x32\x39\
\x2e\x35\x33\x37\x32\x20\x34\x33\x2e\x30\x32\x35\x38\x20\x32\x39\
\x2e\x35\x34\x31\x35\x43\x34\x33\x2e\x30\x37\x31\x38\x20\x32\x39\
\x2e\x35\x34\x36\x20\x34\x33\x2e\x31\x31\x31\x39\x20\x32\x39\x2e\
\x35\x35\x30\x37\x20\x34\x33\x2e\x31\x34\x38\x34\x20\x32\x39\x2e\
\x35\x35\x37\x33\x43\x34\x33\x2e\x33\x34\x35\x33\x20\x32\x39\x2e\
\x35\x39\x32\x39\x20\x34\x33\x2e\x35\x31\x37\x37\x20\x32\x39\x2e\
\x36\x31\x34\x36\x20\x34\x33\x2e\x37\x32\x30\x35\x20\x32\x39\x2e\
\x36\x30\x39\x31\x43\x34\x33\x2e\x38\x31\x39\x20\x32\x39\x2e\x36\
\x30\x36\x35\x20\x34\x33\x2e\x38\x37\x35\x39\x20\x32\x39\x2e\x35\
\x35\x31\x39\x20\x34\x33\x2e\x39\x30\x30\x38\x20\x32\x39\x2e\x35\
\x31\x38\x34\x43\x34\x33\x2e\x39\x32\x36\x33\x20\x32\x39\x2e\x34\
\x38\x34\x20\x34\x33\x2e\x39\x33\x38\x33\x20\x32\x39\x2e\x34\x34\
\x37\x31\x20\x34\x33\x2e\x39\x34\x33\x38\x20\x32\x39\x2e\x34\x32\
\x31\x35\x43\x34\x33\x2e\x39\x37\x36\x32\x20\x32\x39\x2e\x32\x36\
\x38\x37\x20\x34\x33\x2e\x38\x34\x32\x35\x20\x32\x39\x2e\x31\x35\
\x38\x20\x34\x33\x2e\x37\x34\x39\x20\x32\x39\x2e\x30\x39\x38\x39\
\x43\x34\x33\x2e\x36\x34\x35\x20\x32\x39\x2e\x30\x33\x33\x31\x20\
\x34\x33\x2e\x35\x31\x38\x35\x20\x32\x38\x2e\x39\x38\x34\x35\x20\
\x34\x33\x2e\x34\x33\x35\x34\x20\x32\x38\x2e\x39\x35\x36\x43\x34\
\x33\x2e\x32\x37\x36\x32\x20\x32\x38\x2e\x39\x30\x31\x34\x20\x34\
\x33\x2e\x30\x38\x33\x37\x20\x32\x38\x2e\x38\x34\x35\x32\x20\x34\
\x32\x2e\x38\x39\x36\x37\x20\x32\x38\x2e\x37\x39\x35\x37\x5a\x22\
\x20\x66\x69\x6c\x6c\x3d\x22\x23\x31\x30\x32\x38\x33\x34\x22\x2f\
\x3e\x0a\x3c\x70\x61\x74\x68\x20\x64\x3d\x22\x4d\x34\x35\x2e\x33\
\x39\x32\x20\x32\x35\x2e\x30\x38\x35\x35\x43\x34\x35\x2e\x37\x30\
\x34\x38\x20\x32\x35\x2e\x31\x38\x38\x20\x34\x35\x2e\x39\x37\x33\
\x20\x32\x35\x2e\x32\x38\x33\x39\x20\x34\x36\x2e\x31\x38\x37\x32\
\x20\x32\x35\x2e\x33\x37\x30\x32\x43\x34\x35\x2e\x32\x37\x33\x32\
\x20\x32\x35\x2e\x38\x39\x34\x38\x20\x34\x34\x2e\x36\x30\x34\x20\
\x32\x36\x2e\x33\x37\x36\x31\x20\x34\x34\x2e\x30\x39\x36\x38\x20\
\x32\x36\x2e\x38\x30\x34\x35\x43\x34\x33\x2e\x39\x30\x32\x34\x20\
\x32\x36\x2e\x37\x31\x33\x33\x20\x34\x33\x2e\x36\x37\x38\x20\x32\
\x36\x2e\x36\x31\x38\x39\x20\x34\x33\x2e\x35\x30\x35\x34\x20\x32\
\x36\x2e\x35\x36\x31\x4c\x34\x33\x2e\x34\x39\x36\x36\x20\x32\x36\
\x2e\x35\x35\x38\x31\x4c\x34\x33\x2e\x34\x38\x37\x35\x20\x32\x36\
\x2e\x35\x35\x36\x31\x4c\x34\x33\x2e\x34\x30\x39\x38\x20\x32\x36\
\x2e\x35\x33\x39\x38\x43\x34\x33\x2e\x33\x39\x34\x31\x20\x32\x36\
\x2e\x35\x33\x36\x37\x20\x34\x33\x2e\x33\x37\x38\x33\x20\x32\x36\
\x2e\x35\x33\x33\x39\x20\x34\x33\x2e\x33\x36\x32\x34\x20\x32\x36\
\x2e\x35\x33\x31\x32\x43\x34\x33\x2e\x39\x34\x31\x20\x32\x35\x2e\
\x39\x38\x30\x35\x20\x34\x34\x2e\x36\x34\x33\x37\x20\x32\x35\x2e\
\x34\x39\x39\x31\x20\x34\x35\x2e\x33\x39\x32\x20\x32\x35\x2e\x30\
\x38\x35\x35\x5a\x22\x20\x66\x69\x6c\x6c\x3d\x22\x23\x31\x30\x32\
\x38\x33\x34\x22\x2f\x3e\x0a\x3c\x70\x61\x74\x68\x20\x64\x3d\x22\
\x4d\x34\x38\x2e\x32\x32\x35\x37\x20\x32\x33\x2e\x38\x35\x38\x38\
\x43\x34\x38\x2e\x34\x31\x30\x35\x20\x32\x33\x2e\x39\x31\x20\x34\
\x38\x2e\x36\x31\x32\x37\x20\x32\x33\x2e\x39\x37\x38\x38\x20\x34\
\x38\x2e\x38\x31\x31\x39\x20\x32\x34\x2e\x30\x36\x38\x36\x43\x34\
\x37\x2e\x39\x30\x33\x31\x20\x32\x34\x2e\x34\x36\x34\x31\x20\x34\
\x37\x2e\x31\x33\x35\x32\x20\x32\x34\x2e\x38\x34\x33\x32\x20\x34\
\x36\x2e\x34\x38\x33\x20\x32\x35\x2e\x32\x30\x33\x34\x43\x34\x36\
\x2e\x32\x37\x39\x34\x20\x32\x35\x2e\x31\x31\x35\x20\x34\x36\x2e\
\x30\x31\x38\x39\x20\x32\x35\x2e\x30\x31\x37\x33\x20\x34\x35\x2e\
\x37\x31\x33\x32\x20\x32\x34\x2e\x39\x31\x33\x33\x43\x34\x36\x2e\
\x35\x33\x39\x35\x20\x32\x34\x2e\x34\x38\x34\x32\x20\x34\x37\x2e\
\x34\x30\x39\x37\x20\x32\x34\x2e\x31\x33\x33\x33\x20\x34\x38\x2e\
\x32\x32\x35\x37\x20\x32\x33\x2e\x38\x35\x38\x38\x5a\x22\x20\x66\
\x69\x6c\x6c\x3d\x22\x23\x31\x30\x32\x38\x33\x34\x22\x2f\x3e\x0a\
\x3c\x70\x61\x74\x68\x20\x64\x3d\x22\x4d\x35\x30\x2e\x35\x31\x33\
\x33\x20\x32\x33\x2e\x33\x37\x34\x37\x43\x35\x30\x2e\x30\x32\x34\
\x38\x20\x32\x33\x2e\x35\x36\x31\x38\x20\x34\x39\x2e\x35\x36\x38\
\x34\x20\x32\x33\x2e\x37\x34\x36\x31\x20\x34\x39\x2e\x31\x34\x31\
\x34\x20\x32\x33\x2e\x39\x32\x37\x43\x34\x38\x2e\x39\x38\x32\x20\
\x32\x33\x2e\x38\x34\x34\x35\x20\x34\x38\x2e\x38\x31\x37\x38\x20\
\x32\x33\x2e\x37\x37\x35\x37\x20\x34\x38\x2e\x36\x35\x38\x20\x32\
\x33\x2e\x37\x31\x38\x35\x43\x34\x39\x2e\x33\x33\x30\x33\x20\x32\
\x33\x2e\x35\x30\x39\x20\x34\x39\x2e\x39\x35\x31\x32\x20\x32\x33\
\x2e\x33\x35\x34\x33\x20\x35\x30\x2e\x34\x36\x31\x31\x20\x32\x33\
\x2e\x32\x35\x33\x31\x4c\x35\x30\x2e\x35\x31\x33\x33\x20\x32\x33\
\x2e\x33\x37\x34\x37\x5a\x22\x20\x66\x69\x6c\x6c\x3d\x22\x23\x31\
\x30\x32\x38\x33\x34\x22\x2f\x3e\x0a\x3c\x70\x61\x74\x68\x20\x64\
\x3d\x22\x4d\x35\x38\x2e\x39\x34\x37\x39\x20\x31\x36\x2e\x36\x35\
\x36\x33\x43\x35\x39\x2e\x31\x31\x38\x36\x20\x31\x36\x2e\x37\x34\
\x38\x37\x20\x35\x39\x2e\x32\x39\x33\x35\x20\x31\x36\x2e\x38\x34\
\x35\x33\x20\x35\x39\x2e\x34\x37\x31\x20\x31\x36\x2e\x39\x34\x35\
\x4c\x35\x37\x2e\x38\x36\x35\x38\x20\x31\x37\x2e\x38\x30\x35\x33\
\x4c\x35\x37\x2e\x38\x36\x34\x37\x20\x31\x37\x2e\x38\x30\x35\x38\
\x4c\x35\x36\x2e\x33\x37\x30\x33\x20\x31\x38\x2e\x35\x37\x39\x33\
\x4c\x35\x35\x2e\x35\x39\x33\x39\x20\x31\x39\x2e\x31\x35\x32\x31\
\x4c\x35\x35\x2e\x32\x30\x38\x20\x31\x39\x2e\x36\x35\x38\x4c\x35\
\x34\x2e\x38\x31\x37\x33\x20\x32\x30\x2e\x33\x36\x32\x35\x4c\x35\
\x34\x2e\x36\x39\x39\x33\x20\x32\x30\x2e\x36\x39\x33\x37\x43\x35\
\x34\x2e\x36\x32\x32\x34\x20\x32\x30\x2e\x36\x37\x30\x34\x20\x35\
\x34\x2e\x35\x34\x34\x33\x20\x32\x30\x2e\x36\x34\x37\x32\x20\x35\
\x34\x2e\x34\x36\x35\x20\x32\x30\x2e\x36\x32\x34\x38\x43\x35\x34\
\x2e\x32\x37\x30\x34\x20\x32\x30\x2e\x35\x36\x39\x39\x20\x35\x34\
\x2e\x30\x34\x38\x33\x20\x32\x30\x2e\x35\x30\x32\x37\x20\x35\x33\
\x2e\x38\x30\x38\x36\x20\x32\x30\x2e\x34\x32\x37\x31\x4c\x35\x33\
\x2e\x39\x35\x31\x38\x20\x32\x30\x2e\x30\x37\x34\x36\x4c\x35\x33\
\x2e\x38\x37\x35\x37\x20\x31\x39\x2e\x36\x33\x36\x38\x4c\x35\x33\
\x2e\x38\x37\x34\x31\x20\x31\x39\x2e\x36\x32\x38\x33\x4c\x35\x33\
\x2e\x38\x37\x35\x35\x20\x31\x39\x2e\x36\x31\x39\x36\x4c\x35\x33\
\x2e\x39\x35\x34\x35\x20\x31\x39\x2e\x31\x30\x31\x39\x4c\x35\x33\
\x2e\x39\x35\x37\x38\x20\x31\x39\x2e\x30\x37\x39\x39\x4c\x35\x34\
\x2e\x34\x35\x37\x20\x31\x38\x2e\x36\x37\x30\x38\x4c\x35\x34\x2e\
\x34\x36\x34\x36\x20\x31\x38\x2e\x36\x36\x36\x39\x4c\x35\x35\x2e\
\x30\x39\x36\x32\x20\x31\x38\x2e\x33\x34\x33\x34\x4c\x35\x35\x2e\
\x31\x30\x36\x39\x20\x31\x38\x2e\x33\x33\x37\x39\x4c\x35\x35\x2e\
\x31\x31\x39\x20\x31\x38\x2e\x33\x33\x35\x34\x4c\x35\x35\x2e\x37\
\x33\x37\x39\x20\x31\x38\x2e\x32\x30\x38\x35\x4c\x35\x37\x2e\x30\
\x36\x39\x32\x20\x31\x37\x2e\x35\x30\x32\x36\x4c\x35\x37\x2e\x30\
\x37\x32\x31\x20\x31\x37\x2e\x35\x30\x31\x31\x4c\x35\x37\x2e\x30\
\x37\x35\x20\x31\x37\x2e\x34\x39\x39\x39\x4c\x35\x38\x2e\x34\x31\
\x34\x32\x20\x31\x36\x2e\x39\x31\x38\x38\x4c\x35\x38\x2e\x39\x34\
\x37\x39\x20\x31\x36\x2e\x36\x35\x36\x33\x5a\x22\x20\x66\x69\x6c\
\x6c\x3d\x22\x23\x31\x30\x32\x38\x33\x34\x22\x2f\x3e\x0a\x3c\x70\
\x61\x74\x68\x20\x64\x3d\x22\x4d\x36\x36\x2e\x30\x38\x36\x34\x20\
\x31\x32\x2e\x31\x30\x35\x32\x4c\x36\x35\x2e\x33\x38\x31\x34\x20\
\x31\x32\x2e\x36\x31\x38\x38\x4c\x36\x34\x2e\x36\x37\x35\x39\x20\
\x31\x33\x2e\x33\x38\x39\x37\x4c\x36\x34\x2e\x36\x37\x32\x36\x20\
\x31\x33\x2e\x33\x39\x33\x34\x4c\x36\x34\x2e\x34\x33\x31\x38\x20\
\x31\x33\x2e\x35\x39\x30\x38\x4c\x36\x34\x2e\x34\x32\x39\x31\x20\
\x31\x33\x2e\x35\x39\x32\x38\x4c\x36\x34\x2e\x34\x32\x36\x35\x20\
\x31\x33\x2e\x35\x39\x34\x37\x4c\x36\x33\x2e\x39\x35\x32\x38\x20\
\x31\x33\x2e\x39\x31\x38\x33\x4c\x36\x33\x2e\x33\x33\x32\x34\x20\
\x31\x34\x2e\x33\x36\x33\x4c\x36\x33\x2e\x30\x32\x33\x32\x20\x31\
\x34\x2e\x38\x30\x36\x36\x4c\x36\x33\x2e\x30\x31\x36\x36\x20\x31\
\x34\x2e\x38\x31\x36\x32\x4c\x36\x33\x2e\x30\x30\x36\x34\x20\x31\
\x34\x2e\x38\x32\x33\x34\x4c\x36\x32\x2e\x32\x33\x30\x39\x20\x31\
\x35\x2e\x33\x37\x34\x31\x43\x36\x32\x2e\x30\x33\x36\x34\x20\x31\
\x35\x2e\x32\x35\x37\x38\x20\x36\x31\x2e\x38\x34\x31\x38\x20\x31\
\x35\x2e\x31\x34\x33\x38\x20\x36\x31\x2e\x36\x34\x38\x39\x20\x31\
\x35\x2e\x30\x33\x32\x37\x4c\x36\x31\x2e\x39\x36\x34\x39\x20\x31\
\x34\x2e\x39\x31\x33\x33\x4c\x36\x32\x2e\x34\x32\x33\x32\x20\x31\
\x34\x2e\x36\x30\x30\x32\x4c\x36\x32\x2e\x38\x39\x30\x36\x20\x31\
\x34\x2e\x30\x38\x39\x36\x4c\x36\x33\x2e\x33\x36\x32\x38\x20\x31\
\x33\x2e\x35\x30\x39\x32\x4c\x36\x33\x2e\x33\x36\x38\x33\x20\x31\
\x33\x2e\x35\x30\x32\x32\x4c\x36\x33\x2e\x33\x37\x36\x20\x31\x33\
\x2e\x34\x39\x36\x36\x4c\x36\x34\x2e\x30\x38\x36\x36\x20\x31\x32\
\x2e\x39\x37\x39\x4c\x36\x34\x2e\x30\x39\x30\x32\x20\x31\x32\x2e\
\x39\x37\x36\x34\x4c\x36\x34\x2e\x30\x39\x34\x20\x31\x32\x2e\x39\
\x37\x34\x32\x4c\x36\x35\x2e\x31\x32\x30\x35\x20\x31\x32\x2e\x33\
\x39\x31\x38\x4c\x36\x35\x2e\x31\x32\x34\x20\x31\x32\x2e\x33\x38\
\x39\x39\x4c\x36\x35\x2e\x31\x32\x37\x37\x20\x31\x32\x2e\x33\x38\
\x38\x33\x4c\x36\x35\x2e\x39\x39\x36\x32\x20\x31\x32\x4c\x36\x36\
\x2e\x30\x38\x36\x34\x20\x31\x32\x2e\x31\x30\x35\x32\x5a\x22\x20\
\x66\x69\x6c\x6c\x3d\x22\x23\x31\x30\x32\x38\x33\x34\x22\x2f\x3e\
\x0a\x3c\x70\x61\x74\x68\x20\x64\x3d\x22\x4d\x32\x34\x2e\x33\x34\
\x38\x35\x20\x36\x36\x2e\x39\x34\x37\x34\x43\x32\x33\x2e\x38\x34\
\x33\x34\x20\x36\x37\x2e\x33\x35\x35\x31\x20\x32\x33\x2e\x34\x33\
\x32\x32\x20\x36\x37\x2e\x37\x32\x36\x39\x20\x32\x33\x2e\x30\x38\
\x37\x34\x20\x36\x38\x2e\x31\x31\x33\x43\x32\x32\x2e\x32\x31\x37\
\x37\x20\x36\x39\x2e\x30\x38\x37\x31\x20\x32\x31\x2e\x37\x37\x31\
\x34\x20\x37\x30\x2e\x31\x34\x39\x38\x20\x32\x31\x2e\x32\x39\x30\
\x33\x20\x37\x32\x2e\x30\x39\x33\x36\x43\x32\x31\x2e\x31\x37\x30\
\x34\x20\x37\x32\x2e\x35\x37\x37\x39\x20\x32\x31\x2e\x30\x38\x31\
\x38\x20\x37\x32\x2e\x38\x37\x39\x33\x20\x32\x31\x2e\x30\x33\x36\
\x37\x20\x37\x33\x2e\x30\x32\x35\x34\x43\x32\x31\x2e\x30\x32\x35\
\x35\x20\x37\x33\x2e\x30\x36\x32\x20\x32\x31\x2e\x30\x31\x36\x38\
\x20\x37\x33\x2e\x30\x38\x38\x39\x20\x32\x31\x2e\x30\x31\x31\x31\
\x20\x37\x33\x2e\x31\x30\x36\x36\x43\x32\x31\x2e\x30\x30\x38\x34\
\x20\x37\x33\x2e\x31\x31\x35\x33\x20\x32\x31\x2e\x30\x30\x36\x32\
\x20\x37\x33\x2e\x31\x32\x32\x31\x20\x32\x31\x2e\x30\x30\x34\x38\
\x20\x37\x33\x2e\x31\x32\x36\x36\x43\x32\x31\x2e\x30\x30\x34\x31\
\x20\x37\x33\x2e\x31\x32\x38\x37\x20\x32\x31\x2e\x30\x30\x33\x35\
\x20\x37\x33\x2e\x31\x33\x30\x39\x20\x32\x31\x2e\x30\x30\x33\x20\
\x37\x33\x2e\x31\x33\x32\x36\x43\x32\x31\x2e\x30\x30\x32\x38\x20\
\x37\x33\x2e\x31\x33\x33\x32\x20\x32\x31\x2e\x30\x30\x32\x33\x20\
\x37\x33\x2e\x31\x33\x35\x31\x20\x32\x31\x2e\x30\x30\x31\x39\x20\
\x37\x33\x2e\x31\x33\x37\x43\x32\x31\x2e\x30\x30\x31\x36\x20\x37\
\x33\x2e\x31\x33\x38\x35\x20\x32\x31\x2e\x30\x30\x30\x38\x20\x37\
\x33\x2e\x31\x34\x32\x39\x20\x32\x31\x2e\x30\x30\x30\x35\x20\x37\
\x33\x2e\x31\x34\x36\x43\x32\x31\x2e\x30\x30\x31\x39\x20\x37\x33\
\x2e\x31\x36\x31\x33\x20\x32\x31\x2e\x30\x36\x35\x36\x20\x37\x33\
\x2e\x32\x31\x32\x36\x20\x32\x31\x2e\x31\x33\x35\x36\x20\x37\x33\
\x2e\x31\x39\x34\x34\x43\x32\x31\x2e\x31\x34\x33\x31\x20\x37\x33\
\x2e\x31\x38\x37\x32\x20\x32\x31\x2e\x31\x35\x30\x38\x20\x37\x33\
\x2e\x31\x37\x36\x39\x20\x32\x31\x2e\x31\x35\x32\x31\x20\x37\x33\
\x2e\x31\x37\x34\x36\x43\x32\x31\x2e\x31\x35\x32\x37\x20\x37\x33\
\x2e\x31\x37\x33\x35\x20\x32\x31\x2e\x31\x35\x33\x34\x20\x37\x33\
\x2e\x31\x37\x31\x37\x20\x32\x31\x2e\x31\x35\x33\x38\x20\x37\x33\
\x2e\x31\x37\x30\x39\x43\x32\x31\x2e\x31\x35\x34\x33\x20\x37\x33\
\x2e\x31\x36\x39\x37\x20\x32\x31\x2e\x31\x35\x34\x39\x20\x37\x33\
\x2e\x31\x36\x38\x35\x20\x32\x31\x2e\x31\x35\x35\x32\x20\x37\x33\
\x2e\x31\x36\x37\x38\x43\x32\x31\x2e\x31\x35\x35\x39\x20\x37\x33\
\x2e\x31\x36\x36\x31\x20\x32\x31\x2e\x31\x35\x36\x36\x20\x37\x33\
\x2e\x31\x36\x33\x39\x20\x32\x31\x2e\x31\x35\x37\x35\x20\x37\x33\
\x2e\x31\x36\x31\x37\x43\x32\x31\x2e\x31\x35\x39\x33\x20\x37\x33\
\x2e\x31\x35\x37\x31\x20\x32\x31\x2e\x31\x36\x32\x20\x37\x33\x2e\
\x31\x35\x30\x32\x20\x32\x31\x2e\x31\x36\x35\x34\x20\x37\x33\x2e\
\x31\x34\x31\x36\x43\x32\x31\x2e\x31\x37\x32\x31\x20\x37\x33\x2e\
\x31\x32\x34\x32\x20\x32\x31\x2e\x31\x38\x32\x20\x37\x33\x2e\x30\
\x39\x38\x36\x20\x32\x31\x2e\x31\x39\x35\x34\x20\x37\x33\x2e\x30\
\x36\x35\x43\x32\x31\x2e\x33\x30\x33\x20\x37\x32\x2e\x37\x39\x36\
\x34\x20\x32\x31\x2e\x36\x33\x34\x33\x20\x37\x32\x2e\x30\x31\x38\
\x39\x20\x32\x32\x2e\x32\x38\x38\x33\x20\x37\x30\x2e\x39\x35\x34\
\x36\x43\x32\x32\x2e\x39\x30\x32\x32\x20\x36\x39\x2e\x39\x35\x35\
\x36\x20\x32\x33\x2e\x38\x30\x30\x33\x20\x36\x38\x2e\x37\x30\x34\
\x32\x20\x32\x35\x2e\x30\x36\x34\x34\x20\x36\x37\x2e\x33\x38\x34\
\x43\x32\x34\x2e\x38\x39\x30\x33\x20\x36\x37\x2e\x32\x38\x35\x38\
\x20\x32\x34\x2e\x37\x32\x33\x32\x20\x36\x37\x2e\x31\x39\x30\x39\
\x20\x32\x34\x2e\x35\x37\x30\x38\x20\x36\x37\x2e\x31\x30\x32\x32\
\x4c\x32\x34\x2e\x34\x37\x36\x35\x20\x36\x37\x2e\x30\x34\x37\x33\
\x4c\x32\x34\x2e\x33\x39\x33\x31\x20\x36\x36\x2e\x39\x38\x31\x39\
\x43\x32\x34\x2e\x33\x37\x38\x34\x20\x36\x36\x2e\x39\x37\x30\x33\
\x20\x32\x34\x2e\x33\x36\x33\x34\x20\x36\x36\x2e\x39\x35\x38\x38\
\x20\x32\x34\x2e\x33\x34\x38\x35\x20\x36\x36\x2e\x39\x34\x37\x34\
\x5a\x22\x20\x73\x74\x72\x6f\x6b\x65\x3d\x22\x23\x31\x30\x32\x38\
\x33\x34\x22\x20\x73\x74\x72\x6f\x6b\x65\x2d\x77\x69\x64\x74\x68\
\x3d\x22\x30\x2e\x38\x33\x30\x30\x37\x38\x22\x2f\x3e\x0a\x3c\x70\
\x61\x74\x68\x20\x64\x3d\x22\x4d\x33\x31\x2e\x31\x30\x30\x31\x20\
\x36\x30\x2e\x39\x35\x37\x38\x43\x33\x30\x2e\x30\x31\x39\x34\x20\
\x36\x32\x2e\x33\x32\x32\x31\x20\x32\x38\x2e\x37\x35\x34\x33\x20\
\x36\x33\x2e\x36\x36\x32\x39\x20\x32\x37\x2e\x33\x37\x36\x36\x20\
\x36\x34\x2e\x36\x38\x31\x37\x43\x32\x37\x2e\x31\x34\x35\x36\x20\
\x36\x34\x2e\x38\x35\x32\x35\x20\x32\x36\x2e\x39\x32\x34\x35\x20\
\x36\x35\x2e\x30\x31\x35\x20\x32\x36\x2e\x37\x31\x32\x39\x20\x36\
\x35\x2e\x31\x37\x30\x34\x43\x32\x36\x2e\x38\x35\x31\x36\x20\x36\
\x35\x2e\x32\x34\x38\x38\x20\x32\x37\x2e\x30\x30\x39\x20\x36\x35\
\x2e\x33\x33\x37\x35\x20\x32\x37\x2e\x31\x37\x36\x33\x20\x36\x35\
\x2e\x34\x33\x31\x35\x43\x32\x38\x2e\x32\x33\x33\x32\x20\x36\x34\
\x2e\x35\x36\x35\x31\x20\x32\x39\x2e\x34\x35\x38\x36\x20\x36\x33\
\x2e\x37\x30\x36\x39\x20\x33\x30\x2e\x38\x37\x34\x38\x20\x36\x32\
\x2e\x39\x30\x36\x35\x4c\x33\x30\x2e\x38\x38\x39\x35\x20\x36\x32\
\x2e\x38\x39\x38\x31\x4c\x33\x32\x2e\x30\x31\x36\x36\x20\x36\x31\
\x2e\x33\x30\x32\x32\x43\x33\x31\x2e\x36\x39\x32\x37\x20\x36\x31\
\x2e\x31\x38\x39\x37\x20\x33\x31\x2e\x33\x38\x37\x31\x20\x36\x31\
\x2e\x30\x37\x34\x31\x20\x33\x31\x2e\x31\x30\x30\x31\x20\x36\x30\
\x2e\x39\x35\x37\x38\x5a\x22\x20\x73\x74\x72\x6f\x6b\x65\x3d\x22\
\x23\x31\x30\x32\x38\x33\x34\x22\x20\x73\x74\x72\x6f\x6b\x65\x2d\
\x77\x69\x64\x74\x68\x3d\x22\x30\x2e\x38\x33\x30\x30\x37\x38\x22\
\x2f\x3e\x0a\x3c\x70\x61\x74\x68\x20\x64\x3d\x22\x4d\x32\x30\x2e\
\x33\x31\x35\x32\x20\x35\x34\x2e\x37\x35\x38\x32\x43\x31\x38\x2e\
\x37\x32\x38\x34\x20\x35\x36\x2e\x34\x32\x37\x33\x20\x31\x37\x2e\
\x33\x35\x37\x35\x20\x35\x38\x2e\x34\x30\x36\x36\x20\x31\x37\x2e\
\x30\x30\x31\x37\x20\x36\x30\x2e\x35\x31\x34\x38\x4c\x31\x37\x20\
\x36\x30\x2e\x35\x32\x35\x31\x4c\x31\x37\x2e\x30\x30\x32\x33\x20\
\x36\x30\x2e\x35\x33\x35\x35\x43\x31\x37\x2e\x30\x30\x39\x33\x20\
\x36\x30\x2e\x35\x36\x36\x31\x20\x31\x37\x2e\x30\x32\x32\x33\x20\
\x36\x30\x2e\x36\x30\x32\x37\x20\x31\x37\x2e\x30\x34\x35\x32\x20\
\x36\x30\x2e\x36\x33\x31\x39\x43\x31\x37\x2e\x30\x35\x36\x38\x20\
\x36\x30\x2e\x36\x34\x36\x38\x20\x31\x37\x2e\x30\x37\x33\x39\x20\
\x36\x30\x2e\x36\x36\x33\x35\x20\x31\x37\x2e\x30\x39\x38\x37\x20\
\x36\x30\x2e\x36\x37\x35\x43\x31\x37\x2e\x31\x32\x35\x36\x20\x36\
\x30\x2e\x36\x38\x37\x35\x20\x31\x37\x2e\x31\x35\x37\x35\x20\x36\
\x30\x2e\x36\x39\x31\x39\x20\x31\x37\x2e\x31\x39\x30\x31\x20\x36\
\x30\x2e\x36\x38\x35\x43\x31\x37\x2e\x32\x32\x30\x34\x20\x36\x30\
\x2e\x36\x37\x38\x37\x20\x31\x37\x2e\x32\x34\x35\x36\x20\x36\x30\
\x2e\x36\x36\x34\x20\x31\x37\x2e\x32\x36\x36\x20\x36\x30\x2e\x36\
\x34\x37\x35\x43\x31\x37\x2e\x32\x38\x36\x38\x20\x36\x30\x2e\x36\
\x33\x30\x38\x20\x31\x37\x2e\x33\x30\x36\x34\x20\x36\x30\x2e\x36\
\x30\x39\x31\x20\x31\x37\x2e\x33\x32\x35\x35\x20\x36\x30\x2e\x35\
\x38\x33\x33\x43\x31\x37\x2e\x33\x36\x33\x37\x20\x36\x30\x2e\x35\
\x33\x31\x37\x20\x31\x37\x2e\x34\x30\x35\x20\x36\x30\x2e\x34\x35\
\x36\x33\x20\x31\x37\x2e\x34\x35\x30\x31\x20\x36\x30\x2e\x33\x35\
\x31\x43\x31\x37\x2e\x35\x34\x30\x32\x20\x36\x30\x2e\x31\x34\x30\
\x39\x20\x31\x37\x2e\x39\x30\x36\x37\x20\x35\x38\x2e\x38\x33\x39\
\x20\x31\x39\x2e\x33\x38\x34\x37\x20\x35\x36\x2e\x39\x33\x33\x31\
\x43\x31\x39\x2e\x38\x32\x39\x35\x20\x35\x36\x2e\x33\x35\x39\x34\
\x20\x32\x30\x2e\x33\x37\x35\x35\x20\x35\x35\x2e\x37\x33\x31\x32\
\x20\x32\x31\x2e\x30\x34\x34\x36\x20\x35\x35\x2e\x30\x36\x31\x37\
\x43\x32\x30\x2e\x37\x38\x36\x38\x20\x35\x34\x2e\x39\x36\x30\x39\
\x20\x32\x30\x2e\x35\x34\x32\x20\x35\x34\x2e\x38\x35\x39\x35\x20\
\x32\x30\x2e\x33\x31\x35\x32\x20\x35\x34\x2e\x37\x35\x38\x32\x5a\
\x22\x20\x73\x74\x72\x6f\x6b\x65\x3d\x22\x23\x31\x30\x32\x38\x33\
\x34\x22\x20\x73\x74\x72\x6f\x6b\x65\x2d\x77\x69\x64\x74\x68\x3d\
\x22\x30\x2e\x38\x33\x30\x30\x37\x38\x22\x2f\x3e\x0a\x3c\x70\x61\
\x74\x68\x20\x64\x3d\x22\x4d\x33\x35\x2e\x31\x38\x31\x31\x20\x35\
\x32\x2e\x33\x31\x39\x36\x4c\x33\x35\x2e\x30\x36\x37\x33\x20\x35\
\x32\x2e\x33\x33\x39\x36\x4c\x33\x34\x2e\x39\x35\x31\x34\x20\x35\
\x32\x2e\x33\x34\x35\x37\x43\x33\x34\x2e\x37\x31\x33\x34\x20\x35\
\x32\x2e\x33\x35\x38\x32\x20\x33\x34\x2e\x35\x35\x34\x36\x20\x35\
\x32\x2e\x33\x37\x36\x37\x20\x33\x34\x2e\x34\x34\x37\x34\x20\x35\
\x32\x2e\x33\x39\x35\x35\x56\x35\x35\x2e\x37\x32\x32\x33\x43\x33\
\x34\x2e\x30\x39\x37\x33\x20\x35\x36\x2e\x34\x34\x36\x35\x20\x33\
\x33\x2e\x35\x30\x30\x31\x20\x35\x37\x2e\x35\x32\x34\x33\x20\x33\
\x32\x2e\x37\x31\x32\x33\x20\x35\x38\x2e\x37\x32\x32\x31\x43\x33\
\x32\x2e\x39\x30\x33\x33\x20\x35\x38\x2e\x37\x39\x36\x34\x20\x33\
\x33\x2e\x31\x30\x34\x33\x20\x35\x38\x2e\x38\x37\x30\x34\x20\x33\
\x33\x2e\x33\x31\x35\x31\x20\x35\x38\x2e\x39\x34\x32\x36\x4c\x33\
\x33\x2e\x33\x32\x38\x20\x35\x38\x2e\x39\x34\x37\x4c\x33\x33\x2e\
\x33\x34\x31\x20\x35\x38\x2e\x39\x35\x31\x37\x43\x33\x33\x2e\x34\
\x33\x31\x38\x20\x35\x38\x2e\x39\x38\x34\x33\x20\x33\x33\x2e\x35\
\x32\x30\x39\x20\x35\x39\x2e\x30\x31\x36\x37\x20\x33\x33\x2e\x36\
\x30\x38\x32\x20\x35\x39\x2e\x30\x34\x38\x36\x4c\x33\x35\x2e\x39\
\x32\x35\x34\x20\x35\x35\x2e\x37\x36\x37\x35\x4c\x33\x35\x2e\x39\
\x33\x39\x32\x20\x35\x35\x2e\x37\x34\x37\x39\x4c\x33\x35\x2e\x39\
\x33\x35\x31\x20\x35\x35\x2e\x37\x32\x35\x34\x43\x33\x35\x2e\x37\
\x35\x36\x31\x20\x35\x34\x2e\x37\x36\x32\x33\x20\x33\x35\x2e\x35\
\x33\x39\x32\x20\x35\x33\x2e\x35\x34\x37\x34\x20\x33\x35\x2e\x33\
\x32\x37\x32\x20\x35\x32\x2e\x32\x39\x34\x32\x43\x33\x35\x2e\x32\
\x37\x39\x33\x20\x35\x32\x2e\x33\x30\x32\x35\x20\x33\x35\x2e\x32\
\x33\x30\x37\x20\x35\x32\x2e\x33\x31\x30\x39\x20\x33\x35\x2e\x31\
\x38\x31\x31\x20\x35\x32\x2e\x33\x31\x39\x36\x5a\x22\x20\x73\x74\
\x72\x6f\x6b\x65\x3d\x22\x23\x31\x30\x32\x38\x33\x34\x22\x20\x73\
\x74\x72\x6f\x6b\x65\x2d\x77\x69\x64\x74\x68\x3d\x22\x30\x2e\x38\
\x33\x30\x30\x37\x38\x22\x2f\x3e\x0a\x3c\x70\x61\x74\x68\x20\x64\
\x3d\x22\x4d\x32\x37\x2e\x32\x30\x37\x20\x34\x38\x2e\x30\x31\x33\
\x32\x4c\x32\x36\x2e\x36\x31\x37\x33\x20\x34\x39\x2e\x31\x37\x34\
\x37\x43\x32\x36\x2e\x35\x37\x39\x20\x34\x39\x2e\x32\x34\x32\x20\
\x32\x36\x2e\x35\x32\x33\x31\x20\x34\x39\x2e\x33\x35\x33\x34\x20\
\x32\x36\x2e\x34\x37\x36\x33\x20\x34\x39\x2e\x34\x37\x34\x35\x43\
\x32\x36\x2e\x34\x33\x31\x36\x20\x34\x39\x2e\x35\x39\x30\x33\x20\
\x32\x36\x2e\x33\x39\x33\x37\x20\x34\x39\x2e\x37\x32\x30\x35\x20\
\x32\x36\x2e\x33\x39\x30\x33\x20\x34\x39\x2e\x38\x33\x31\x43\x32\
\x36\x2e\x33\x38\x38\x37\x20\x34\x39\x2e\x38\x33\x32\x37\x20\x32\
\x36\x2e\x33\x38\x36\x38\x20\x34\x39\x2e\x38\x33\x34\x39\x20\x32\
\x36\x2e\x33\x38\x34\x33\x20\x34\x39\x2e\x38\x33\x37\x33\x43\x32\
\x36\x2e\x33\x37\x31\x31\x20\x34\x39\x2e\x38\x34\x39\x39\x20\x32\
\x36\x2e\x33\x34\x39\x38\x20\x34\x39\x2e\x38\x36\x37\x37\x20\x32\
\x36\x2e\x33\x31\x39\x35\x20\x34\x39\x2e\x38\x39\x31\x43\x32\x36\
\x2e\x32\x35\x39\x32\x20\x34\x39\x2e\x39\x33\x37\x35\x20\x32\x36\
\x2e\x31\x36\x39\x35\x20\x35\x30\x2e\x30\x30\x31\x32\x20\x32\x36\
\x2e\x30\x35\x33\x33\x20\x35\x30\x2e\x30\x38\x32\x43\x32\x35\x2e\
\x38\x32\x32\x33\x20\x35\x30\x2e\x32\x34\x32\x36\x20\x32\x35\x2e\
\x34\x38\x37\x36\x20\x35\x30\x2e\x34\x36\x39\x37\x20\x32\x35\x2e\
\x30\x38\x35\x32\x20\x35\x30\x2e\x37\x35\x32\x35\x43\x32\x34\x2e\
\x33\x37\x33\x33\x20\x35\x31\x2e\x32\x35\x32\x38\x20\x32\x33\x2e\
\x34\x34\x33\x37\x20\x35\x31\x2e\x39\x33\x32\x20\x32\x32\x2e\x34\
\x36\x37\x35\x20\x35\x32\x2e\x37\x35\x30\x35\x43\x32\x32\x2e\x37\
\x32\x37\x34\x20\x35\x32\x2e\x38\x35\x30\x39\x20\x32\x33\x2e\x30\
\x30\x39\x20\x35\x32\x2e\x39\x35\x32\x37\x20\x32\x33\x2e\x33\x30\
\x35\x32\x20\x35\x33\x2e\x30\x35\x33\x37\x43\x32\x34\x2e\x35\x37\
\x34\x34\x20\x35\x32\x2e\x30\x34\x33\x38\x20\x32\x36\x2e\x31\x31\
\x37\x31\x20\x35\x30\x2e\x39\x38\x30\x36\x20\x32\x37\x2e\x39\x39\
\x32\x34\x20\x34\x39\x2e\x38\x39\x39\x36\x4c\x32\x38\x2e\x30\x31\
\x38\x31\x20\x34\x39\x2e\x38\x38\x34\x37\x4c\x32\x38\x2e\x30\x32\
\x34\x34\x20\x34\x39\x2e\x38\x35\x39\x34\x4c\x32\x38\x2e\x32\x34\
\x36\x32\x20\x34\x38\x2e\x39\x35\x33\x35\x4c\x32\x38\x2e\x32\x34\
\x37\x20\x34\x38\x2e\x39\x35\x30\x31\x4c\x32\x38\x2e\x32\x34\x37\
\x34\x20\x34\x38\x2e\x39\x34\x36\x38\x43\x32\x38\x2e\x32\x37\x32\
\x20\x34\x38\x2e\x37\x33\x31\x34\x20\x32\x38\x2e\x33\x31\x32\x36\
\x20\x34\x38\x2e\x33\x39\x35\x33\x20\x32\x38\x2e\x33\x35\x34\x34\
\x20\x34\x38\x2e\x30\x38\x37\x33\x43\x32\x38\x2e\x33\x39\x36\x36\
\x20\x34\x37\x2e\x37\x37\x37\x31\x20\x32\x38\x2e\x34\x33\x39\x31\
\x20\x34\x37\x2e\x35\x30\x31\x34\x20\x32\x38\x2e\x34\x36\x37\x33\
\x20\x34\x37\x2e\x34\x30\x32\x35\x43\x32\x38\x2e\x34\x38\x33\x32\
\x20\x34\x37\x2e\x33\x34\x36\x39\x20\x32\x38\x2e\x35\x32\x34\x20\
\x34\x37\x2e\x31\x39\x31\x36\x20\x32\x38\x2e\x35\x37\x39\x31\x20\
\x34\x36\x2e\x39\x37\x39\x43\x32\x38\x2e\x32\x33\x32\x34\x20\x34\
\x36\x2e\x39\x35\x34\x33\x20\x32\x37\x2e\x38\x39\x34\x31\x20\x34\
\x36\x2e\x39\x32\x33\x36\x20\x32\x37\x2e\x35\x38\x30\x36\x20\x34\
\x36\x2e\x38\x38\x36\x39\x4c\x32\x37\x2e\x32\x30\x37\x20\x34\x38\
\x2e\x30\x31\x33\x32\x5a\x22\x20\x73\x74\x72\x6f\x6b\x65\x3d\x22\
\x23\x31\x30\x32\x38\x33\x34\x22\x20\x73\x74\x72\x6f\x6b\x65\x2d\
\x77\x69\x64\x74\x68\x3d\x22\x30\x2e\x38\x33\x30\x30\x37\x38\x22\
\x2f\x3e\x0a\x3c\x70\x61\x74\x68\x20\x64\x3d\x22\x4d\x34\x31\x2e\
\x36\x32\x38\x32\x20\x34\x36\x2e\x31\x39\x31\x34\x43\x34\x31\x2e\
\x34\x31\x34\x36\x20\x34\x36\x2e\x31\x39\x33\x31\x20\x34\x31\x2e\
\x31\x34\x31\x38\x20\x34\x36\x2e\x31\x39\x38\x31\x20\x34\x30\x2e\
\x38\x39\x32\x31\x20\x34\x36\x2e\x32\x30\x37\x32\x43\x34\x30\x2e\
\x37\x33\x37\x32\x20\x34\x36\x2e\x32\x31\x32\x39\x20\x34\x30\x2e\
\x35\x39\x32\x36\x20\x34\x36\x2e\x32\x32\x20\x34\x30\x2e\x34\x37\
\x37\x35\x20\x34\x36\x2e\x32\x32\x38\x35\x43\x34\x30\x2e\x33\x36\
\x35\x39\x20\x34\x36\x2e\x32\x33\x36\x39\x20\x34\x30\x2e\x32\x39\
\x39\x20\x34\x36\x2e\x32\x34\x35\x38\x20\x34\x30\x2e\x32\x37\x32\
\x38\x20\x34\x36\x2e\x32\x35\x31\x36\x43\x34\x30\x2e\x32\x34\x30\
\x33\x20\x34\x36\x2e\x32\x36\x35\x32\x20\x34\x30\x2e\x32\x30\x36\
\x33\x20\x34\x36\x2e\x32\x38\x31\x37\x20\x34\x30\x2e\x31\x37\x31\
\x35\x20\x34\x36\x2e\x32\x39\x39\x38\x43\x34\x30\x2e\x30\x38\x37\
\x38\x20\x34\x36\x2e\x39\x31\x39\x33\x20\x34\x30\x2e\x30\x35\x32\
\x35\x20\x34\x37\x2e\x37\x32\x36\x37\x20\x34\x30\x2e\x31\x38\x33\
\x31\x20\x34\x38\x2e\x34\x31\x32\x31\x43\x34\x30\x2e\x32\x35\x38\
\x37\x20\x34\x38\x2e\x38\x30\x38\x37\x20\x34\x30\x2e\x33\x39\x30\
\x38\x20\x34\x39\x2e\x31\x37\x31\x32\x20\x34\x30\x2e\x36\x30\x37\
\x36\x20\x34\x39\x2e\x34\x33\x32\x38\x43\x34\x30\x2e\x38\x32\x37\
\x20\x34\x39\x2e\x36\x39\x37\x34\x20\x34\x31\x2e\x31\x33\x35\x36\
\x20\x34\x39\x2e\x38\x36\x30\x37\x20\x34\x31\x2e\x35\x35\x32\x35\
\x20\x34\x39\x2e\x38\x34\x36\x37\x4c\x34\x31\x2e\x36\x32\x38\x32\
\x20\x34\x39\x2e\x38\x34\x34\x56\x34\x36\x2e\x31\x39\x31\x34\x5a\
\x22\x20\x73\x74\x72\x6f\x6b\x65\x3d\x22\x23\x31\x30\x32\x38\x33\
\x34\x22\x20\x73\x74\x72\x6f\x6b\x65\x2d\x77\x69\x64\x74\x68\x3d\
\x22\x30\x2e\x38\x33\x30\x30\x37\x38\x22\x2f\x3e\x0a\x3c\x70\x61\
\x74\x68\x20\x64\x3d\x22\x4d\x34\x31\x2e\x36\x32\x38\x32\x20\x33\
\x36\x2e\x35\x34\x33\x36\x43\x34\x31\x2e\x35\x39\x31\x34\x20\x33\
\x36\x2e\x35\x34\x34\x36\x20\x34\x31\x2e\x35\x34\x35\x36\x20\x33\
\x36\x2e\x35\x34\x38\x31\x20\x34\x31\x2e\x34\x39\x31\x31\x20\x33\
\x36\x2e\x35\x35\x34\x38\x43\x34\x31\x2e\x33\x39\x33\x37\x20\x33\
\x36\x2e\x35\x36\x36\x38\x20\x34\x31\x2e\x32\x38\x36\x34\x20\x33\
\x36\x2e\x35\x38\x36\x31\x20\x34\x31\x2e\x31\x38\x34\x34\x20\x33\
\x36\x2e\x36\x30\x35\x4c\x34\x31\x2e\x31\x37\x37\x20\x33\x36\x2e\
\x36\x30\x36\x34\x4c\x34\x31\x2e\x31\x36\x39\x36\x20\x33\x36\x2e\
\x36\x30\x37\x32\x43\x34\x31\x2e\x30\x31\x34\x38\x20\x33\x36\x2e\
\x36\x32\x33\x34\x20\x34\x30\x2e\x34\x31\x36\x37\x20\x33\x36\x2e\
\x36\x34\x33\x36\x20\x33\x39\x2e\x39\x39\x31\x37\x20\x33\x36\x2e\
\x36\x31\x34\x35\x56\x33\x37\x2e\x37\x30\x35\x37\x4c\x33\x35\x2e\
\x37\x39\x32\x39\x20\x34\x32\x2e\x34\x39\x36\x38\x4c\x33\x35\x2e\
\x37\x39\x31\x34\x20\x34\x32\x2e\x34\x39\x38\x36\x4c\x33\x35\x2e\
\x37\x39\x20\x34\x32\x2e\x35\x30\x30\x33\x4c\x33\x34\x2e\x34\x36\
\x30\x35\x20\x34\x34\x2e\x32\x34\x35\x38\x4c\x33\x33\x2e\x33\x35\
\x33\x39\x20\x34\x35\x2e\x34\x37\x32\x38\x4c\x33\x33\x2e\x33\x33\
\x31\x34\x20\x34\x35\x2e\x34\x39\x37\x38\x4c\x33\x33\x2e\x33\x34\
\x31\x31\x20\x34\x35\x2e\x35\x32\x37\x39\x4c\x33\x33\x2e\x37\x38\
\x33\x34\x20\x34\x36\x2e\x38\x38\x32\x32\x4c\x33\x34\x2e\x32\x39\
\x31\x34\x20\x34\x39\x2e\x37\x39\x36\x36\x43\x33\x34\x2e\x34\x30\
\x34\x37\x20\x34\x39\x2e\x37\x38\x35\x35\x20\x33\x34\x2e\x35\x31\
\x37\x20\x34\x39\x2e\x37\x37\x36\x39\x20\x33\x34\x2e\x36\x32\x37\
\x34\x20\x34\x39\x2e\x37\x37\x43\x33\x34\x2e\x37\x32\x34\x35\x20\
\x34\x39\x2e\x37\x35\x33\x31\x20\x33\x34\x2e\x38\x31\x38\x37\x20\
\x34\x39\x2e\x37\x33\x36\x39\x20\x33\x34\x2e\x39\x31\x31\x34\x20\
\x34\x39\x2e\x37\x32\x31\x32\x43\x33\x34\x2e\x38\x38\x30\x33\x20\
\x34\x39\x2e\x35\x31\x36\x34\x20\x33\x34\x2e\x38\x34\x39\x38\x20\
\x34\x39\x2e\x33\x31\x34\x39\x20\x33\x34\x2e\x38\x32\x30\x39\x20\
\x34\x39\x2e\x31\x31\x37\x34\x43\x33\x34\x2e\x36\x36\x32\x39\x20\
\x34\x38\x2e\x30\x33\x37\x36\x20\x33\x34\x2e\x35\x34\x32\x36\x20\
\x34\x37\x2e\x30\x38\x33\x39\x20\x33\x34\x2e\x34\x39\x34\x39\x20\
\x34\x36\x2e\x34\x32\x36\x36\x43\x33\x34\x2e\x34\x37\x31\x20\x34\
\x36\x2e\x30\x39\x37\x31\x20\x33\x34\x2e\x34\x36\x35\x38\x20\x34\
\x35\x2e\x38\x34\x35\x35\x20\x33\x34\x2e\x34\x38\x32\x31\x20\x34\
\x35\x2e\x36\x39\x30\x33\x43\x33\x34\x2e\x34\x38\x37\x33\x20\x34\
\x35\x2e\x36\x34\x30\x36\x20\x33\x34\x2e\x34\x39\x34\x39\x20\x34\
\x35\x2e\x36\x30\x35\x32\x20\x33\x34\x2e\x35\x30\x32\x32\x20\x34\
\x35\x2e\x35\x38\x31\x35\x4c\x33\x34\x2e\x35\x34\x32\x34\x20\x34\
\x35\x2e\x36\x31\x32\x39\x4c\x33\x39\x2e\x39\x39\x31\x37\x20\x33\
\x38\x2e\x33\x39\x33\x34\x56\x33\x38\x2e\x35\x31\x38\x35\x43\x33\
\x39\x2e\x39\x30\x35\x34\x20\x33\x39\x2e\x30\x37\x20\x33\x39\x2e\
\x38\x31\x33\x31\x20\x33\x39\x2e\x38\x39\x35\x38\x20\x33\x39\x2e\
\x38\x31\x36\x32\x20\x34\x30\x2e\x35\x38\x35\x35\x43\x33\x39\x2e\
\x38\x31\x37\x38\x20\x34\x30\x2e\x39\x33\x30\x35\x20\x33\x39\x2e\
\x38\x34\x33\x31\x20\x34\x31\x2e\x32\x34\x35\x37\x20\x33\x39\x2e\
\x39\x30\x37\x20\x34\x31\x2e\x34\x37\x36\x32\x43\x33\x39\x2e\x39\
\x33\x38\x39\x20\x34\x31\x2e\x35\x39\x31\x20\x33\x39\x2e\x39\x38\
\x31\x37\x20\x34\x31\x2e\x36\x39\x30\x32\x20\x34\x30\x2e\x30\x34\
\x30\x34\x20\x34\x31\x2e\x37\x36\x32\x31\x43\x34\x30\x2e\x30\x35\
\x32\x36\x20\x34\x31\x2e\x37\x37\x37\x31\x20\x34\x30\x2e\x30\x36\
\x36\x20\x34\x31\x2e\x37\x39\x30\x39\x20\x34\x30\x2e\x30\x38\x30\
\x32\x20\x34\x31\x2e\x38\x30\x33\x38\x4c\x34\x30\x2e\x31\x31\x32\
\x20\x34\x31\x2e\x37\x39\x38\x31\x43\x34\x30\x2e\x32\x31\x30\x38\
\x20\x34\x31\x2e\x37\x38\x31\x20\x34\x30\x2e\x33\x33\x32\x35\x20\
\x34\x31\x2e\x37\x36\x32\x33\x20\x34\x30\x2e\x35\x33\x31\x31\x20\
\x34\x31\x2e\x37\x33\x37\x39\x4c\x34\x30\x2e\x35\x34\x32\x39\x20\
\x34\x31\x2e\x37\x33\x36\x33\x48\x34\x30\x2e\x35\x35\x34\x36\x43\
\x34\x31\x2e\x31\x33\x36\x33\x20\x34\x31\x2e\x37\x33\x36\x36\x20\
\x34\x31\x2e\x34\x33\x39\x39\x20\x34\x31\x2e\x37\x34\x37\x34\x20\
\x34\x31\x2e\x36\x32\x38\x32\x20\x34\x31\x2e\x37\x36\x36\x39\x56\
\x33\x36\x2e\x35\x34\x33\x36\x5a\x22\x20\x73\x74\x72\x6f\x6b\x65\
\x3d\x22\x23\x31\x30\x32\x38\x33\x34\x22\x20\x73\x74\x72\x6f\x6b\
\x65\x2d\x77\x69\x64\x74\x68\x3d\x22\x30\x2e\x38\x33\x30\x30\x37\
\x38\x22\x2f\x3e\x0a\x3c\x70\x61\x74\x68\x20\x64\x3d\x22\x4d\x34\
\x30\x2e\x35\x36\x36\x39\x20\x34\x31\x2e\x39\x39\x35\x32\x43\x34\
\x30\x2e\x33\x35\x32\x32\x20\x34\x32\x2e\x30\x32\x31\x37\x20\x34\
\x30\x2e\x32\x33\x34\x35\x20\x34\x32\x2e\x30\x34\x31\x20\x34\x30\
\x2e\x31\x33\x34\x32\x20\x34\x32\x2e\x30\x35\x39\x43\x33\x39\x2e\
\x39\x38\x32\x20\x34\x32\x2e\x35\x35\x36\x32\x20\x33\x39\x2e\x38\
\x32\x35\x32\x20\x34\x33\x2e\x32\x34\x30\x37\x20\x33\x39\x2e\x37\
\x37\x33\x38\x20\x34\x33\x2e\x39\x32\x35\x31\x43\x33\x39\x2e\x37\
\x34\x33\x34\x20\x34\x34\x2e\x33\x33\x30\x32\x20\x33\x39\x2e\x37\
\x34\x39\x37\x20\x34\x34\x2e\x37\x33\x37\x20\x33\x39\x2e\x38\x31\
\x36\x35\x20\x34\x35\x2e\x31\x30\x35\x38\x43\x33\x39\x2e\x38\x37\
\x38\x31\x20\x34\x35\x2e\x34\x34\x35\x34\x20\x33\x39\x2e\x39\x39\
\x32\x32\x20\x34\x35\x2e\x37\x35\x36\x32\x20\x34\x30\x2e\x31\x37\
\x39\x34\x20\x34\x36\x2e\x30\x30\x34\x32\x4c\x34\x30\x2e\x31\x38\
\x36\x33\x20\x34\x36\x2e\x30\x30\x32\x34\x43\x34\x30\x2e\x32\x35\
\x32\x20\x34\x35\x2e\x39\x38\x37\x37\x20\x34\x30\x2e\x33\x34\x39\
\x34\x20\x34\x35\x2e\x39\x37\x38\x33\x20\x34\x30\x2e\x34\x34\x38\
\x39\x20\x34\x35\x2e\x39\x37\x30\x39\x43\x34\x30\x2e\x35\x37\x31\
\x20\x34\x35\x2e\x39\x36\x31\x38\x20\x34\x30\x2e\x37\x32\x30\x39\
\x20\x34\x35\x2e\x39\x35\x34\x35\x20\x34\x30\x2e\x38\x37\x38\x31\
\x20\x34\x35\x2e\x39\x34\x38\x37\x43\x34\x31\x2e\x31\x33\x32\x37\
\x20\x34\x35\x2e\x39\x33\x39\x34\x20\x34\x31\x2e\x34\x31\x30\x36\
\x20\x34\x35\x2e\x39\x33\x34\x31\x20\x34\x31\x2e\x36\x32\x38\x32\
\x20\x34\x35\x2e\x39\x33\x32\x34\x56\x34\x32\x2e\x30\x32\x38\x43\
\x34\x31\x2e\x34\x37\x39\x31\x20\x34\x32\x2e\x30\x30\x39\x34\x20\
\x34\x31\x2e\x32\x30\x33\x20\x34\x31\x2e\x39\x39\x35\x36\x20\x34\
\x30\x2e\x35\x36\x36\x39\x20\x34\x31\x2e\x39\x39\x35\x32\x5a\x22\
\x20\x73\x74\x72\x6f\x6b\x65\x3d\x22\x23\x31\x30\x32\x38\x33\x34\
\x22\x20\x73\x74\x72\x6f\x6b\x65\x2d\x77\x69\x64\x74\x68\x3d\x22\
\x30\x2e\x38\x33\x30\x30\x37\x38\x22\x2f\x3e\x0a\x3c\x70\x61\x74\
\x68\x20\x66\x69\x6c\x6c\x2d\x72\x75\x6c\x65\x3d\x22\x65\x76\x65\
\x6e\x6f\x64\x64\x22\x20\x63\x6c\x69\x70\x2d\x72\x75\x6c\x65\x3d\
\x22\x65\x76\x65\x6e\x6f\x64\x64\x22\x20\x64\x3d\x22\x4d\x33\x31\
\x2e\x31\x32\x30\x38\x20\x32\x32\x2e\x39\x31\x30\x38\x43\x33\x30\
\x2e\x39\x35\x30\x39\x20\x32\x32\x2e\x39\x36\x36\x35\x20\x33\x30\
\x2e\x37\x38\x39\x34\x20\x32\x33\x2e\x30\x31\x37\x38\x20\x33\x30\
\x2e\x36\x33\x39\x32\x20\x32\x33\x2e\x30\x36\x33\x31\x43\x33\x30\
\x2e\x35\x30\x30\x32\x20\x32\x33\x2e\x31\x30\x35\x20\x33\x30\x2e\
\x33\x36\x32\x37\x20\x32\x33\x2e\x31\x35\x31\x20\x33\x30\x2e\x32\
\x32\x33\x32\x20\x32\x33\x2e\x32\x30\x30\x37\x4c\x33\x30\x2e\x33\
\x31\x30\x33\x20\x32\x33\x2e\x34\x36\x32\x36\x4c\x33\x30\x2e\x33\
\x31\x31\x31\x20\x32\x33\x2e\x34\x36\x34\x36\x4c\x33\x30\x2e\x33\
\x31\x31\x38\x20\x32\x33\x2e\x34\x36\x36\x37\x4c\x33\x31\x2e\x30\
\x35\x31\x31\x20\x32\x35\x2e\x32\x31\x33\x39\x4c\x33\x31\x2e\x38\
\x36\x33\x20\x32\x37\x2e\x35\x34\x4c\x33\x31\x2e\x38\x36\x33\x35\
\x20\x32\x37\x2e\x35\x34\x31\x35\x4c\x33\x31\x2e\x38\x36\x34\x33\
\x20\x32\x37\x2e\x35\x34\x33\x4c\x33\x32\x2e\x32\x35\x36\x39\x20\
\x32\x38\x2e\x34\x38\x38\x32\x4c\x33\x32\x2e\x33\x35\x36\x33\x20\
\x32\x38\x2e\x30\x35\x32\x37\x4c\x33\x33\x2e\x34\x33\x32\x31\x20\
\x32\x39\x2e\x30\x35\x33\x33\x4c\x33\x33\x2e\x34\x33\x32\x33\x20\
\x32\x39\x2e\x30\x35\x33\x32\x4c\x33\x35\x2e\x34\x32\x37\x39\x20\
\x33\x30\x2e\x39\x32\x39\x35\x4c\x33\x35\x2e\x34\x33\x30\x38\x20\
\x33\x30\x2e\x39\x33\x32\x33\x4c\x33\x35\x2e\x34\x33\x34\x20\x33\
\x30\x2e\x39\x33\x34\x38\x4c\x33\x36\x2e\x34\x36\x36\x33\x20\x33\
\x31\x2e\x37\x30\x39\x33\x4c\x33\x37\x2e\x34\x31\x38\x36\x20\x33\
\x32\x2e\x36\x30\x36\x38\x4c\x33\x37\x2e\x38\x35\x38\x31\x20\x33\
\x33\x2e\x32\x34\x38\x32\x4c\x33\x37\x2e\x38\x36\x30\x34\x20\x33\
\x33\x2e\x32\x35\x31\x35\x4c\x33\x37\x2e\x38\x36\x33\x20\x33\x33\
\x2e\x32\x35\x34\x36\x4c\x33\x38\x2e\x33\x38\x30\x35\x20\x33\x33\
\x2e\x38\x33\x36\x39\x4c\x33\x38\x2e\x33\x38\x35\x39\x20\x33\x33\
\x2e\x38\x34\x33\x31\x4c\x33\x38\x2e\x33\x39\x33\x20\x33\x33\x2e\
\x38\x34\x38\x31\x4c\x33\x38\x2e\x38\x38\x32\x39\x20\x33\x34\x2e\
\x31\x39\x31\x31\x56\x33\x34\x2e\x32\x39\x36\x35\x43\x33\x36\x2e\
\x31\x38\x31\x32\x20\x33\x33\x2e\x36\x38\x35\x20\x33\x32\x2e\x31\
\x31\x32\x33\x20\x33\x32\x2e\x39\x32\x35\x35\x20\x32\x38\x2e\x35\
\x35\x36\x32\x20\x33\x32\x2e\x36\x30\x37\x43\x32\x36\x2e\x37\x35\
\x36\x36\x20\x33\x32\x2e\x34\x34\x35\x38\x20\x32\x35\x2e\x30\x38\
\x33\x36\x20\x33\x32\x2e\x33\x39\x37\x31\x20\x32\x33\x2e\x37\x38\
\x34\x20\x33\x32\x2e\x35\x33\x39\x31\x43\x32\x33\x2e\x31\x33\x34\
\x33\x20\x33\x32\x2e\x36\x31\x30\x31\x20\x32\x32\x2e\x35\x37\x33\
\x36\x20\x33\x32\x2e\x37\x32\x39\x31\x20\x32\x32\x2e\x31\x33\x35\
\x39\x20\x33\x32\x2e\x39\x30\x38\x43\x32\x31\x2e\x36\x39\x39\x34\
\x20\x33\x33\x2e\x30\x38\x36\x35\x20\x32\x31\x2e\x33\x38\x30\x34\
\x20\x33\x33\x2e\x33\x32\x36\x37\x20\x32\x31\x2e\x32\x32\x32\x36\
\x20\x33\x33\x2e\x36\x34\x31\x36\x43\x32\x31\x2e\x31\x30\x35\x33\
\x20\x33\x33\x2e\x38\x31\x39\x32\x20\x32\x31\x2e\x30\x39\x36\x38\
\x20\x33\x34\x2e\x30\x34\x38\x34\x20\x32\x31\x2e\x32\x36\x35\x36\
\x20\x33\x34\x2e\x32\x39\x37\x36\x43\x32\x31\x2e\x34\x33\x33\x38\
\x20\x33\x34\x2e\x35\x34\x35\x38\x20\x32\x31\x2e\x37\x37\x36\x39\
\x20\x33\x34\x2e\x38\x31\x33\x36\x20\x32\x32\x2e\x33\x36\x32\x33\
\x20\x33\x35\x2e\x30\x38\x30\x31\x43\x32\x33\x2e\x35\x33\x33\x35\
\x20\x33\x35\x2e\x36\x31\x33\x31\x20\x32\x35\x2e\x37\x30\x32\x31\
\x20\x33\x36\x2e\x31\x35\x33\x36\x20\x32\x39\x2e\x34\x39\x30\x32\
\x20\x33\x36\x2e\x35\x31\x36\x33\x4c\x32\x39\x2e\x34\x39\x33\x33\
\x20\x33\x36\x2e\x35\x31\x36\x35\x4c\x32\x39\x2e\x34\x39\x36\x34\
\x20\x33\x36\x2e\x35\x31\x36\x37\x43\x33\x30\x2e\x38\x37\x38\x39\
\x20\x33\x36\x2e\x35\x35\x39\x39\x20\x33\x32\x2e\x39\x33\x35\x38\
\x20\x33\x36\x2e\x35\x33\x37\x32\x20\x33\x34\x2e\x36\x31\x32\x31\
\x20\x33\x36\x2e\x33\x32\x38\x32\x43\x33\x35\x2e\x34\x34\x39\x31\
\x20\x33\x36\x2e\x32\x32\x33\x39\x20\x33\x36\x2e\x31\x39\x38\x34\
\x20\x33\x36\x2e\x30\x37\x32\x33\x20\x33\x36\x2e\x37\x32\x31\x39\
\x20\x33\x35\x2e\x38\x35\x35\x38\x43\x33\x36\x2e\x39\x38\x33\x37\
\x20\x33\x35\x2e\x37\x34\x37\x35\x20\x33\x37\x2e\x31\x39\x34\x37\
\x20\x33\x35\x2e\x36\x32\x30\x36\x20\x33\x37\x2e\x33\x33\x30\x38\
\x20\x33\x35\x2e\x34\x37\x31\x31\x43\x33\x37\x2e\x34\x35\x36\x37\
\x20\x33\x35\x2e\x33\x33\x32\x37\x20\x33\x37\x2e\x35\x31\x37\x20\
\x33\x35\x2e\x31\x37\x36\x32\x20\x33\x37\x2e\x34\x39\x35\x34\x20\
\x33\x35\x2e\x30\x30\x32\x36\x43\x33\x37\x2e\x37\x31\x33\x32\x20\
\x33\x34\x2e\x39\x32\x31\x35\x20\x33\x38\x2e\x30\x32\x36\x20\x33\
\x34\x2e\x38\x32\x36\x20\x33\x38\x2e\x33\x31\x34\x38\x20\x33\x34\
\x2e\x37\x38\x31\x34\x43\x33\x38\x2e\x34\x37\x31\x35\x20\x33\x34\
\x2e\x37\x35\x37\x32\x20\x33\x38\x2e\x36\x31\x36\x20\x33\x34\x2e\
\x37\x34\x38\x37\x20\x33\x38\x2e\x37\x33\x32\x34\x20\x33\x34\x2e\
\x37\x36\x33\x31\x43\x33\x38\x2e\x38\x34\x20\x33\x34\x2e\x37\x37\
\x36\x34\x20\x33\x38\x2e\x39\x31\x34\x33\x20\x33\x34\x2e\x38\x30\
\x37\x39\x20\x33\x38\x2e\x39\x35\x38\x34\x20\x33\x34\x2e\x38\x35\
\x36\x35\x43\x33\x38\x2e\x39\x37\x33\x34\x20\x33\x35\x2e\x31\x30\
\x38\x39\x20\x33\x39\x2e\x30\x34\x31\x32\x20\x33\x35\x2e\x34\x37\
\x35\x31\x20\x33\x39\x2e\x32\x30\x31\x37\x20\x33\x35\x2e\x37\x37\
\x37\x33\x43\x33\x39\x2e\x32\x30\x36\x36\x20\x33\x35\x2e\x37\x38\
\x36\x36\x20\x33\x39\x2e\x32\x31\x32\x20\x33\x35\x2e\x37\x39\x35\
\x37\x20\x33\x39\x2e\x32\x31\x37\x31\x20\x33\x35\x2e\x38\x30\x34\
\x39\x48\x33\x39\x2e\x31\x36\x35\x31\x4c\x33\x39\x2e\x31\x34\x38\
\x36\x20\x33\x35\x2e\x38\x31\x31\x36\x43\x33\x38\x2e\x38\x32\x37\
\x34\x20\x33\x35\x2e\x39\x34\x31\x33\x20\x33\x38\x2e\x33\x33\x34\
\x34\x20\x33\x36\x2e\x31\x34\x39\x20\x33\x37\x2e\x38\x39\x39\x31\
\x20\x33\x36\x2e\x33\x35\x30\x33\x43\x33\x37\x2e\x36\x38\x31\x36\
\x20\x33\x36\x2e\x34\x35\x31\x20\x33\x37\x2e\x34\x37\x37\x34\x20\
\x33\x36\x2e\x35\x35\x30\x35\x20\x33\x37\x2e\x33\x31\x35\x39\x20\
\x33\x36\x2e\x36\x33\x38\x33\x43\x33\x37\x2e\x32\x33\x35\x32\x20\
\x33\x36\x2e\x36\x38\x32\x31\x20\x33\x37\x2e\x31\x36\x34\x31\x20\
\x33\x36\x2e\x37\x32\x33\x36\x20\x33\x37\x2e\x31\x30\x37\x31\x20\
\x33\x36\x2e\x37\x36\x31\x32\x43\x33\x37\x2e\x30\x35\x31\x34\x20\
\x33\x36\x2e\x37\x39\x37\x39\x20\x33\x37\x2e\x30\x30\x34\x31\x20\
\x33\x36\x2e\x38\x33\x34\x31\x20\x33\x36\x2e\x39\x37\x35\x32\x20\
\x33\x36\x2e\x38\x36\x37\x38\x43\x33\x36\x2e\x39\x35\x39\x39\x20\
\x33\x36\x2e\x38\x38\x35\x37\x20\x33\x36\x2e\x39\x32\x32\x38\x20\
\x33\x36\x2e\x39\x31\x35\x38\x20\x33\x36\x2e\x38\x36\x30\x32\x20\
\x33\x36\x2e\x39\x35\x37\x36\x43\x33\x36\x2e\x37\x39\x39\x34\x20\
\x33\x36\x2e\x39\x39\x38\x32\x20\x33\x36\x2e\x37\x32\x30\x31\x20\
\x33\x37\x2e\x30\x34\x36\x33\x20\x33\x36\x2e\x36\x32\x36\x32\x20\
\x33\x37\x2e\x31\x30\x30\x31\x43\x33\x36\x2e\x34\x33\x38\x37\x20\
\x33\x37\x2e\x32\x30\x37\x35\x20\x33\x36\x2e\x31\x39\x36\x31\x20\
\x33\x37\x2e\x33\x33\x35\x39\x20\x33\x35\x2e\x39\x33\x33\x35\x20\
\x33\x37\x2e\x34\x36\x39\x36\x43\x33\x35\x2e\x35\x33\x39\x38\x20\
\x33\x37\x2e\x36\x37\x30\x32\x20\x33\x35\x2e\x31\x30\x33\x20\x33\
\x37\x2e\x38\x38\x32\x20\x33\x34\x2e\x37\x34\x33\x32\x20\x33\x38\
\x2e\x30\x35\x32\x36\x4c\x33\x34\x2e\x34\x31\x33\x35\x20\x33\x38\
\x2e\x32\x30\x37\x36\x4c\x33\x34\x2e\x34\x31\x31\x20\x33\x38\x2e\
\x32\x30\x38\x36\x4c\x33\x34\x2e\x34\x30\x38\x37\x20\x33\x38\x2e\
\x32\x30\x39\x38\x4c\x33\x32\x2e\x32\x36\x38\x33\x20\x33\x39\x2e\
\x33\x37\x32\x37\x43\x33\x31\x2e\x38\x34\x36\x32\x20\x33\x39\x2e\
\x35\x34\x36\x35\x20\x33\x30\x2e\x39\x34\x33\x31\x20\x33\x39\x2e\
\x39\x31\x33\x39\x20\x33\x30\x2e\x36\x35\x31\x32\x20\x34\x30\x2e\
\x30\x31\x36\x31\x43\x33\x30\x2e\x34\x32\x35\x34\x20\x34\x30\x2e\
\x30\x39\x35\x32\x20\x33\x30\x2e\x30\x37\x35\x34\x20\x34\x30\x2e\
\x32\x35\x32\x31\x20\x32\x39\x2e\x38\x32\x31\x31\x20\x34\x30\x2e\
\x33\x37\x31\x4c\x32\x39\x2e\x36\x30\x36\x39\x20\x34\x30\x2e\x34\
\x37\x33\x4c\x32\x39\x2e\x35\x39\x37\x32\x20\x34\x30\x2e\x34\x37\
\x37\x37\x4c\x32\x39\x2e\x35\x38\x39\x37\x20\x34\x30\x2e\x34\x38\
\x34\x34\x43\x32\x39\x2e\x35\x32\x35\x36\x20\x34\x30\x2e\x35\x34\
\x30\x35\x20\x32\x39\x2e\x34\x33\x30\x31\x20\x34\x30\x2e\x36\x33\
\x34\x20\x32\x39\x2e\x33\x35\x30\x32\x20\x34\x30\x2e\x37\x33\x34\
\x32\x43\x32\x39\x2e\x33\x31\x30\x32\x20\x34\x30\x2e\x37\x38\x34\
\x34\x20\x32\x39\x2e\x32\x37\x33\x20\x34\x30\x2e\x38\x33\x37\x35\
\x20\x32\x39\x2e\x32\x34\x35\x36\x20\x34\x30\x2e\x38\x38\x39\x33\
\x43\x32\x39\x2e\x32\x31\x38\x37\x20\x34\x30\x2e\x39\x34\x30\x33\
\x20\x32\x39\x2e\x31\x39\x38\x37\x20\x34\x30\x2e\x39\x39\x34\x38\
\x20\x32\x39\x2e\x31\x39\x38\x37\x20\x34\x31\x2e\x30\x34\x36\x33\
\x43\x32\x39\x2e\x31\x39\x38\x37\x20\x34\x31\x2e\x31\x33\x33\x34\
\x20\x32\x39\x2e\x32\x32\x35\x39\x20\x34\x31\x2e\x32\x33\x32\x33\
\x20\x32\x39\x2e\x32\x35\x37\x35\x20\x34\x31\x2e\x33\x31\x37\x35\
\x43\x32\x39\x2e\x32\x38\x39\x34\x20\x34\x31\x2e\x34\x30\x33\x36\
\x20\x32\x39\x2e\x33\x32\x37\x39\x20\x34\x31\x2e\x34\x38\x30\x39\
\x20\x32\x39\x2e\x33\x35\x34\x20\x34\x31\x2e\x35\x32\x36\x37\x43\
\x32\x39\x2e\x33\x36\x30\x37\x20\x34\x31\x2e\x35\x33\x38\x34\x20\
\x32\x39\x2e\x33\x37\x31\x33\x20\x34\x31\x2e\x35\x36\x38\x33\x20\
\x32\x39\x2e\x33\x37\x37\x39\x20\x34\x31\x2e\x36\x32\x32\x32\x43\
\x32\x39\x2e\x33\x38\x34\x34\x20\x34\x31\x2e\x36\x37\x34\x37\x20\
\x32\x39\x2e\x33\x38\x36\x35\x20\x34\x31\x2e\x37\x34\x36\x32\x20\
\x32\x39\x2e\x33\x37\x39\x39\x20\x34\x31\x2e\x38\x33\x38\x35\x43\
\x32\x39\x2e\x33\x36\x36\x38\x20\x34\x32\x2e\x30\x32\x33\x20\x32\
\x39\x2e\x33\x31\x38\x36\x20\x34\x32\x2e\x32\x38\x38\x32\x20\x32\
\x39\x2e\x32\x30\x31\x34\x20\x34\x32\x2e\x36\x34\x37\x33\x43\x32\
\x39\x2e\x30\x38\x34\x34\x20\x34\x33\x2e\x30\x30\x35\x37\x20\x32\
\x38\x2e\x38\x34\x37\x31\x20\x34\x33\x2e\x34\x36\x38\x37\x20\x32\
\x38\x2e\x35\x38\x38\x32\x20\x34\x34\x2e\x30\x33\x37\x36\x43\x32\
\x38\x2e\x35\x33\x39\x37\x20\x34\x34\x2e\x31\x34\x34\x31\x20\x32\
\x38\x2e\x34\x39\x31\x31\x20\x34\x34\x2e\x32\x35\x34\x33\x20\x32\
\x38\x2e\x34\x34\x32\x20\x34\x34\x2e\x33\x36\x37\x37\x43\x32\x38\
\x2e\x36\x39\x39\x37\x20\x34\x34\x2e\x33\x39\x30\x37\x20\x32\x38\
\x2e\x39\x37\x39\x38\x20\x34\x34\x2e\x34\x31\x30\x36\x20\x32\x39\
\x2e\x32\x36\x39\x31\x20\x34\x34\x2e\x34\x32\x36\x37\x4c\x33\x30\
\x2e\x30\x31\x37\x39\x20\x34\x32\x2e\x32\x39\x36\x34\x4c\x33\x30\
\x2e\x33\x37\x39\x31\x20\x34\x31\x2e\x35\x33\x37\x37\x4c\x33\x31\
\x2e\x34\x36\x39\x32\x20\x34\x30\x2e\x37\x37\x34\x34\x4c\x33\x39\
\x2e\x34\x37\x31\x37\x20\x33\x36\x2e\x31\x32\x35\x31\x43\x33\x39\
\x2e\x36\x30\x38\x20\x33\x36\x2e\x32\x34\x31\x37\x20\x33\x39\x2e\
\x37\x37\x38\x39\x20\x33\x36\x2e\x33\x31\x39\x36\x20\x33\x39\x2e\
\x39\x39\x31\x37\x20\x33\x36\x2e\x33\x32\x34\x32\x56\x33\x36\x2e\
\x33\x35\x34\x31\x43\x34\x30\x2e\x33\x38\x37\x33\x20\x33\x36\x2e\
\x33\x38\x34\x31\x20\x34\x30\x2e\x39\x37\x38\x31\x20\x33\x36\x2e\
\x33\x36\x35\x32\x20\x34\x31\x2e\x31\x32\x34\x34\x20\x33\x36\x2e\
\x33\x35\x30\x39\x43\x34\x31\x2e\x32\x32\x33\x38\x20\x33\x36\x2e\
\x33\x33\x32\x34\x20\x34\x31\x2e\x33\x33\x37\x34\x20\x33\x36\x2e\
\x33\x31\x32\x20\x34\x31\x2e\x34\x34\x34\x31\x20\x33\x36\x2e\x32\
\x39\x38\x39\x43\x34\x31\x2e\x35\x30\x33\x34\x20\x33\x36\x2e\x32\
\x39\x31\x36\x20\x34\x31\x2e\x35\x36\x36\x39\x20\x33\x36\x2e\x32\
\x38\x35\x37\x20\x34\x31\x2e\x36\x32\x38\x32\x20\x33\x36\x2e\x32\
\x38\x34\x36\x56\x33\x30\x2e\x38\x36\x39\x34\x43\x34\x31\x2e\x35\
\x39\x39\x37\x20\x33\x30\x2e\x38\x38\x32\x39\x20\x34\x31\x2e\x35\
\x36\x36\x20\x33\x30\x2e\x38\x38\x39\x35\x20\x34\x31\x2e\x35\x33\
\x30\x39\x20\x33\x30\x2e\x38\x38\x36\x31\x43\x34\x31\x2e\x32\x30\
\x31\x33\x20\x33\x30\x2e\x38\x35\x34\x35\x20\x34\x30\x2e\x38\x36\
\x30\x33\x20\x33\x30\x2e\x38\x34\x33\x38\x20\x34\x30\x2e\x35\x38\
\x31\x36\x20\x33\x30\x2e\x38\x34\x36\x34\x43\x34\x30\x2e\x34\x34\
\x32\x33\x20\x33\x30\x2e\x38\x34\x37\x37\x20\x34\x30\x2e\x33\x31\
\x39\x39\x20\x33\x30\x2e\x38\x35\x32\x33\x20\x34\x30\x2e\x32\x32\
\x33\x35\x20\x33\x30\x2e\x38\x35\x39\x31\x43\x34\x30\x2e\x31\x32\
\x32\x37\x20\x33\x30\x2e\x38\x36\x36\x31\x20\x34\x30\x2e\x30\x36\
\x32\x33\x20\x33\x30\x2e\x38\x37\x34\x38\x20\x34\x30\x2e\x30\x33\
\x38\x39\x20\x33\x30\x2e\x38\x38\x30\x38\x43\x33\x39\x2e\x39\x32\
\x39\x20\x33\x30\x2e\x39\x30\x39\x33\x20\x33\x39\x2e\x38\x33\x30\
\x31\x20\x33\x30\x2e\x39\x34\x33\x32\x20\x33\x39\x2e\x37\x32\x31\
\x31\x20\x33\x30\x2e\x39\x38\x31\x35\x43\x33\x39\x2e\x37\x32\x39\
\x35\x20\x33\x30\x2e\x39\x39\x33\x32\x20\x33\x39\x2e\x37\x33\x37\
\x39\x20\x33\x31\x2e\x30\x30\x35\x31\x20\x33\x39\x2e\x37\x34\x36\
\x37\x20\x33\x31\x2e\x30\x31\x36\x39\x43\x33\x39\x2e\x32\x39\x31\
\x33\x20\x33\x31\x2e\x33\x35\x33\x32\x20\x33\x38\x2e\x39\x31\x34\
\x20\x33\x31\x2e\x38\x37\x31\x37\x20\x33\x38\x2e\x38\x38\x32\x39\
\x20\x33\x32\x2e\x36\x33\x32\x56\x33\x32\x2e\x37\x39\x33\x39\x4c\
\x33\x38\x2e\x38\x37\x31\x37\x20\x33\x32\x2e\x37\x38\x34\x43\x33\
\x38\x2e\x38\x30\x31\x31\x20\x33\x32\x2e\x37\x32\x32\x33\x20\x33\
\x37\x2e\x34\x37\x30\x32\x20\x33\x31\x2e\x38\x31\x36\x34\x20\x33\
\x35\x2e\x39\x39\x32\x31\x20\x33\x30\x2e\x33\x32\x38\x35\x4c\x33\
\x35\x2e\x39\x38\x37\x34\x20\x33\x30\x2e\x33\x32\x33\x37\x4c\x33\
\x34\x2e\x39\x35\x30\x31\x20\x32\x39\x2e\x36\x31\x30\x33\x4c\x33\
\x32\x2e\x38\x31\x31\x39\x20\x32\x37\x2e\x37\x33\x38\x35\x4c\x33\
\x32\x2e\x33\x38\x30\x39\x20\x32\x37\x2e\x32\x39\x38\x36\x4c\x33\
\x32\x2e\x31\x36\x33\x33\x20\x32\x36\x2e\x36\x30\x30\x32\x4c\x33\
\x31\x2e\x37\x32\x30\x37\x20\x32\x35\x2e\x31\x31\x35\x32\x4c\x33\
\x31\x2e\x32\x37\x36\x31\x20\x32\x33\x2e\x32\x39\x39\x35\x4c\x33\
\x31\x2e\x32\x37\x34\x37\x20\x32\x33\x2e\x32\x39\x36\x4c\x33\x31\
\x2e\x31\x32\x30\x38\x20\x32\x32\x2e\x39\x31\x30\x38\x5a\x4d\x32\
\x33\x2e\x32\x37\x31\x32\x20\x33\x32\x2e\x39\x32\x36\x32\x43\x32\
\x33\x2e\x33\x35\x37\x38\x20\x33\x32\x2e\x39\x31\x37\x39\x20\x32\
\x33\x2e\x34\x33\x36\x34\x20\x33\x32\x2e\x39\x36\x38\x36\x20\x32\
\x33\x2e\x34\x34\x36\x36\x20\x33\x33\x2e\x30\x33\x39\x36\x43\x32\
\x33\x2e\x34\x35\x36\x38\x20\x33\x33\x2e\x31\x31\x30\x36\x20\x32\
\x33\x2e\x33\x39\x34\x37\x20\x33\x33\x2e\x31\x37\x34\x39\x20\x32\
\x33\x2e\x33\x30\x38\x31\x20\x33\x33\x2e\x31\x38\x33\x33\x43\x32\
\x33\x2e\x32\x37\x34\x32\x20\x33\x33\x2e\x31\x38\x36\x36\x20\x32\
\x33\x2e\x32\x31\x39\x36\x20\x33\x33\x2e\x31\x39\x39\x39\x20\x32\
\x33\x2e\x31\x34\x33\x36\x20\x33\x33\x2e\x32\x32\x33\x39\x43\x32\
\x33\x2e\x30\x36\x38\x39\x20\x33\x33\x2e\x32\x34\x37\x34\x20\x32\
\x32\x2e\x39\x39\x31\x34\x20\x33\x33\x2e\x32\x37\x35\x32\x20\x32\
\x32\x2e\x39\x30\x36\x38\x20\x33\x33\x2e\x33\x30\x33\x37\x43\x32\
\x32\x2e\x37\x34\x34\x34\x20\x33\x33\x2e\x33\x35\x38\x36\x20\x32\
\x32\x2e\x35\x33\x38\x36\x20\x33\x33\x2e\x34\x37\x39\x31\x20\x32\
\x32\x2e\x34\x30\x32\x39\x20\x33\x33\x2e\x35\x37\x37\x33\x43\x32\
\x32\x2e\x33\x35\x36\x20\x33\x33\x2e\x36\x31\x31\x33\x20\x32\x32\
\x2e\x33\x31\x30\x33\x20\x33\x33\x2e\x36\x36\x38\x34\x20\x32\x32\
\x2e\x32\x36\x36\x37\x20\x33\x33\x2e\x37\x34\x39\x37\x43\x32\x32\
\x2e\x32\x32\x33\x38\x20\x33\x33\x2e\x38\x32\x39\x38\x20\x32\x32\
\x2e\x31\x38\x38\x20\x33\x33\x2e\x39\x32\x33\x33\x20\x32\x32\x2e\
\x31\x35\x34\x33\x20\x33\x34\x2e\x30\x32\x31\x37\x43\x32\x32\x2e\
\x30\x38\x31\x31\x20\x33\x34\x2e\x32\x33\x35\x33\x20\x32\x32\x2e\
\x32\x34\x31\x33\x20\x33\x34\x2e\x33\x36\x32\x37\x20\x32\x32\x2e\
\x34\x33\x39\x20\x33\x34\x2e\x35\x34\x32\x43\x32\x32\x2e\x34\x38\
\x38\x35\x20\x33\x34\x2e\x35\x38\x37\x20\x32\x32\x2e\x35\x37\x34\
\x32\x20\x33\x34\x2e\x36\x33\x37\x36\x20\x32\x32\x2e\x37\x34\x32\
\x38\x20\x33\x34\x2e\x37\x31\x32\x35\x43\x32\x32\x2e\x39\x30\x39\
\x35\x20\x33\x34\x2e\x37\x38\x36\x36\x20\x32\x33\x2e\x31\x34\x31\
\x35\x20\x33\x34\x2e\x38\x37\x37\x39\x20\x32\x33\x2e\x34\x37\x32\
\x35\x20\x33\x35\x2e\x30\x30\x37\x38\x43\x32\x33\x2e\x36\x32\x36\
\x39\x20\x33\x35\x2e\x30\x36\x38\x34\x20\x32\x33\x2e\x37\x37\x31\
\x36\x20\x33\x35\x2e\x31\x31\x35\x35\x20\x32\x33\x2e\x39\x31\x20\
\x33\x35\x2e\x31\x35\x38\x38\x43\x32\x34\x2e\x30\x34\x36\x34\x20\
\x33\x35\x2e\x32\x30\x31\x35\x20\x32\x34\x2e\x31\x38\x31\x39\x20\
\x33\x35\x2e\x32\x34\x32\x31\x20\x32\x34\x2e\x33\x30\x37\x32\x20\
\x33\x35\x2e\x32\x38\x37\x31\x43\x32\x34\x2e\x33\x36\x32\x20\x33\
\x35\x2e\x33\x30\x36\x37\x20\x32\x34\x2e\x34\x33\x34\x20\x33\x35\
\x2e\x33\x32\x30\x38\x20\x32\x34\x2e\x35\x32\x36\x38\x20\x33\x35\
\x2e\x33\x33\x36\x43\x32\x34\x2e\x36\x31\x33\x37\x20\x33\x35\x2e\
\x33\x35\x30\x32\x20\x32\x34\x2e\x37\x32\x20\x33\x35\x2e\x33\x36\
\x35\x36\x20\x32\x34\x2e\x38\x31\x38\x33\x20\x33\x35\x2e\x33\x38\
\x39\x33\x43\x32\x34\x2e\x39\x31\x34\x20\x33\x35\x2e\x34\x31\x32\
\x34\x20\x32\x35\x2e\x30\x32\x31\x39\x20\x33\x35\x2e\x34\x33\x33\
\x31\x20\x32\x35\x2e\x31\x33\x32\x31\x20\x33\x35\x2e\x34\x35\x34\
\x32\x43\x32\x35\x2e\x32\x34\x20\x33\x35\x2e\x34\x37\x34\x37\x20\
\x32\x35\x2e\x33\x35\x31\x37\x20\x33\x35\x2e\x34\x39\x35\x39\x20\
\x32\x35\x2e\x34\x34\x36\x37\x20\x33\x35\x2e\x35\x31\x38\x37\x43\
\x32\x35\x2e\x35\x32\x38\x37\x20\x33\x35\x2e\x35\x33\x38\x35\x20\
\x32\x35\x2e\x36\x32\x31\x35\x20\x33\x35\x2e\x35\x35\x30\x39\x20\
\x32\x35\x2e\x37\x32\x39\x32\x20\x33\x35\x2e\x35\x36\x34\x32\x43\
\x32\x35\x2e\x38\x33\x33\x34\x20\x33\x35\x2e\x35\x37\x37\x32\x20\
\x32\x35\x2e\x39\x35\x31\x33\x20\x33\x35\x2e\x35\x39\x31\x20\x32\
\x36\x2e\x30\x36\x37\x37\x20\x33\x35\x2e\x36\x31\x34\x33\x43\x32\
\x36\x2e\x33\x33\x39\x35\x20\x33\x35\x2e\x36\x36\x38\x36\x20\x32\
\x36\x2e\x36\x30\x37\x31\x20\x33\x35\x2e\x37\x30\x39\x39\x20\x32\
\x36\x2e\x38\x39\x30\x31\x20\x33\x35\x2e\x37\x35\x32\x38\x43\x32\
\x37\x2e\x30\x38\x39\x20\x33\x35\x2e\x37\x38\x33\x20\x32\x37\x2e\
\x32\x36\x31\x35\x20\x33\x35\x2e\x38\x31\x36\x20\x32\x37\x2e\x34\
\x32\x31\x36\x20\x33\x35\x2e\x38\x34\x37\x31\x43\x32\x37\x2e\x35\
\x38\x32\x37\x20\x33\x35\x2e\x38\x37\x38\x33\x20\x32\x37\x2e\x37\
\x32\x39\x33\x20\x33\x35\x2e\x39\x30\x37\x32\x20\x32\x37\x2e\x38\
\x38\x32\x36\x20\x33\x35\x2e\x39\x33\x31\x43\x32\x37\x2e\x39\x39\
\x37\x31\x20\x33\x35\x2e\x39\x34\x38\x38\x20\x32\x38\x2e\x31\x30\
\x30\x37\x20\x33\x35\x2e\x39\x35\x33\x20\x32\x38\x2e\x32\x39\x38\
\x38\x20\x33\x35\x2e\x39\x35\x34\x43\x32\x38\x2e\x34\x39\x36\x20\
\x33\x35\x2e\x39\x35\x35\x20\x32\x38\x2e\x37\x38\x31\x38\x20\x33\
\x35\x2e\x39\x35\x33\x31\x20\x32\x39\x2e\x32\x34\x37\x32\x20\x33\
\x35\x2e\x39\x36\x31\x32\x43\x33\x30\x2e\x31\x33\x34\x38\x20\x33\
\x35\x2e\x39\x37\x36\x37\x20\x33\x31\x2e\x38\x37\x36\x38\x20\x33\
\x35\x2e\x39\x36\x36\x36\x20\x33\x32\x2e\x38\x34\x37\x36\x20\x33\
\x35\x2e\x39\x35\x30\x36\x43\x33\x33\x2e\x34\x30\x33\x37\x20\x33\
\x35\x2e\x39\x34\x31\x34\x20\x33\x33\x2e\x37\x32\x39\x37\x20\x33\
\x35\x2e\x39\x31\x38\x38\x20\x33\x33\x2e\x39\x33\x31\x31\x20\x33\
\x35\x2e\x38\x39\x36\x34\x43\x33\x34\x2e\x31\x33\x37\x20\x33\x35\
\x2e\x38\x37\x33\x35\x20\x33\x34\x2e\x31\x39\x39\x33\x20\x33\x35\
\x2e\x38\x35\x33\x35\x20\x33\x34\x2e\x32\x38\x35\x37\x20\x33\x35\
\x2e\x38\x33\x39\x38\x43\x33\x34\x2e\x36\x31\x36\x39\x20\x33\x35\
\x2e\x37\x38\x37\x20\x33\x34\x2e\x38\x35\x38\x36\x20\x33\x35\x2e\
\x37\x34\x33\x35\x20\x33\x35\x2e\x31\x31\x31\x31\x20\x33\x35\x2e\
\x36\x38\x35\x38\x43\x33\x35\x2e\x33\x35\x36\x38\x20\x33\x35\x2e\
\x36\x32\x39\x37\x20\x33\x35\x2e\x34\x39\x38\x38\x20\x33\x35\x2e\
\x35\x37\x38\x33\x20\x33\x35\x2e\x36\x34\x34\x31\x20\x33\x35\x2e\
\x35\x32\x35\x31\x43\x33\x35\x2e\x37\x37\x34\x34\x20\x33\x35\x2e\
\x34\x37\x37\x34\x20\x33\x35\x2e\x39\x31\x34\x35\x20\x33\x35\x2e\
\x34\x30\x37\x32\x20\x33\x36\x2e\x30\x35\x33\x32\x20\x33\x35\x2e\
\x33\x31\x36\x43\x33\x36\x2e\x31\x31\x39\x32\x20\x33\x35\x2e\x32\
\x37\x32\x36\x20\x33\x36\x2e\x32\x31\x32\x32\x20\x33\x35\x2e\x31\
\x38\x34\x38\x20\x33\x36\x2e\x33\x32\x38\x35\x20\x33\x35\x2e\x30\
\x37\x34\x34\x43\x33\x36\x2e\x34\x33\x37\x38\x20\x33\x34\x2e\x39\
\x37\x30\x34\x20\x33\x36\x2e\x35\x36\x33\x37\x20\x33\x34\x2e\x38\
\x35\x30\x35\x20\x33\x36\x2e\x36\x38\x31\x38\x20\x33\x34\x2e\x37\
\x36\x34\x37\x43\x33\x36\x2e\x38\x37\x33\x36\x20\x33\x34\x2e\x36\
\x32\x35\x33\x20\x33\x37\x2e\x30\x38\x31\x35\x20\x33\x34\x2e\x35\
\x38\x36\x38\x20\x33\x37\x2e\x32\x35\x31\x33\x20\x33\x34\x2e\x35\
\x33\x31\x4c\x33\x37\x2e\x32\x36\x33\x34\x20\x33\x34\x2e\x35\x32\
\x37\x4c\x33\x37\x2e\x32\x37\x36\x34\x20\x33\x34\x2e\x35\x32\x34\
\x36\x4c\x33\x37\x2e\x33\x30\x38\x20\x33\x34\x2e\x35\x31\x39\x38\
\x43\x33\x37\x2e\x33\x33\x39\x34\x20\x33\x34\x2e\x35\x31\x35\x36\
\x20\x33\x37\x2e\x33\x37\x20\x33\x34\x2e\x35\x31\x33\x34\x20\x33\
\x37\x2e\x33\x39\x35\x37\x20\x33\x34\x2e\x35\x31\x31\x38\x43\x33\
\x37\x2e\x34\x33\x34\x36\x20\x33\x34\x2e\x35\x30\x39\x34\x20\x33\
\x37\x2e\x34\x35\x38\x38\x20\x33\x34\x2e\x35\x30\x38\x35\x20\x33\
\x37\x2e\x34\x38\x32\x36\x20\x33\x34\x2e\x35\x30\x36\x33\x43\x33\
\x37\x2e\x35\x31\x39\x38\x20\x33\x34\x2e\x35\x30\x32\x37\x20\x33\
\x37\x2e\x35\x34\x32\x33\x20\x33\x34\x2e\x34\x39\x36\x33\x20\x33\
\x37\x2e\x35\x37\x38\x32\x20\x33\x34\x2e\x34\x38\x35\x38\x43\x33\
\x37\x2e\x36\x36\x30\x33\x20\x33\x34\x2e\x34\x36\x31\x38\x20\x33\
\x37\x2e\x37\x35\x30\x36\x20\x33\x34\x2e\x34\x39\x37\x31\x20\x33\
\x37\x2e\x37\x37\x39\x39\x20\x33\x34\x2e\x35\x36\x34\x34\x43\x33\
\x37\x2e\x38\x30\x39\x31\x20\x33\x34\x2e\x36\x33\x31\x37\x20\x33\
\x37\x2e\x37\x36\x36\x33\x20\x33\x34\x2e\x37\x30\x35\x38\x20\x33\
\x37\x2e\x36\x38\x34\x31\x20\x33\x34\x2e\x37\x32\x39\x37\x43\x33\
\x37\x2e\x36\x34\x34\x36\x20\x33\x34\x2e\x37\x34\x31\x33\x20\x33\
\x37\x2e\x35\x39\x33\x39\x20\x33\x34\x2e\x37\x35\x36\x32\x20\x33\
\x37\x2e\x35\x31\x39\x31\x20\x33\x34\x2e\x37\x36\x33\x33\x43\x33\
\x37\x2e\x34\x38\x37\x20\x33\x34\x2e\x37\x36\x36\x34\x20\x33\x37\
\x2e\x34\x34\x36\x36\x20\x33\x34\x2e\x37\x36\x38\x32\x20\x33\x37\
\x2e\x34\x31\x39\x35\x20\x33\x34\x2e\x37\x36\x39\x39\x43\x33\x37\
\x2e\x33\x39\x32\x35\x20\x33\x34\x2e\x37\x37\x31\x36\x20\x33\x37\
\x2e\x33\x37\x30\x36\x20\x33\x34\x2e\x37\x37\x33\x37\x20\x33\x37\
\x2e\x33\x35\x32\x36\x20\x33\x34\x2e\x37\x37\x36\x34\x43\x33\x37\
\x2e\x31\x33\x38\x37\x20\x33\x34\x2e\x38\x34\x35\x35\x20\x33\x37\
\x2e\x30\x32\x35\x33\x20\x33\x34\x2e\x38\x36\x30\x39\x20\x33\x36\
\x2e\x38\x39\x31\x33\x20\x33\x34\x2e\x39\x35\x38\x34\x43\x33\x36\
\x2e\x37\x39\x32\x34\x20\x33\x35\x2e\x30\x33\x30\x33\x20\x33\x36\
\x2e\x36\x38\x31\x32\x20\x33\x35\x2e\x31\x33\x35\x34\x20\x33\x36\
\x2e\x35\x36\x37\x36\x20\x33\x35\x2e\x32\x34\x33\x33\x43\x33\x36\
\x2e\x34\x36\x31\x20\x33\x35\x2e\x33\x34\x34\x37\x20\x33\x36\x2e\
\x33\x34\x35\x32\x20\x33\x35\x2e\x34\x35\x35\x38\x20\x33\x36\x2e\
\x32\x35\x30\x39\x20\x33\x35\x2e\x35\x31\x37\x39\x43\x33\x36\x2e\
\x30\x39\x33\x35\x20\x33\x35\x2e\x36\x32\x31\x34\x20\x33\x35\x2e\
\x39\x33\x30\x36\x20\x33\x35\x2e\x37\x30\x33\x37\x20\x33\x35\x2e\
\x37\x37\x33\x20\x33\x35\x2e\x37\x36\x31\x34\x43\x33\x35\x2e\x36\
\x32\x32\x33\x20\x33\x35\x2e\x38\x31\x36\x36\x20\x33\x35\x2e\x34\
\x36\x33\x38\x20\x33\x35\x2e\x38\x37\x34\x20\x33\x35\x2e\x31\x39\
\x35\x39\x20\x33\x35\x2e\x39\x33\x35\x32\x43\x33\x34\x2e\x39\x33\
\x31\x38\x20\x33\x35\x2e\x39\x39\x35\x35\x20\x33\x34\x2e\x36\x38\
\x30\x37\x20\x33\x36\x2e\x30\x34\x30\x35\x20\x33\x34\x2e\x33\x34\
\x35\x39\x20\x33\x36\x2e\x30\x39\x33\x38\x43\x33\x34\x2e\x32\x39\
\x37\x32\x20\x33\x36\x2e\x31\x30\x31\x36\x20\x33\x34\x2e\x31\x38\
\x36\x36\x20\x33\x36\x2e\x31\x32\x39\x31\x20\x33\x33\x2e\x39\x37\
\x33\x37\x20\x33\x36\x2e\x31\x35\x32\x38\x43\x33\x33\x2e\x37\x35\
\x36\x32\x20\x33\x36\x2e\x31\x37\x37\x20\x33\x33\x2e\x34\x31\x37\
\x31\x20\x33\x36\x2e\x32\x30\x30\x31\x20\x33\x32\x2e\x38\x35\x34\
\x20\x33\x36\x2e\x32\x30\x39\x34\x43\x33\x31\x2e\x38\x38\x31\x33\
\x20\x33\x36\x2e\x32\x32\x35\x35\x20\x33\x30\x2e\x31\x33\x34\x33\
\x20\x33\x36\x2e\x32\x33\x35\x35\x20\x32\x39\x2e\x32\x34\x30\x34\
\x20\x33\x36\x2e\x32\x31\x39\x39\x43\x32\x38\x2e\x37\x37\x38\x32\
\x20\x33\x36\x2e\x32\x31\x31\x39\x20\x32\x38\x2e\x34\x39\x38\x32\
\x20\x33\x36\x2e\x32\x31\x33\x39\x20\x32\x38\x2e\x32\x39\x36\x38\
\x20\x33\x36\x2e\x32\x31\x32\x38\x43\x32\x38\x2e\x30\x39\x36\x33\
\x20\x33\x36\x2e\x32\x31\x31\x38\x20\x32\x37\x2e\x39\x36\x38\x34\
\x20\x33\x36\x2e\x32\x30\x37\x38\x20\x32\x37\x2e\x38\x32\x34\x20\
\x33\x36\x2e\x31\x38\x35\x34\x43\x32\x37\x2e\x36\x36\x32\x31\x20\
\x33\x36\x2e\x31\x36\x30\x33\x20\x32\x37\x2e\x35\x30\x37\x35\x20\
\x33\x36\x2e\x31\x32\x39\x38\x20\x32\x37\x2e\x33\x34\x38\x38\x20\
\x33\x36\x2e\x30\x39\x39\x43\x32\x37\x2e\x31\x38\x39\x33\x20\x33\
\x36\x2e\x30\x36\x38\x20\x32\x37\x2e\x30\x32\x33\x34\x20\x33\x36\
\x2e\x30\x33\x36\x33\x20\x32\x36\x2e\x38\x33\x32\x37\x20\x33\x36\
\x2e\x30\x30\x37\x33\x43\x32\x36\x2e\x35\x35\x30\x32\x20\x33\x35\
\x2e\x39\x36\x34\x35\x20\x32\x36\x2e\x32\x37\x34\x34\x20\x33\x35\
\x2e\x39\x32\x32\x31\x20\x32\x35\x2e\x39\x39\x32\x39\x20\x33\x35\
\x2e\x38\x36\x35\x38\x43\x32\x35\x2e\x38\x39\x33\x32\x20\x33\x35\
\x2e\x38\x34\x35\x39\x20\x32\x35\x2e\x37\x39\x30\x39\x20\x33\x35\
\x2e\x38\x33\x33\x37\x20\x32\x35\x2e\x36\x38\x32\x20\x33\x35\x2e\
\x38\x32\x30\x32\x43\x32\x35\x2e\x35\x37\x36\x35\x20\x33\x35\x2e\
\x38\x30\x37\x31\x20\x32\x35\x2e\x34\x36\x33\x32\x20\x33\x35\x2e\
\x37\x39\x32\x35\x20\x32\x35\x2e\x33\x35\x37\x35\x20\x33\x35\x2e\
\x37\x36\x37\x31\x43\x32\x35\x2e\x32\x37\x33\x32\x20\x33\x35\x2e\
\x37\x34\x36\x38\x20\x32\x35\x2e\x31\x37\x31\x35\x20\x33\x35\x2e\
\x37\x32\x37\x35\x20\x32\x35\x2e\x30\x36\x30\x35\x20\x33\x35\x2e\
\x37\x30\x36\x33\x43\x32\x34\x2e\x39\x35\x31\x38\x20\x33\x35\x2e\
\x36\x38\x35\x36\x20\x32\x34\x2e\x38\x33\x35\x31\x20\x33\x35\x2e\
\x36\x36\x33\x32\x20\x32\x34\x2e\x37\x32\x39\x31\x20\x33\x35\x2e\
\x36\x33\x37\x37\x43\x32\x34\x2e\x36\x34\x38\x32\x20\x33\x35\x2e\
\x36\x31\x38\x32\x20\x32\x34\x2e\x35\x36\x31\x39\x20\x33\x35\x2e\
\x36\x30\x35\x37\x20\x32\x34\x2e\x34\x36\x34\x38\x20\x33\x35\x2e\
\x35\x38\x39\x38\x43\x32\x34\x2e\x33\x37\x33\x37\x20\x33\x35\x2e\
\x35\x37\x34\x38\x20\x32\x34\x2e\x32\x37\x30\x33\x20\x33\x35\x2e\
\x35\x35\x36\x34\x20\x32\x34\x2e\x31\x38\x30\x35\x20\x33\x35\x2e\
\x35\x32\x34\x32\x43\x32\x34\x2e\x30\x36\x34\x33\x20\x33\x35\x2e\
\x34\x38\x32\x35\x20\x32\x33\x2e\x39\x34\x30\x31\x20\x33\x35\x2e\
\x34\x34\x35\x33\x20\x32\x33\x2e\x37\x39\x37\x32\x20\x33\x35\x2e\
\x34\x30\x30\x36\x43\x32\x33\x2e\x36\x35\x36\x34\x20\x33\x35\x2e\
\x33\x35\x36\x35\x20\x32\x33\x2e\x35\x30\x32\x31\x20\x33\x35\x2e\
\x33\x30\x36\x34\x20\x32\x33\x2e\x33\x33\x36\x20\x33\x35\x2e\x32\
\x34\x31\x32\x43\x32\x33\x2e\x30\x30\x38\x33\x20\x33\x35\x2e\x31\
\x31\x32\x36\x20\x32\x32\x2e\x37\x36\x37\x37\x20\x33\x35\x2e\x30\
\x31\x38\x31\x20\x32\x32\x2e\x35\x39\x32\x33\x20\x33\x34\x2e\x39\
\x34\x30\x32\x43\x32\x32\x2e\x34\x31\x38\x36\x20\x33\x34\x2e\x38\
\x36\x33\x20\x32\x32\x2e\x32\x39\x32\x32\x20\x33\x34\x2e\x37\x39\
\x35\x31\x20\x32\x32\x2e\x32\x30\x34\x36\x20\x33\x34\x2e\x37\x31\
\x35\x36\x43\x32\x32\x2e\x30\x34\x34\x38\x20\x33\x34\x2e\x35\x37\
\x30\x37\x20\x32\x31\x2e\x37\x32\x31\x20\x33\x34\x2e\x33\x32\x38\
\x36\x20\x32\x31\x2e\x38\x35\x30\x32\x20\x33\x33\x2e\x39\x35\x31\
\x37\x43\x32\x31\x2e\x38\x38\x34\x38\x20\x33\x33\x2e\x38\x35\x30\
\x36\x20\x32\x31\x2e\x39\x32\x35\x35\x20\x33\x33\x2e\x37\x34\x33\
\x20\x32\x31\x2e\x39\x37\x37\x36\x20\x33\x33\x2e\x36\x34\x35\x37\
\x43\x32\x32\x2e\x30\x32\x39\x20\x33\x33\x2e\x35\x34\x39\x38\x20\
\x32\x32\x2e\x30\x39\x37\x31\x20\x33\x33\x2e\x34\x35\x33\x33\x20\
\x32\x32\x2e\x31\x39\x33\x38\x20\x33\x33\x2e\x33\x38\x33\x33\x43\
\x32\x32\x2e\x33\x34\x31\x39\x20\x33\x33\x2e\x32\x37\x36\x31\x20\
\x32\x32\x2e\x35\x37\x38\x31\x20\x33\x33\x2e\x31\x33\x34\x37\x20\
\x32\x32\x2e\x37\x38\x36\x36\x20\x33\x33\x2e\x30\x36\x34\x34\x43\
\x32\x32\x2e\x38\x36\x32\x35\x20\x33\x33\x2e\x30\x33\x38\x37\x20\
\x32\x32\x2e\x39\x35\x31\x34\x20\x33\x33\x2e\x30\x30\x37\x31\x20\
\x32\x33\x2e\x30\x33\x30\x34\x20\x33\x32\x2e\x39\x38\x32\x32\x43\
\x32\x33\x2e\x31\x30\x37\x39\x20\x33\x32\x2e\x39\x35\x37\x38\x20\
\x32\x33\x2e\x31\x39\x34\x37\x20\x33\x32\x2e\x39\x33\x33\x36\x20\
\x32\x33\x2e\x32\x37\x31\x32\x20\x33\x32\x2e\x39\x32\x36\x32\x5a\
\x4d\x32\x33\x2e\x37\x36\x33\x20\x33\x34\x2e\x32\x36\x33\x43\x32\
\x33\x2e\x38\x32\x30\x39\x20\x33\x34\x2e\x32\x30\x39\x36\x20\x32\
\x33\x2e\x39\x32\x30\x38\x20\x33\x34\x2e\x32\x30\x34\x37\x20\x32\
\x33\x2e\x39\x38\x36\x20\x33\x34\x2e\x32\x35\x32\x31\x43\x32\x34\
\x2e\x30\x35\x35\x37\x20\x33\x34\x2e\x33\x30\x32\x38\x20\x32\x34\
\x2e\x30\x38\x31\x37\x20\x33\x34\x2e\x33\x31\x37\x31\x20\x32\x34\
\x2e\x31\x31\x36\x32\x20\x33\x34\x2e\x33\x33\x32\x31\x43\x32\x34\
\x2e\x31\x35\x38\x32\x20\x33\x34\x2e\x33\x35\x30\x35\x20\x32\x34\
\x2e\x32\x31\x33\x31\x20\x33\x34\x2e\x33\x36\x39\x37\x20\x32\x34\
\x2e\x32\x36\x30\x38\x20\x33\x34\x2e\x33\x38\x35\x33\x4c\x32\x34\
\x2e\x32\x36\x31\x39\x20\x33\x34\x2e\x33\x38\x35\x37\x43\x32\x34\
\x2e\x33\x35\x37\x38\x20\x33\x34\x2e\x34\x31\x37\x38\x20\x32\x34\
\x2e\x34\x37\x37\x39\x20\x33\x34\x2e\x34\x34\x36\x36\x20\x32\x34\
\x2e\x36\x31\x35\x35\x20\x33\x34\x2e\x34\x37\x39\x34\x43\x32\x34\
\x2e\x37\x34\x39\x34\x20\x33\x34\x2e\x35\x31\x31\x32\x20\x32\x34\
\x2e\x38\x39\x37\x36\x20\x33\x34\x2e\x35\x34\x36\x33\x20\x32\x35\
\x2e\x30\x33\x35\x32\x20\x33\x34\x2e\x35\x38\x39\x37\x43\x32\x35\
\x2e\x32\x35\x35\x34\x20\x33\x34\x2e\x36\x35\x39\x31\x20\x32\x35\
\x2e\x34\x38\x32\x34\x20\x33\x34\x2e\x37\x32\x36\x34\x20\x32\x35\
\x2e\x37\x35\x37\x39\x20\x33\x34\x2e\x37\x36\x36\x34\x43\x32\x36\
\x2e\x30\x30\x37\x37\x20\x33\x34\x2e\x38\x30\x32\x37\x20\x32\x36\
\x2e\x34\x31\x38\x37\x20\x33\x34\x2e\x38\x35\x32\x36\x20\x32\x36\
\x2e\x36\x39\x31\x39\x20\x33\x34\x2e\x39\x30\x38\x33\x43\x32\x36\
\x2e\x38\x37\x34\x32\x20\x33\x34\x2e\x39\x34\x35\x34\x20\x32\x37\
\x2e\x31\x30\x33\x34\x20\x33\x35\x2e\x30\x30\x36\x31\x20\x32\x37\
\x2e\x36\x39\x36\x20\x33\x35\x2e\x30\x31\x37\x38\x43\x32\x37\x2e\
\x39\x37\x33\x20\x33\x35\x2e\x30\x32\x33\x32\x20\x32\x38\x2e\x32\
\x33\x35\x39\x20\x33\x35\x2e\x30\x34\x33\x31\x20\x32\x38\x2e\x34\
\x37\x37\x20\x33\x35\x2e\x30\x36\x33\x43\x32\x38\x2e\x37\x32\x30\
\x35\x20\x33\x35\x2e\x30\x38\x33\x31\x20\x32\x38\x2e\x39\x33\x37\
\x38\x20\x33\x35\x2e\x31\x30\x32\x37\x20\x32\x39\x2e\x31\x33\x33\
\x37\x20\x33\x35\x2e\x31\x30\x39\x35\x43\x32\x39\x2e\x33\x37\x30\
\x35\x20\x33\x35\x2e\x31\x31\x37\x37\x20\x32\x39\x2e\x36\x30\x33\
\x20\x33\x35\x2e\x31\x34\x30\x33\x20\x32\x39\x2e\x38\x34\x36\x20\
\x33\x35\x2e\x31\x36\x31\x31\x43\x33\x30\x2e\x30\x39\x30\x36\x20\
\x33\x35\x2e\x31\x38\x32\x20\x33\x30\x2e\x33\x35\x31\x35\x20\x33\
\x35\x2e\x32\x30\x31\x38\x20\x33\x30\x2e\x36\x35\x35\x36\x20\x33\
\x35\x2e\x32\x30\x36\x34\x43\x33\x31\x2e\x37\x31\x32\x35\x20\x33\
\x35\x2e\x32\x32\x32\x34\x20\x33\x32\x2e\x33\x37\x30\x39\x20\x33\
\x35\x2e\x32\x32\x32\x35\x20\x33\x32\x2e\x34\x31\x39\x34\x20\x33\
\x35\x2e\x32\x32\x32\x35\x43\x33\x32\x2e\x35\x30\x36\x36\x20\x33\
\x35\x2e\x32\x32\x32\x35\x20\x33\x32\x2e\x35\x37\x37\x33\x20\x33\
\x35\x2e\x32\x38\x30\x34\x20\x33\x32\x2e\x35\x37\x37\x33\x20\x33\
\x35\x2e\x33\x35\x31\x39\x43\x33\x32\x2e\x35\x37\x37\x33\x20\x33\
\x35\x2e\x34\x32\x33\x34\x20\x33\x32\x2e\x35\x30\x36\x36\x20\x33\
\x35\x2e\x34\x38\x31\x33\x20\x33\x32\x2e\x34\x31\x39\x34\x20\x33\
\x35\x2e\x34\x38\x31\x33\x43\x33\x32\x2e\x33\x36\x39\x35\x20\x33\
\x35\x2e\x34\x38\x31\x33\x20\x33\x31\x2e\x37\x30\x39\x31\x20\x33\
\x35\x2e\x34\x38\x31\x33\x20\x33\x30\x2e\x36\x34\x39\x37\x20\x33\
\x35\x2e\x34\x36\x35\x33\x43\x33\x30\x2e\x33\x33\x32\x20\x33\x35\
\x2e\x34\x36\x30\x35\x20\x33\x30\x2e\x30\x36\x30\x35\x20\x33\x35\
\x2e\x34\x33\x39\x37\x20\x32\x39\x2e\x38\x31\x33\x31\x20\x33\x35\
\x2e\x34\x31\x38\x35\x43\x32\x39\x2e\x35\x36\x34\x20\x33\x35\x2e\
\x33\x39\x37\x32\x20\x32\x39\x2e\x33\x34\x34\x35\x20\x33\x35\x2e\
\x33\x37\x35\x39\x20\x32\x39\x2e\x31\x32\x30\x32\x20\x33\x35\x2e\
\x33\x36\x38\x31\x43\x32\x38\x2e\x39\x31\x32\x36\x20\x33\x35\x2e\
\x33\x36\x30\x39\x20\x32\x38\x2e\x36\x38\x33\x31\x20\x33\x35\x2e\
\x33\x34\x20\x32\x38\x2e\x34\x34\x35\x34\x20\x33\x35\x2e\x33\x32\
\x30\x34\x43\x32\x38\x2e\x32\x30\x35\x34\x20\x33\x35\x2e\x33\x30\
\x30\x36\x20\x32\x37\x2e\x39\x35\x32\x35\x20\x33\x35\x2e\x32\x38\
\x31\x37\x20\x32\x37\x2e\x36\x38\x38\x33\x20\x33\x35\x2e\x32\x37\
\x36\x35\x43\x32\x37\x2e\x30\x36\x30\x38\x20\x33\x35\x2e\x32\x36\
\x34\x31\x20\x32\x36\x2e\x38\x30\x35\x20\x33\x35\x2e\x31\x39\x38\
\x20\x32\x36\x2e\x36\x31\x35\x37\x20\x33\x35\x2e\x31\x35\x39\x34\
\x43\x32\x36\x2e\x33\x35\x36\x34\x20\x33\x35\x2e\x31\x30\x36\x36\
\x20\x32\x35\x2e\x39\x36\x39\x37\x20\x33\x35\x2e\x30\x35\x39\x39\
\x20\x32\x35\x2e\x37\x30\x32\x38\x20\x33\x35\x2e\x30\x32\x31\x32\
\x43\x32\x35\x2e\x33\x39\x36\x33\x20\x33\x34\x2e\x39\x37\x36\x36\
\x20\x32\x35\x2e\x31\x34\x35\x39\x20\x33\x34\x2e\x39\x30\x32\x20\
\x32\x34\x2e\x39\x32\x31\x37\x20\x33\x34\x2e\x38\x33\x31\x33\x43\
\x32\x34\x2e\x37\x39\x38\x39\x20\x33\x34\x2e\x37\x39\x32\x36\x20\
\x32\x34\x2e\x36\x36\x34\x31\x20\x33\x34\x2e\x37\x36\x30\x34\x20\
\x32\x34\x2e\x35\x32\x37\x36\x20\x33\x34\x2e\x37\x32\x38\x43\x32\
\x34\x2e\x33\x39\x35\x32\x20\x33\x34\x2e\x36\x39\x36\x35\x20\x32\
\x34\x2e\x32\x35\x37\x39\x20\x33\x34\x2e\x36\x36\x33\x38\x20\x32\
\x34\x2e\x31\x34\x33\x36\x20\x33\x34\x2e\x36\x32\x35\x36\x4c\x32\
\x34\x2e\x31\x34\x33\x34\x20\x33\x34\x2e\x36\x32\x35\x37\x43\x32\
\x34\x2e\x30\x39\x32\x35\x20\x33\x34\x2e\x36\x30\x39\x20\x32\x34\
\x2e\x30\x32\x35\x31\x20\x33\x34\x2e\x35\x38\x35\x36\x20\x32\x33\
\x2e\x39\x36\x37\x38\x20\x33\x34\x2e\x35\x36\x30\x36\x43\x32\x33\
\x2e\x39\x30\x32\x39\x20\x33\x34\x2e\x35\x33\x32\x33\x20\x32\x33\
\x2e\x38\x35\x35\x38\x20\x33\x34\x2e\x35\x30\x33\x36\x20\x32\x33\
\x2e\x37\x37\x36\x33\x20\x33\x34\x2e\x34\x34\x35\x37\x43\x32\x33\
\x2e\x37\x31\x31\x31\x20\x33\x34\x2e\x33\x39\x38\x33\x20\x32\x33\
\x2e\x37\x30\x35\x31\x20\x33\x34\x2e\x33\x31\x36\x34\x20\x32\x33\
\x2e\x37\x36\x33\x20\x33\x34\x2e\x32\x36\x33\x5a\x4d\x32\x33\x2e\
\x37\x33\x36\x32\x20\x33\x33\x2e\x31\x38\x36\x38\x43\x32\x33\x2e\
\x37\x39\x39\x38\x20\x33\x33\x2e\x31\x33\x38\x20\x32\x33\x2e\x38\
\x39\x39\x37\x20\x33\x33\x2e\x31\x34\x30\x36\x20\x32\x33\x2e\x39\
\x35\x39\x33\x20\x33\x33\x2e\x31\x39\x32\x38\x43\x32\x34\x2e\x30\
\x32\x30\x37\x20\x33\x33\x2e\x32\x34\x36\x35\x20\x32\x34\x2e\x30\
\x37\x35\x36\x20\x33\x33\x2e\x32\x39\x34\x32\x20\x32\x34\x2e\x31\
\x31\x39\x32\x20\x33\x33\x2e\x33\x32\x38\x43\x32\x34\x2e\x32\x37\
\x31\x35\x20\x33\x33\x2e\x34\x32\x34\x35\x20\x32\x34\x2e\x35\x32\
\x35\x32\x20\x33\x33\x2e\x35\x34\x35\x37\x20\x32\x34\x2e\x37\x34\
\x31\x32\x20\x33\x33\x2e\x36\x35\x37\x43\x32\x34\x2e\x38\x38\x30\
\x35\x20\x33\x33\x2e\x37\x32\x37\x39\x20\x32\x35\x2e\x33\x34\x38\
\x32\x20\x33\x33\x2e\x39\x32\x39\x38\x20\x32\x35\x2e\x37\x38\x32\
\x38\x20\x33\x34\x2e\x30\x32\x34\x35\x43\x32\x36\x2e\x30\x32\x34\
\x31\x20\x33\x34\x2e\x30\x37\x37\x31\x20\x32\x36\x2e\x34\x30\x31\
\x37\x20\x33\x34\x2e\x32\x32\x36\x39\x20\x32\x37\x2e\x32\x32\x35\
\x39\x20\x33\x34\x2e\x32\x36\x33\x31\x43\x32\x37\x2e\x37\x30\x37\
\x34\x20\x33\x34\x2e\x32\x38\x34\x33\x20\x32\x38\x2e\x30\x32\x33\
\x37\x20\x33\x34\x2e\x32\x38\x34\x32\x20\x32\x38\x2e\x31\x36\x38\
\x38\x20\x33\x34\x2e\x32\x38\x34\x32\x43\x32\x38\x2e\x32\x35\x36\
\x20\x33\x34\x2e\x32\x38\x34\x32\x20\x32\x38\x2e\x33\x32\x36\x37\
\x20\x33\x34\x2e\x33\x34\x32\x32\x20\x32\x38\x2e\x33\x32\x36\x37\
\x20\x33\x34\x2e\x34\x31\x33\x36\x43\x32\x38\x2e\x33\x32\x36\x37\
\x20\x33\x34\x2e\x34\x38\x35\x31\x20\x32\x38\x2e\x32\x35\x36\x20\
\x33\x34\x2e\x35\x34\x33\x20\x32\x38\x2e\x31\x36\x38\x38\x20\x33\
\x34\x2e\x35\x34\x33\x31\x43\x32\x38\x2e\x30\x32\x31\x31\x20\x33\
\x34\x2e\x35\x34\x33\x31\x20\x32\x37\x2e\x36\x39\x38\x34\x20\x33\
\x34\x2e\x35\x34\x33\x31\x20\x32\x37\x2e\x32\x30\x39\x20\x33\x34\
\x2e\x35\x32\x31\x36\x43\x32\x36\x2e\x33\x34\x31\x33\x20\x33\x34\
\x2e\x34\x38\x33\x34\x20\x32\x35\x2e\x39\x30\x35\x39\x20\x33\x34\
\x2e\x33\x31\x39\x32\x20\x32\x35\x2e\x37\x30\x31\x37\x20\x33\x34\
\x2e\x32\x37\x34\x37\x43\x32\x35\x2e\x32\x32\x38\x20\x33\x34\x2e\
\x31\x37\x31\x35\x20\x32\x34\x2e\x37\x33\x31\x32\x20\x33\x33\x2e\
\x39\x35\x36\x36\x20\x32\x34\x2e\x35\x37\x34\x35\x20\x33\x33\x2e\
\x38\x37\x36\x38\x4c\x32\x34\x2e\x35\x37\x33\x38\x20\x33\x33\x2e\
\x38\x37\x36\x34\x43\x32\x34\x2e\x33\x37\x34\x32\x20\x33\x33\x2e\
\x37\x37\x33\x35\x20\x32\x34\x2e\x30\x38\x38\x38\x20\x33\x33\x2e\
\x36\x33\x37\x31\x20\x32\x33\x2e\x39\x32\x30\x32\x20\x33\x33\x2e\
\x35\x32\x39\x33\x4c\x32\x33\x2e\x39\x31\x34\x38\x20\x33\x33\x2e\
\x35\x32\x35\x39\x4c\x32\x33\x2e\x39\x30\x39\x37\x20\x33\x33\x2e\
\x35\x32\x32\x43\x32\x33\x2e\x38\x35\x35\x35\x20\x33\x33\x2e\x34\
\x38\x30\x36\x20\x32\x33\x2e\x37\x39\x30\x32\x20\x33\x33\x2e\x34\
\x32\x33\x35\x20\x32\x33\x2e\x37\x32\x38\x38\x20\x33\x33\x2e\x33\
\x36\x39\x37\x43\x32\x33\x2e\x36\x36\x39\x32\x20\x33\x33\x2e\x33\
\x31\x37\x35\x20\x32\x33\x2e\x36\x37\x32\x36\x20\x33\x33\x2e\x32\
\x33\x35\x37\x20\x32\x33\x2e\x37\x33\x36\x32\x20\x33\x33\x2e\x31\
\x38\x36\x38\x5a\x4d\x32\x35\x2e\x31\x30\x30\x38\x20\x33\x32\x2e\
\x35\x36\x39\x34\x43\x32\x35\x2e\x38\x32\x37\x36\x20\x33\x32\x2e\
\x35\x36\x39\x34\x20\x32\x36\x2e\x35\x34\x30\x36\x20\x33\x32\x2e\
\x35\x36\x39\x34\x20\x32\x37\x2e\x30\x31\x33\x31\x20\x33\x32\x2e\
\x35\x39\x31\x37\x43\x32\x37\x2e\x34\x39\x31\x33\x20\x33\x32\x2e\
\x36\x31\x34\x32\x20\x32\x37\x2e\x37\x31\x39\x38\x20\x33\x32\x2e\
\x36\x35\x38\x35\x20\x32\x37\x2e\x38\x35\x35\x33\x20\x33\x32\x2e\
\x36\x37\x39\x39\x43\x32\x37\x2e\x39\x38\x37\x39\x20\x33\x32\x2e\
\x37\x30\x30\x39\x20\x32\x38\x2e\x30\x33\x39\x39\x20\x33\x32\x2e\
\x37\x30\x31\x33\x20\x32\x39\x2e\x30\x36\x35\x20\x33\x32\x2e\x38\
\x37\x37\x36\x43\x33\x30\x2e\x30\x38\x39\x31\x20\x33\x33\x2e\x30\
\x35\x33\x37\x20\x33\x32\x2e\x30\x32\x38\x39\x20\x33\x33\x2e\x33\
\x39\x35\x35\x20\x33\x33\x2e\x30\x32\x33\x38\x20\x33\x33\x2e\x35\
\x37\x31\x38\x43\x33\x34\x2e\x30\x31\x35\x35\x20\x33\x33\x2e\x37\
\x34\x37\x36\x20\x33\x34\x2e\x30\x36\x39\x39\x20\x33\x33\x2e\x37\
\x35\x39\x33\x20\x33\x34\x2e\x31\x32\x33\x34\x20\x33\x33\x2e\x37\
\x37\x31\x43\x33\x34\x2e\x32\x30\x37\x37\x20\x33\x33\x2e\x37\x38\
\x39\x34\x20\x33\x34\x2e\x32\x35\x37\x39\x20\x33\x33\x2e\x38\x36\
\x30\x33\x20\x33\x34\x2e\x32\x33\x35\x34\x20\x33\x33\x2e\x39\x32\
\x39\x33\x43\x33\x34\x2e\x32\x31\x32\x39\x20\x33\x33\x2e\x39\x39\
\x38\x34\x20\x33\x34\x2e\x31\x32\x36\x33\x20\x33\x34\x2e\x30\x33\
\x39\x34\x20\x33\x34\x2e\x30\x34\x32\x20\x33\x34\x2e\x30\x32\x31\
\x43\x33\x33\x2e\x39\x39\x37\x39\x20\x33\x34\x2e\x30\x31\x31\x33\
\x20\x33\x33\x2e\x39\x35\x33\x39\x20\x33\x34\x2e\x30\x30\x31\x35\
\x20\x33\x32\x2e\x39\x35\x37\x20\x33\x33\x2e\x38\x32\x34\x38\x43\
\x33\x31\x2e\x39\x36\x32\x32\x20\x33\x33\x2e\x36\x34\x38\x35\x20\
\x33\x30\x2e\x30\x32\x33\x31\x20\x33\x33\x2e\x33\x30\x36\x39\x20\
\x32\x39\x2e\x30\x30\x30\x31\x20\x33\x33\x2e\x31\x33\x31\x43\x32\
\x37\x2e\x39\x37\x38\x33\x20\x33\x32\x2e\x39\x35\x35\x32\x20\x32\
\x37\x2e\x39\x33\x32\x36\x20\x33\x32\x2e\x39\x35\x35\x36\x20\x32\
\x37\x2e\x37\x39\x35\x34\x20\x33\x32\x2e\x39\x33\x33\x39\x43\x32\
\x37\x2e\x36\x36\x31\x31\x20\x33\x32\x2e\x39\x31\x32\x37\x20\x32\
\x37\x2e\x34\x35\x30\x34\x20\x33\x32\x2e\x38\x37\x31\x35\x20\x32\
\x36\x2e\x39\x39\x34\x39\x20\x33\x32\x2e\x38\x35\x43\x32\x36\x2e\
\x35\x33\x33\x37\x20\x33\x32\x2e\x38\x32\x38\x33\x20\x32\x35\x2e\
\x38\x33\x31\x37\x20\x33\x32\x2e\x38\x32\x38\x33\x20\x32\x35\x2e\
\x31\x30\x30\x38\x20\x33\x32\x2e\x38\x32\x38\x33\x43\x32\x35\x2e\
\x30\x31\x33\x36\x20\x33\x32\x2e\x38\x32\x38\x32\x20\x32\x34\x2e\
\x39\x34\x32\x39\x20\x33\x32\x2e\x37\x37\x30\x33\x20\x32\x34\x2e\
\x39\x34\x32\x39\x20\x33\x32\x2e\x36\x39\x38\x39\x43\x32\x34\x2e\
\x39\x34\x32\x39\x20\x33\x32\x2e\x36\x32\x37\x34\x20\x32\x35\x2e\
\x30\x31\x33\x36\x20\x33\x32\x2e\x35\x36\x39\x35\x20\x32\x35\x2e\
\x31\x30\x30\x38\x20\x33\x32\x2e\x35\x36\x39\x34\x5a\x22\x20\x73\
\x74\x72\x6f\x6b\x65\x3d\x22\x23\x31\x30\x32\x38\x33\x34\x22\x20\
\x73\x74\x72\x6f\x6b\x65\x2d\x77\x69\x64\x74\x68\x3d\x22\x30\x2e\
\x38\x33\x30\x30\x37\x38\x22\x2f\x3e\x0a\x3c\x70\x61\x74\x68\x20\
\x64\x3d\x22\x4d\x34\x30\x2e\x35\x33\x38\x38\x20\x32\x39\x2e\x30\
\x34\x31\x37\x43\x34\x30\x2e\x35\x33\x38\x32\x20\x32\x39\x2e\x30\
\x34\x31\x38\x20\x34\x30\x2e\x35\x33\x37\x36\x20\x32\x39\x2e\x30\
\x34\x32\x20\x34\x30\x2e\x35\x33\x37\x20\x32\x39\x2e\x30\x34\x32\
\x32\x43\x34\x30\x2e\x35\x33\x37\x34\x20\x32\x39\x2e\x30\x34\x33\
\x31\x20\x34\x30\x2e\x35\x33\x37\x37\x20\x32\x39\x2e\x30\x34\x34\
\x20\x34\x30\x2e\x35\x33\x38\x31\x20\x32\x39\x2e\x30\x34\x35\x43\
\x34\x30\x2e\x35\x33\x39\x33\x20\x32\x39\x2e\x30\x34\x33\x38\x20\
\x34\x30\x2e\x35\x34\x30\x37\x20\x32\x39\x2e\x30\x34\x32\x38\x20\
\x34\x30\x2e\x35\x34\x31\x39\x20\x32\x39\x2e\x30\x34\x31\x37\x48\
\x34\x30\x2e\x35\x33\x38\x38\x5a\x22\x20\x73\x74\x72\x6f\x6b\x65\
\x3d\x22\x23\x31\x30\x32\x38\x33\x34\x22\x20\x73\x74\x72\x6f\x6b\
\x65\x2d\x77\x69\x64\x74\x68\x3d\x22\x30\x2e\x38\x33\x30\x30\x37\
\x38\x22\x2f\x3e\x0a\x3c\x70\x61\x74\x68\x20\x66\x69\x6c\x6c\x2d\
\x72\x75\x6c\x65\x3d\x22\x65\x76\x65\x6e\x6f\x64\x64\x22\x20\x63\
\x6c\x69\x70\x2d\x72\x75\x6c\x65\x3d\x22\x65\x76\x65\x6e\x6f\x64\
\x64\x22\x20\x64\x3d\x22\x4d\x34\x30\x2e\x39\x35\x35\x31\x20\x31\
\x39\x2e\x36\x34\x32\x38\x43\x34\x31\x2e\x31\x38\x39\x31\x20\x32\
\x30\x2e\x34\x33\x36\x37\x20\x34\x31\x2e\x32\x37\x35\x35\x20\x32\
\x31\x2e\x39\x35\x35\x32\x20\x34\x31\x2e\x32\x38\x37\x32\x20\x32\
\x33\x2e\x35\x33\x38\x31\x43\x34\x31\x2e\x32\x39\x38\x39\x20\x32\
\x35\x2e\x31\x31\x35\x36\x20\x34\x31\x2e\x32\x33\x36\x34\x20\x32\
\x36\x2e\x37\x34\x38\x37\x20\x34\x31\x2e\x31\x37\x35\x20\x32\x37\
\x2e\x37\x37\x32\x36\x4c\x34\x31\x2e\x30\x39\x34\x20\x32\x38\x2e\
\x30\x38\x30\x31\x43\x34\x30\x2e\x38\x38\x36\x34\x20\x32\x37\x2e\
\x36\x30\x34\x39\x20\x34\x30\x2e\x35\x38\x38\x35\x20\x32\x37\x2e\
\x31\x36\x35\x33\x20\x34\x30\x2e\x32\x32\x36\x39\x20\x32\x36\x2e\
\x37\x36\x30\x37\x43\x34\x30\x2e\x31\x34\x35\x31\x20\x32\x36\x2e\
\x37\x37\x30\x32\x20\x34\x30\x2e\x30\x36\x32\x36\x20\x32\x36\x2e\
\x37\x38\x34\x31\x20\x33\x39\x2e\x39\x38\x34\x32\x20\x32\x36\x2e\
\x38\x30\x32\x36\x43\x33\x39\x2e\x38\x35\x32\x32\x20\x32\x36\x2e\
\x38\x35\x30\x36\x20\x33\x39\x2e\x36\x38\x32\x35\x20\x32\x36\x2e\
\x39\x32\x36\x20\x33\x39\x2e\x35\x32\x38\x20\x32\x37\x2e\x30\x30\
\x31\x36\x43\x33\x39\x2e\x39\x39\x31\x35\x20\x32\x37\x2e\x34\x34\
\x36\x20\x34\x30\x2e\x32\x39\x33\x39\x20\x32\x37\x2e\x38\x32\x38\
\x20\x34\x30\x2e\x35\x33\x33\x20\x32\x38\x2e\x31\x33\x37\x31\x43\
\x34\x30\x2e\x36\x36\x30\x36\x20\x32\x38\x2e\x33\x30\x32\x31\x20\
\x34\x30\x2e\x37\x37\x32\x36\x20\x32\x38\x2e\x34\x34\x39\x36\x20\
\x34\x30\x2e\x38\x38\x33\x20\x32\x38\x2e\x35\x37\x34\x39\x43\x34\
\x30\x2e\x35\x39\x31\x36\x20\x32\x38\x2e\x36\x31\x33\x35\x20\x34\
\x30\x2e\x32\x30\x37\x35\x20\x32\x38\x2e\x36\x38\x33\x35\x20\x33\
\x39\x2e\x38\x36\x36\x20\x32\x38\x2e\x37\x38\x36\x34\x43\x33\x39\
\x2e\x36\x36\x36\x38\x20\x32\x38\x2e\x38\x34\x36\x34\x20\x33\x39\
\x2e\x34\x37\x38\x35\x20\x32\x38\x2e\x39\x31\x38\x37\x20\x33\x39\
\x2e\x33\x33\x31\x31\x20\x32\x39\x2e\x30\x30\x34\x34\x43\x33\x39\
\x2e\x31\x38\x35\x20\x32\x39\x2e\x30\x38\x39\x33\x20\x33\x39\x2e\
\x30\x36\x38\x38\x20\x32\x39\x2e\x31\x39\x33\x33\x20\x33\x39\x2e\
\x30\x33\x32\x38\x20\x32\x39\x2e\x33\x31\x39\x32\x4c\x33\x39\x2e\
\x30\x33\x30\x37\x20\x32\x39\x2e\x33\x32\x36\x35\x56\x32\x39\x2e\
\x33\x33\x34\x43\x33\x39\x2e\x30\x33\x30\x37\x20\x32\x39\x2e\x34\
\x30\x36\x38\x20\x33\x39\x2e\x30\x35\x31\x31\x20\x32\x39\x2e\x35\
\x31\x39\x36\x20\x33\x39\x2e\x31\x31\x31\x36\x20\x32\x39\x2e\x36\
\x32\x39\x32\x43\x33\x39\x2e\x31\x36\x34\x35\x20\x32\x39\x2e\x37\
\x32\x34\x38\x20\x33\x39\x2e\x32\x35\x30\x32\x20\x32\x39\x2e\x38\
\x32\x31\x33\x20\x33\x39\x2e\x33\x38\x33\x35\x20\x32\x39\x2e\x38\
\x38\x34\x34\x43\x33\x39\x2e\x33\x35\x35\x33\x20\x32\x39\x2e\x39\
\x37\x34\x33\x20\x33\x39\x2e\x33\x34\x35\x39\x20\x33\x30\x2e\x31\
\x30\x37\x34\x20\x33\x39\x2e\x33\x38\x31\x32\x20\x33\x30\x2e\x32\
\x37\x34\x34\x43\x33\x39\x2e\x34\x31\x20\x33\x30\x2e\x34\x31\x30\
\x37\x20\x33\x39\x2e\x34\x36\x38\x38\x20\x33\x30\x2e\x35\x37\x31\
\x32\x20\x33\x39\x2e\x35\x37\x32\x33\x20\x33\x30\x2e\x37\x35\x32\
\x32\x43\x33\x39\x2e\x36\x39\x34\x36\x20\x33\x30\x2e\x37\x30\x39\
\x20\x33\x39\x2e\x38\x31\x36\x36\x20\x33\x30\x2e\x36\x36\x36\x39\
\x20\x33\x39\x2e\x39\x34\x33\x36\x20\x33\x30\x2e\x36\x33\x34\x43\
\x34\x30\x2e\x30\x30\x33\x36\x20\x33\x30\x2e\x36\x31\x38\x34\x20\
\x34\x30\x2e\x30\x39\x35\x33\x20\x33\x30\x2e\x36\x30\x38\x32\x20\
\x34\x30\x2e\x31\x39\x36\x37\x20\x33\x30\x2e\x36\x30\x31\x31\x43\
\x34\x30\x2e\x33\x30\x32\x36\x20\x33\x30\x2e\x35\x39\x33\x37\x20\
\x34\x30\x2e\x34\x33\x33\x20\x33\x30\x2e\x35\x38\x39\x20\x34\x30\
\x2e\x35\x37\x38\x20\x33\x30\x2e\x35\x38\x37\x36\x43\x34\x30\x2e\
\x38\x36\x38\x20\x33\x30\x2e\x35\x38\x34\x39\x20\x34\x31\x2e\x32\
\x32\x32\x36\x20\x33\x30\x2e\x35\x39\x36\x20\x34\x31\x2e\x35\x36\
\x37\x36\x20\x33\x30\x2e\x36\x32\x39\x31\x43\x34\x31\x2e\x35\x38\
\x39\x36\x20\x33\x30\x2e\x36\x33\x31\x32\x20\x34\x31\x2e\x36\x31\
\x30\x31\x20\x33\x30\x2e\x36\x33\x36\x38\x20\x34\x31\x2e\x36\x32\
\x38\x32\x20\x33\x30\x2e\x36\x34\x35\x34\x56\x33\x30\x2e\x35\x36\
\x35\x37\x4c\x34\x31\x2e\x36\x33\x32\x38\x20\x33\x30\x2e\x34\x31\
\x36\x35\x43\x34\x31\x2e\x36\x33\x35\x39\x20\x33\x30\x2e\x32\x37\
\x31\x37\x20\x34\x31\x2e\x36\x33\x34\x31\x20\x33\x30\x2e\x31\x33\
\x37\x34\x20\x34\x31\x2e\x36\x32\x38\x32\x20\x33\x30\x2e\x30\x31\
\x32\x38\x56\x31\x39\x2e\x35\x36\x33\x48\x34\x30\x2e\x39\x33\x31\
\x35\x4c\x34\x30\x2e\x39\x35\x35\x31\x20\x31\x39\x2e\x36\x34\x32\
\x38\x5a\x4d\x34\x30\x2e\x34\x35\x35\x37\x20\x32\x38\x2e\x37\x39\
\x31\x39\x43\x34\x30\x2e\x35\x33\x35\x32\x20\x32\x38\x2e\x37\x37\
\x34\x31\x20\x34\x30\x2e\x36\x31\x38\x37\x20\x32\x38\x2e\x37\x38\
\x34\x33\x20\x34\x30\x2e\x36\x38\x30\x36\x20\x32\x38\x2e\x38\x30\
\x32\x34\x4c\x34\x30\x2e\x37\x30\x37\x34\x20\x32\x38\x2e\x38\x31\
\x31\x33\x43\x34\x30\x2e\x37\x32\x37\x32\x20\x32\x38\x2e\x38\x31\
\x38\x35\x20\x34\x30\x2e\x37\x34\x35\x32\x20\x32\x38\x2e\x38\x32\
\x37\x32\x20\x34\x30\x2e\x37\x36\x31\x34\x20\x32\x38\x2e\x38\x33\
\x37\x31\x43\x34\x30\x2e\x37\x38\x36\x20\x32\x38\x2e\x38\x32\x34\
\x20\x34\x30\x2e\x38\x31\x35\x34\x20\x32\x38\x2e\x38\x31\x36\x33\
\x20\x34\x30\x2e\x38\x34\x37\x20\x32\x38\x2e\x38\x31\x36\x33\x43\
\x34\x30\x2e\x39\x33\x34\x31\x20\x32\x38\x2e\x38\x31\x36\x33\x20\
\x34\x31\x2e\x30\x30\x34\x39\x20\x32\x38\x2e\x38\x37\x34\x33\x20\
\x34\x31\x2e\x30\x30\x34\x39\x20\x32\x38\x2e\x39\x34\x35\x37\x43\
\x34\x31\x2e\x30\x30\x34\x39\x20\x32\x38\x2e\x39\x36\x39\x34\x20\
\x34\x31\x2e\x30\x30\x34\x37\x20\x32\x39\x2e\x30\x33\x38\x37\x20\
\x34\x30\x2e\x39\x39\x31\x38\x20\x32\x39\x2e\x31\x34\x31\x36\x43\
\x34\x30\x2e\x39\x38\x32\x31\x20\x32\x39\x2e\x32\x31\x38\x31\x20\
\x34\x30\x2e\x39\x33\x36\x37\x20\x32\x39\x2e\x32\x37\x37\x31\x20\
\x34\x30\x2e\x38\x39\x33\x34\x20\x32\x39\x2e\x33\x31\x39\x33\x43\
\x34\x30\x2e\x38\x35\x31\x36\x20\x32\x39\x2e\x33\x36\x20\x34\x30\
\x2e\x38\x20\x32\x39\x2e\x33\x39\x35\x38\x20\x34\x30\x2e\x37\x36\
\x37\x37\x20\x32\x39\x2e\x34\x31\x39\x34\x43\x34\x30\x2e\x36\x37\
\x31\x38\x20\x32\x39\x2e\x34\x38\x39\x35\x20\x34\x30\x2e\x35\x35\
\x34\x38\x20\x32\x39\x2e\x35\x31\x33\x34\x20\x34\x30\x2e\x34\x36\
\x31\x37\x20\x32\x39\x2e\x35\x32\x36\x32\x43\x34\x30\x2e\x34\x31\
\x35\x31\x20\x32\x39\x2e\x35\x33\x32\x36\x20\x34\x30\x2e\x33\x36\
\x35\x35\x20\x32\x39\x2e\x35\x33\x37\x31\x20\x34\x30\x2e\x33\x32\
\x35\x31\x20\x32\x39\x2e\x35\x34\x31\x34\x43\x34\x30\x2e\x32\x38\
\x32\x32\x20\x32\x39\x2e\x35\x34\x35\x39\x20\x34\x30\x2e\x32\x34\
\x35\x34\x20\x32\x39\x2e\x35\x35\x30\x34\x20\x34\x30\x2e\x32\x31\
\x32\x32\x20\x32\x39\x2e\x35\x35\x36\x38\x43\x34\x30\x2e\x30\x32\
\x37\x20\x32\x39\x2e\x35\x39\x32\x36\x20\x33\x39\x2e\x38\x36\x33\
\x37\x20\x32\x39\x2e\x36\x31\x34\x37\x20\x33\x39\x2e\x36\x37\x31\
\x34\x20\x32\x39\x2e\x36\x30\x39\x31\x43\x33\x39\x2e\x35\x36\x39\
\x36\x20\x32\x39\x2e\x36\x30\x36\x32\x20\x33\x39\x2e\x35\x31\x34\
\x34\x20\x32\x39\x2e\x35\x34\x36\x37\x20\x33\x39\x2e\x34\x39\x32\
\x35\x20\x32\x39\x2e\x35\x31\x35\x32\x43\x33\x39\x2e\x34\x36\x39\
\x20\x32\x39\x2e\x34\x38\x31\x32\x20\x33\x39\x2e\x34\x35\x38\x20\
\x32\x39\x2e\x34\x34\x35\x20\x33\x39\x2e\x34\x35\x33\x31\x20\x32\
\x39\x2e\x34\x32\x30\x31\x43\x33\x39\x2e\x34\x32\x33\x37\x20\x32\
\x39\x2e\x32\x37\x32\x33\x20\x33\x39\x2e\x35\x34\x34\x39\x20\x32\
\x39\x2e\x31\x36\x32\x37\x20\x33\x39\x2e\x36\x33\x35\x33\x20\x32\
\x39\x2e\x31\x30\x31\x36\x43\x33\x39\x2e\x37\x33\x33\x38\x20\x32\
\x39\x2e\x30\x33\x35\x20\x33\x39\x2e\x38\x35\x33\x35\x20\x32\x38\
\x2e\x39\x38\x35\x38\x20\x33\x39\x2e\x39\x33\x31\x39\x20\x32\x38\
\x2e\x39\x35\x37\x31\x43\x34\x30\x2e\x30\x34\x34\x31\x20\x32\x38\
\x2e\x39\x31\x36\x20\x34\x30\x2e\x31\x37\x33\x37\x20\x32\x38\x2e\
\x38\x37\x34\x32\x20\x34\x30\x2e\x33\x30\x35\x35\x20\x32\x38\x2e\
\x38\x33\x34\x39\x4c\x34\x30\x2e\x34\x33\x37\x34\x20\x32\x38\x2e\
\x37\x39\x36\x36\x4c\x34\x30\x2e\x34\x35\x35\x37\x20\x32\x38\x2e\
\x37\x39\x31\x39\x5a\x22\x20\x73\x74\x72\x6f\x6b\x65\x3d\x22\x23\
\x31\x30\x32\x38\x33\x34\x22\x20\x73\x74\x72\x6f\x6b\x65\x2d\x77\
\x69\x64\x74\x68\x3d\x22\x30\x2e\x38\x33\x30\x30\x37\x38\x22\x2f\
\x3e\x0a\x3c\x70\x61\x74\x68\x20\x64\x3d\x22\x4d\x33\x38\x2e\x31\
\x31\x30\x35\x20\x32\x35\x2e\x30\x38\x35\x37\x43\x33\x37\x2e\x38\
\x31\x35\x36\x20\x32\x35\x2e\x31\x38\x39\x31\x20\x33\x37\x2e\x35\
\x36\x33\x35\x20\x32\x35\x2e\x32\x38\x35\x35\x20\x33\x37\x2e\x33\
\x36\x32\x39\x20\x32\x35\x2e\x33\x37\x32\x31\x43\x33\x38\x2e\x32\
\x31\x36\x36\x20\x32\x35\x2e\x38\x39\x35\x38\x20\x33\x38\x2e\x38\
\x34\x31\x36\x20\x32\x36\x2e\x33\x37\x36\x34\x20\x33\x39\x2e\x33\
\x31\x35\x37\x20\x32\x36\x2e\x38\x30\x34\x32\x43\x33\x39\x2e\x34\
\x39\x37\x31\x20\x32\x36\x2e\x37\x31\x33\x34\x20\x33\x39\x2e\x37\
\x30\x35\x36\x20\x32\x36\x2e\x36\x31\x39\x38\x20\x33\x39\x2e\x38\
\x36\x36\x35\x20\x32\x36\x2e\x35\x36\x32\x31\x4c\x33\x39\x2e\x38\
\x37\x35\x34\x20\x32\x36\x2e\x35\x35\x39\x4c\x33\x39\x2e\x38\x38\
\x35\x20\x32\x36\x2e\x35\x35\x36\x37\x4c\x33\x39\x2e\x39\x35\x38\
\x36\x20\x32\x36\x2e\x35\x34\x30\x31\x43\x33\x39\x2e\x39\x37\x35\
\x38\x20\x32\x36\x2e\x35\x33\x36\x36\x20\x33\x39\x2e\x39\x39\x33\
\x31\x20\x32\x36\x2e\x35\x33\x33\x34\x20\x34\x30\x2e\x30\x31\x30\
\x35\x20\x32\x36\x2e\x35\x33\x30\x32\x43\x33\x39\x2e\x34\x36\x38\
\x38\x20\x32\x35\x2e\x39\x38\x30\x32\x20\x33\x38\x2e\x38\x31\x31\
\x31\x20\x32\x35\x2e\x34\x39\x39\x32\x20\x33\x38\x2e\x31\x31\x30\
\x35\x20\x32\x35\x2e\x30\x38\x35\x37\x5a\x22\x20\x73\x74\x72\x6f\
\x6b\x65\x3d\x22\x23\x31\x30\x32\x38\x33\x34\x22\x20\x73\x74\x72\
\x6f\x6b\x65\x2d\x77\x69\x64\x74\x68\x3d\x22\x30\x2e\x38\x33\x30\
\x30\x37\x38\x22\x2f\x3e\x0a\x3c\x70\x61\x74\x68\x20\x64\x3d\x22\
\x4d\x33\x35\x2e\x34\x35\x36\x37\x20\x32\x33\x2e\x38\x35\x38\x39\
\x43\x33\x35\x2e\x32\x38\x33\x33\x20\x32\x33\x2e\x39\x31\x30\x35\
\x20\x33\x35\x2e\x30\x39\x33\x35\x20\x32\x33\x2e\x39\x37\x39\x38\
\x20\x33\x34\x2e\x39\x30\x36\x37\x20\x32\x34\x2e\x30\x37\x30\x33\
\x43\x33\x35\x2e\x37\x35\x35\x34\x20\x32\x34\x2e\x34\x36\x35\x31\
\x20\x33\x36\x2e\x34\x37\x32\x37\x20\x32\x34\x2e\x38\x34\x33\x34\
\x20\x33\x37\x2e\x30\x38\x32\x31\x20\x32\x35\x2e\x32\x30\x32\x39\
\x43\x33\x37\x2e\x32\x37\x34\x31\x20\x32\x35\x2e\x31\x31\x34\x31\
\x20\x33\x37\x2e\x35\x31\x39\x32\x20\x32\x35\x2e\x30\x31\x36\x20\
\x33\x37\x2e\x38\x30\x36\x34\x20\x32\x34\x2e\x39\x31\x31\x38\x43\
\x33\x37\x2e\x30\x33\x33\x35\x20\x32\x34\x2e\x34\x38\x33\x35\x20\
\x33\x36\x2e\x32\x31\x39\x39\x20\x32\x34\x2e\x31\x33\x33\x31\x20\
\x33\x35\x2e\x34\x35\x36\x37\x20\x32\x33\x2e\x38\x35\x38\x39\x5a\
\x22\x20\x73\x74\x72\x6f\x6b\x65\x3d\x22\x23\x31\x30\x32\x38\x33\
\x34\x22\x20\x73\x74\x72\x6f\x6b\x65\x2d\x77\x69\x64\x74\x68\x3d\
\x22\x30\x2e\x38\x33\x30\x30\x37\x38\x22\x2f\x3e\x0a\x3c\x70\x61\
\x74\x68\x20\x64\x3d\x22\x4d\x33\x33\x2e\x33\x30\x38\x33\x20\x32\
\x33\x2e\x33\x37\x34\x43\x33\x33\x2e\x37\x36\x35\x36\x20\x32\x33\
\x2e\x35\x36\x31\x31\x20\x33\x34\x2e\x31\x39\x32\x39\x20\x32\x33\
\x2e\x37\x34\x35\x34\x20\x33\x34\x2e\x35\x39\x32\x37\x20\x32\x33\
\x2e\x39\x32\x36\x33\x43\x33\x34\x2e\x37\x34\x32\x39\x20\x32\x33\
\x2e\x38\x34\x33\x36\x20\x33\x34\x2e\x38\x39\x37\x33\x20\x32\x33\
\x2e\x37\x37\x34\x37\x20\x33\x35\x2e\x30\x34\x37\x38\x20\x32\x33\
\x2e\x37\x31\x37\x35\x43\x33\x34\x2e\x34\x31\x39\x39\x20\x32\x33\
\x2e\x35\x30\x38\x37\x20\x33\x33\x2e\x38\x33\x39\x39\x20\x32\x33\
\x2e\x33\x35\x34\x34\x20\x33\x33\x2e\x33\x36\x33\x33\x20\x32\x33\
\x2e\x32\x35\x33\x34\x4c\x33\x33\x2e\x33\x30\x38\x33\x20\x32\x33\
\x2e\x33\x37\x34\x5a\x22\x20\x73\x74\x72\x6f\x6b\x65\x3d\x22\x23\
\x31\x30\x32\x38\x33\x34\x22\x20\x73\x74\x72\x6f\x6b\x65\x2d\x77\
\x69\x64\x74\x68\x3d\x22\x30\x2e\x38\x33\x30\x30\x37\x38\x22\x2f\
\x3e\x0a\x3c\x70\x61\x74\x68\x20\x64\x3d\x22\x4d\x32\x35\x2e\x34\
\x34\x35\x37\x20\x31\x36\x2e\x36\x37\x30\x39\x43\x32\x35\x2e\x32\
\x38\x34\x39\x20\x31\x36\x2e\x37\x36\x34\x34\x20\x32\x35\x2e\x31\
\x32\x30\x34\x20\x31\x36\x2e\x38\x36\x32\x32\x20\x32\x34\x2e\x39\
\x35\x33\x35\x20\x31\x36\x2e\x39\x36\x32\x39\x4c\x32\x36\x2e\x34\
\x32\x33\x33\x20\x31\x37\x2e\x38\x30\x34\x32\x4c\x32\x36\x2e\x34\
\x32\x34\x34\x20\x31\x37\x2e\x38\x30\x34\x38\x4c\x32\x36\x2e\x34\
\x32\x34\x35\x20\x31\x37\x2e\x38\x30\x34\x37\x4c\x32\x37\x2e\x38\
\x32\x32\x39\x20\x31\x38\x2e\x35\x37\x37\x38\x4c\x32\x38\x2e\x35\
\x34\x39\x37\x20\x31\x39\x2e\x31\x35\x30\x33\x4c\x32\x38\x2e\x39\
\x31\x31\x35\x20\x31\x39\x2e\x36\x35\x36\x39\x4c\x32\x39\x2e\x32\
\x37\x36\x39\x20\x32\x30\x2e\x33\x36\x30\x37\x4c\x32\x39\x2e\x33\
\x38\x34\x39\x20\x32\x30\x2e\x36\x38\x34\x36\x43\x32\x39\x2e\x34\
\x33\x38\x37\x20\x32\x30\x2e\x36\x36\x37\x35\x20\x32\x39\x2e\x34\
\x39\x33\x33\x20\x32\x30\x2e\x36\x35\x30\x36\x20\x32\x39\x2e\x35\
\x34\x38\x35\x20\x32\x30\x2e\x36\x33\x33\x39\x43\x32\x39\x2e\x37\
\x34\x37\x34\x20\x32\x30\x2e\x35\x37\x34\x20\x32\x39\x2e\x39\x37\
\x37\x34\x20\x32\x30\x2e\x34\x39\x38\x39\x20\x33\x30\x2e\x32\x32\
\x36\x37\x20\x32\x30\x2e\x34\x31\x34\x32\x4c\x33\x30\x2e\x30\x39\
\x37\x35\x20\x32\x30\x2e\x30\x37\x34\x39\x4c\x33\x30\x2e\x31\x36\
\x39\x20\x31\x39\x2e\x36\x33\x36\x33\x4c\x33\x30\x2e\x31\x37\x30\
\x34\x20\x31\x39\x2e\x36\x32\x38\x32\x4c\x33\x30\x2e\x31\x36\x39\
\x32\x20\x31\x39\x2e\x36\x32\x30\x31\x4c\x33\x30\x2e\x30\x39\x35\
\x33\x20\x31\x39\x2e\x31\x30\x32\x34\x4c\x33\x30\x2e\x30\x39\x32\
\x32\x20\x31\x39\x2e\x30\x38\x31\x33\x4c\x32\x39\x2e\x36\x33\x31\
\x20\x31\x38\x2e\x36\x37\x37\x35\x4c\x32\x39\x2e\x36\x32\x34\x37\
\x20\x31\x38\x2e\x36\x37\x32\x31\x4c\x32\x39\x2e\x36\x31\x37\x31\
\x20\x31\x38\x2e\x36\x36\x37\x39\x4c\x32\x39\x2e\x30\x32\x35\x37\
\x20\x31\x38\x2e\x33\x34\x34\x34\x4c\x32\x39\x2e\x30\x31\x34\x39\
\x20\x31\x38\x2e\x33\x33\x38\x34\x4c\x32\x39\x2e\x30\x30\x32\x33\
\x20\x31\x38\x2e\x33\x33\x35\x36\x4c\x32\x38\x2e\x34\x32\x34\x20\
\x31\x38\x2e\x32\x30\x39\x4c\x32\x37\x2e\x31\x37\x38\x38\x20\x31\
\x37\x2e\x35\x30\x33\x38\x4c\x32\x37\x2e\x31\x37\x35\x38\x20\x31\
\x37\x2e\x35\x30\x32\x31\x4c\x32\x37\x2e\x31\x37\x32\x36\x20\x31\
\x37\x2e\x35\x30\x30\x36\x4c\x32\x35\x2e\x39\x31\x36\x39\x20\x31\
\x36\x2e\x39\x31\x38\x35\x4c\x32\x35\x2e\x34\x34\x35\x37\x20\x31\
\x36\x2e\x36\x37\x30\x39\x5a\x22\x20\x73\x74\x72\x6f\x6b\x65\x3d\
\x22\x23\x31\x30\x32\x38\x33\x34\x22\x20\x73\x74\x72\x6f\x6b\x65\
\x2d\x77\x69\x64\x74\x68\x3d\x22\x30\x2e\x38\x33\x30\x30\x37\x38\
\x22\x2f\x3e\x0a\x3c\x70\x61\x74\x68\x20\x64\x3d\x22\x4d\x31\x38\
\x2e\x37\x32\x35\x39\x20\x31\x32\x2e\x31\x30\x33\x36\x4c\x31\x39\
\x2e\x33\x38\x35\x38\x20\x31\x32\x2e\x36\x31\x37\x4c\x32\x30\x2e\
\x30\x34\x36\x33\x20\x31\x33\x2e\x33\x38\x38\x31\x4c\x32\x30\x2e\
\x30\x34\x39\x35\x20\x31\x33\x2e\x33\x39\x31\x39\x4c\x32\x30\x2e\
\x30\x35\x33\x32\x20\x31\x33\x2e\x33\x39\x35\x32\x4c\x32\x30\x2e\
\x32\x37\x35\x31\x20\x31\x33\x2e\x35\x38\x39\x33\x4c\x32\x30\x2e\
\x32\x37\x37\x36\x20\x31\x33\x2e\x35\x39\x31\x34\x4c\x32\x30\x2e\
\x32\x38\x30\x32\x20\x31\x33\x2e\x35\x39\x33\x33\x4c\x32\x30\x2e\
\x37\x32\x32\x35\x20\x31\x33\x2e\x39\x31\x35\x37\x4c\x32\x30\x2e\
\x37\x32\x32\x33\x20\x31\x33\x2e\x39\x31\x35\x39\x4c\x32\x31\x2e\
\x33\x30\x34\x31\x20\x31\x34\x2e\x33\x36\x31\x34\x4c\x32\x31\x2e\
\x35\x39\x33\x37\x20\x31\x34\x2e\x38\x30\x35\x31\x4c\x32\x31\x2e\
\x35\x39\x39\x39\x20\x31\x34\x2e\x38\x31\x34\x36\x4c\x32\x31\x2e\
\x36\x30\x39\x36\x20\x31\x34\x2e\x38\x32\x32\x4c\x32\x32\x2e\x33\
\x31\x31\x36\x20\x31\x35\x2e\x33\x35\x34\x35\x43\x32\x32\x2e\x34\
\x39\x32\x32\x20\x31\x35\x2e\x32\x33\x39\x38\x20\x32\x32\x2e\x36\
\x37\x32\x36\x20\x31\x35\x2e\x31\x32\x37\x34\x20\x32\x32\x2e\x38\
\x35\x31\x33\x20\x31\x35\x2e\x30\x31\x37\x39\x4c\x32\x32\x2e\x35\
\x39\x34\x39\x20\x31\x34\x2e\x39\x31\x34\x34\x4c\x32\x32\x2e\x31\
\x36\x36\x32\x20\x31\x34\x2e\x36\x30\x31\x36\x4c\x32\x31\x2e\x37\
\x33\x30\x32\x20\x31\x34\x2e\x30\x39\x32\x39\x4c\x32\x31\x2e\x32\
\x38\x36\x37\x20\x31\x33\x2e\x35\x31\x30\x38\x4c\x32\x31\x2e\x32\
\x38\x31\x35\x20\x31\x33\x2e\x35\x30\x33\x38\x4c\x32\x31\x2e\x32\
\x37\x34\x31\x20\x31\x33\x2e\x34\x39\x38\x32\x4c\x32\x30\x2e\x36\
\x30\x38\x38\x20\x31\x32\x2e\x39\x38\x30\x35\x4c\x32\x30\x2e\x36\
\x30\x35\x33\x20\x31\x32\x2e\x39\x37\x37\x37\x4c\x32\x30\x2e\x36\
\x30\x31\x34\x20\x31\x32\x2e\x39\x37\x35\x33\x4c\x31\x39\x2e\x36\
\x34\x30\x34\x20\x31\x32\x2e\x33\x39\x32\x39\x4c\x31\x39\x2e\x36\
\x33\x36\x38\x20\x31\x32\x2e\x33\x39\x30\x39\x4c\x31\x38\x2e\x38\
\x32\x20\x31\x32\x2e\x30\x30\x30\x39\x4c\x31\x38\x2e\x37\x32\x35\
\x39\x20\x31\x32\x2e\x31\x30\x33\x36\x5a\x22\x20\x73\x74\x72\x6f\
\x6b\x65\x3d\x22\x23\x31\x30\x32\x38\x33\x34\x22\x20\x73\x74\x72\
\x6f\x6b\x65\x2d\x77\x69\x64\x74\x68\x3d\x22\x30\x2e\x38\x33\x30\
\x30\x37\x38\x22\x2f\x3e\x0a\x3c\x70\x61\x74\x68\x20\x64\x3d\x22\
\x4d\x36\x30\x2e\x30\x34\x39\x39\x20\x36\x36\x2e\x39\x32\x32\x32\
\x43\x36\x30\x2e\x36\x30\x33\x37\x20\x36\x37\x2e\x33\x33\x39\x31\
\x20\x36\x31\x2e\x30\x35\x32\x37\x20\x36\x37\x2e\x37\x31\x37\x39\
\x20\x36\x31\x2e\x34\x32\x37\x39\x20\x36\x38\x2e\x31\x31\x31\x34\
\x43\x36\x32\x2e\x33\x35\x36\x39\x20\x36\x39\x2e\x30\x38\x35\x36\
\x20\x36\x32\x2e\x38\x33\x33\x37\x20\x37\x30\x2e\x31\x34\x38\x37\
\x20\x36\x33\x2e\x33\x34\x37\x37\x20\x37\x32\x2e\x30\x39\x32\x39\
\x43\x36\x33\x2e\x34\x37\x35\x37\x20\x37\x32\x2e\x35\x37\x37\x31\
\x20\x36\x33\x2e\x35\x37\x30\x34\x20\x37\x32\x2e\x38\x37\x38\x34\
\x20\x36\x33\x2e\x36\x31\x38\x35\x20\x37\x33\x2e\x30\x32\x34\x34\
\x43\x36\x33\x2e\x36\x33\x30\x35\x20\x37\x33\x2e\x30\x36\x30\x39\
\x20\x36\x33\x2e\x36\x33\x39\x36\x20\x37\x33\x2e\x30\x38\x37\x38\
\x20\x36\x33\x2e\x36\x34\x35\x36\x20\x37\x33\x2e\x31\x30\x35\x34\
\x43\x36\x33\x2e\x36\x34\x38\x36\x20\x37\x33\x2e\x31\x31\x34\x32\
\x20\x36\x33\x2e\x36\x35\x31\x20\x37\x33\x2e\x31\x32\x31\x20\x36\
\x33\x2e\x36\x35\x32\x35\x20\x37\x33\x2e\x31\x32\x35\x35\x43\x36\
\x33\x2e\x36\x35\x33\x33\x20\x37\x33\x2e\x31\x32\x37\x37\x20\x36\
\x33\x2e\x36\x35\x34\x20\x37\x33\x2e\x31\x32\x39\x39\x20\x36\x33\
\x2e\x36\x35\x34\x35\x20\x37\x33\x2e\x31\x33\x31\x36\x43\x36\x33\
\x2e\x36\x35\x34\x37\x20\x37\x33\x2e\x31\x33\x32\x32\x20\x36\x33\
\x2e\x36\x35\x35\x33\x20\x37\x33\x2e\x31\x33\x34\x32\x20\x36\x33\
\x2e\x36\x35\x35\x38\x20\x37\x33\x2e\x31\x33\x36\x33\x43\x36\x33\
\x2e\x36\x35\x36\x31\x20\x37\x33\x2e\x31\x33\x37\x38\x20\x36\x33\
\x2e\x36\x35\x36\x39\x20\x37\x33\x2e\x31\x34\x32\x34\x20\x36\x33\
\x2e\x36\x35\x37\x32\x20\x37\x33\x2e\x31\x34\x35\x38\x43\x36\x33\
\x2e\x36\x35\x35\x36\x20\x37\x33\x2e\x31\x36\x31\x39\x20\x36\x33\
\x2e\x35\x39\x32\x34\x20\x37\x33\x2e\x32\x31\x32\x36\x20\x36\x33\
\x2e\x35\x32\x33\x39\x20\x37\x33\x2e\x31\x39\x35\x39\x43\x36\x33\
\x2e\x35\x31\x36\x20\x37\x33\x2e\x31\x38\x38\x37\x20\x36\x33\x2e\
\x35\x30\x37\x39\x20\x37\x33\x2e\x31\x37\x38\x33\x20\x36\x33\x2e\
\x35\x30\x36\x35\x20\x37\x33\x2e\x31\x37\x36\x43\x36\x33\x2e\x35\
\x30\x35\x39\x20\x37\x33\x2e\x31\x37\x34\x38\x20\x36\x33\x2e\x35\
\x30\x35\x20\x37\x33\x2e\x31\x37\x33\x31\x20\x36\x33\x2e\x35\x30\
\x34\x36\x20\x37\x33\x2e\x31\x37\x32\x33\x43\x36\x33\x2e\x35\x30\
\x34\x20\x37\x33\x2e\x31\x37\x31\x20\x36\x33\x2e\x35\x30\x33\x34\
\x20\x37\x33\x2e\x31\x36\x39\x36\x20\x36\x33\x2e\x35\x30\x33\x31\
\x20\x37\x33\x2e\x31\x36\x38\x39\x43\x36\x33\x2e\x35\x30\x32\x34\
\x20\x37\x33\x2e\x31\x36\x37\x32\x20\x36\x33\x2e\x35\x30\x31\x34\
\x20\x37\x33\x2e\x31\x36\x35\x31\x20\x36\x33\x2e\x35\x30\x30\x35\
\x20\x37\x33\x2e\x31\x36\x32\x38\x43\x36\x33\x2e\x34\x39\x38\x36\
\x20\x37\x33\x2e\x31\x35\x38\x32\x20\x36\x33\x2e\x34\x39\x35\x37\
\x20\x37\x33\x2e\x31\x35\x31\x34\x20\x36\x33\x2e\x34\x39\x32\x32\
\x20\x37\x33\x2e\x31\x34\x32\x39\x43\x36\x33\x2e\x34\x38\x35\x20\
\x37\x33\x2e\x31\x32\x35\x35\x20\x36\x33\x2e\x34\x37\x34\x34\x20\
\x37\x33\x2e\x30\x39\x39\x37\x20\x36\x33\x2e\x34\x36\x30\x31\x20\
\x37\x33\x2e\x30\x36\x36\x31\x43\x36\x33\x2e\x33\x34\x35\x32\x20\
\x37\x32\x2e\x37\x39\x37\x36\x20\x36\x32\x2e\x39\x39\x31\x34\x20\
\x37\x32\x2e\x30\x32\x30\x33\x20\x36\x32\x2e\x32\x39\x33\x20\x37\
\x30\x2e\x39\x35\x36\x33\x43\x36\x31\x2e\x36\x33\x33\x35\x20\x36\
\x39\x2e\x39\x35\x31\x34\x20\x36\x30\x2e\x36\x36\x36\x38\x20\x36\
\x38\x2e\x36\x39\x31\x31\x20\x35\x39\x2e\x33\x30\x34\x20\x36\x37\
\x2e\x33\x36\x32\x32\x43\x35\x39\x2e\x34\x36\x30\x31\x20\x36\x37\
\x2e\x32\x37\x39\x34\x20\x35\x39\x2e\x36\x30\x39\x37\x20\x36\x37\
\x2e\x31\x39\x39\x37\x20\x35\x39\x2e\x37\x34\x37\x33\x20\x36\x37\
\x2e\x31\x32\x34\x37\x4c\x35\x39\x2e\x38\x34\x32\x32\x20\x36\x37\
\x2e\x30\x37\x33\x4c\x35\x39\x2e\x39\x32\x37\x20\x36\x37\x2e\x30\
\x31\x30\x37\x43\x35\x39\x2e\x39\x36\x37\x36\x20\x36\x36\x2e\x39\
\x38\x30\x38\x20\x36\x30\x2e\x30\x30\x38\x36\x20\x36\x36\x2e\x39\
\x35\x31\x33\x20\x36\x30\x2e\x30\x34\x39\x39\x20\x36\x36\x2e\x39\
\x32\x32\x32\x5a\x22\x20\x73\x74\x72\x6f\x6b\x65\x3d\x22\x23\x31\
\x30\x32\x38\x33\x34\x22\x20\x73\x74\x72\x6f\x6b\x65\x2d\x77\x69\
\x64\x74\x68\x3d\x22\x30\x2e\x38\x33\x30\x30\x37\x38\x22\x2f\x3e\
\x0a\x3c\x70\x61\x74\x68\x20\x64\x3d\x22\x4d\x35\x32\x2e\x38\x36\
\x31\x31\x20\x36\x30\x2e\x39\x34\x35\x39\x43\x35\x34\x2e\x30\x31\
\x37\x33\x20\x36\x32\x2e\x33\x31\x33\x38\x20\x35\x35\x2e\x33\x37\
\x31\x38\x20\x36\x33\x2e\x36\x35\x38\x38\x20\x35\x36\x2e\x38\x34\
\x37\x31\x20\x36\x34\x2e\x36\x38\x30\x33\x43\x35\x37\x2e\x31\x30\
\x34\x35\x20\x36\x34\x2e\x38\x35\x38\x35\x20\x35\x37\x2e\x33\x35\
\x30\x34\x20\x36\x35\x2e\x30\x32\x37\x38\x20\x35\x37\x2e\x35\x38\
\x35\x33\x20\x36\x35\x2e\x31\x38\x39\x34\x43\x35\x37\x2e\x34\x33\
\x35\x33\x20\x36\x35\x2e\x32\x36\x38\x36\x20\x35\x37\x2e\x32\x36\
\x38\x34\x20\x36\x35\x2e\x33\x35\x36\x37\x20\x35\x37\x2e\x30\x39\
\x33\x31\x20\x36\x35\x2e\x34\x34\x39\x43\x35\x35\x2e\x39\x35\x39\
\x34\x20\x36\x34\x2e\x35\x37\x37\x20\x35\x34\x2e\x36\x34\x33\x36\
\x20\x36\x33\x2e\x37\x31\x33\x20\x35\x33\x2e\x31\x32\x31\x34\x20\
\x36\x32\x2e\x39\x30\x37\x35\x4c\x35\x33\x2e\x31\x30\x36\x35\x20\
\x36\x32\x2e\x38\x39\x39\x35\x4c\x35\x33\x2e\x30\x39\x37\x20\x36\
\x32\x2e\x38\x38\x37\x31\x4c\x35\x31\x2e\x38\x39\x32\x35\x20\x36\
\x31\x2e\x32\x39\x30\x32\x43\x35\x32\x2e\x32\x33\x35\x31\x20\x36\
\x31\x2e\x31\x37\x37\x35\x20\x35\x32\x2e\x35\x35\x38\x32\x20\x36\
\x31\x2e\x30\x36\x32\x31\x20\x35\x32\x2e\x38\x36\x31\x31\x20\x36\
\x30\x2e\x39\x34\x35\x39\x5a\x22\x20\x73\x74\x72\x6f\x6b\x65\x3d\
\x22\x23\x31\x30\x32\x38\x33\x34\x22\x20\x73\x74\x72\x6f\x6b\x65\
\x2d\x77\x69\x64\x74\x68\x3d\x22\x30\x2e\x38\x33\x30\x30\x37\x38\
\x22\x2f\x3e\x0a\x3c\x70\x61\x74\x68\x20\x64\x3d\x22\x4d\x36\x34\
\x2e\x33\x37\x36\x37\x20\x35\x34\x2e\x37\x34\x34\x37\x43\x36\x36\
\x2e\x30\x37\x36\x35\x20\x35\x36\x2e\x34\x31\x36\x32\x20\x36\x37\
\x2e\x35\x34\x36\x39\x20\x35\x38\x2e\x34\x30\x30\x32\x20\x36\x37\
\x2e\x39\x32\x38\x20\x36\x30\x2e\x35\x31\x34\x32\x4c\x36\x37\x2e\
\x39\x33\x20\x36\x30\x2e\x35\x32\x35\x33\x4c\x36\x37\x2e\x39\x32\
\x37\x34\x20\x36\x30\x2e\x35\x33\x36\x33\x43\x36\x37\x2e\x39\x31\
\x39\x38\x20\x36\x30\x2e\x35\x36\x37\x32\x20\x36\x37\x2e\x39\x30\
\x35\x39\x20\x36\x30\x2e\x36\x30\x34\x31\x20\x36\x37\x2e\x38\x38\
\x31\x33\x20\x36\x30\x2e\x36\x33\x33\x36\x43\x36\x37\x2e\x38\x35\
\x36\x32\x20\x36\x30\x2e\x36\x36\x33\x36\x20\x36\x37\x2e\x38\x30\
\x36\x32\x20\x36\x30\x2e\x36\x39\x39\x33\x20\x36\x37\x2e\x37\x33\
\x34\x38\x20\x36\x30\x2e\x36\x38\x35\x33\x43\x36\x37\x2e\x36\x37\
\x37\x33\x20\x36\x30\x2e\x36\x37\x33\x39\x20\x36\x37\x2e\x36\x33\
\x31\x38\x20\x36\x30\x2e\x36\x33\x33\x32\x20\x36\x37\x2e\x35\x39\
\x33\x35\x20\x36\x30\x2e\x35\x38\x34\x39\x43\x36\x37\x2e\x35\x35\
\x32\x36\x20\x36\x30\x2e\x35\x33\x33\x33\x20\x36\x37\x2e\x35\x30\
\x38\x34\x20\x36\x30\x2e\x34\x35\x37\x37\x20\x36\x37\x2e\x34\x36\
\x30\x31\x20\x36\x30\x2e\x33\x35\x32\x33\x43\x36\x37\x2e\x33\x36\
\x33\x39\x20\x36\x30\x2e\x31\x34\x32\x20\x36\x36\x2e\x39\x37\x32\
\x36\x20\x35\x38\x2e\x38\x34\x30\x35\x20\x36\x35\x2e\x33\x39\x34\
\x32\x20\x35\x36\x2e\x39\x33\x34\x37\x43\x36\x34\x2e\x39\x31\x35\
\x37\x20\x35\x36\x2e\x33\x35\x36\x39\x20\x36\x34\x2e\x33\x32\x37\
\x35\x20\x35\x35\x2e\x37\x32\x33\x39\x20\x36\x33\x2e\x36\x30\x35\
\x38\x20\x35\x35\x2e\x30\x34\x38\x39\x43\x36\x33\x2e\x38\x37\x39\
\x34\x20\x35\x34\x2e\x39\x34\x37\x37\x20\x36\x34\x2e\x31\x33\x38\
\x31\x20\x35\x34\x2e\x38\x34\x36\x20\x36\x34\x2e\x33\x37\x36\x37\
\x20\x35\x34\x2e\x37\x34\x34\x37\x5a\x22\x20\x73\x74\x72\x6f\x6b\
\x65\x3d\x22\x23\x31\x30\x32\x38\x33\x34\x22\x20\x73\x74\x72\x6f\
\x6b\x65\x2d\x77\x69\x64\x74\x68\x3d\x22\x30\x2e\x38\x33\x30\x30\
\x37\x38\x22\x2f\x3e\x0a\x3c\x70\x61\x74\x68\x20\x64\x3d\x22\x4d\
\x34\x38\x2e\x35\x36\x30\x31\x20\x35\x32\x2e\x33\x32\x33\x31\x4c\
\x34\x38\x2e\x36\x36\x37\x31\x20\x35\x32\x2e\x33\x34\x30\x36\x4c\
\x34\x38\x2e\x37\x37\x35\x39\x20\x35\x32\x2e\x33\x34\x35\x39\x43\
\x34\x39\x2e\x30\x30\x34\x32\x20\x35\x32\x2e\x33\x35\x37\x32\x20\
\x34\x39\x2e\x31\x37\x31\x34\x20\x35\x32\x2e\x33\x37\x33\x35\x20\
\x34\x39\x2e\x32\x39\x35\x35\x20\x35\x32\x2e\x33\x39\x31\x36\x56\
\x35\x35\x2e\x37\x32\x31\x38\x43\x34\x39\x2e\x36\x37\x31\x31\x20\
\x35\x36\x2e\x34\x34\x39\x31\x20\x35\x30\x2e\x33\x31\x32\x37\x20\
\x35\x37\x2e\x35\x33\x32\x38\x20\x35\x31\x2e\x31\x35\x39\x33\x20\
\x35\x38\x2e\x37\x33\x36\x34\x43\x35\x30\x2e\x39\x37\x36\x31\x20\
\x35\x38\x2e\x38\x30\x32\x31\x20\x35\x30\x2e\x37\x38\x34\x37\x20\
\x35\x38\x2e\x38\x36\x37\x35\x20\x35\x30\x2e\x35\x38\x35\x31\x20\
\x35\x38\x2e\x39\x33\x31\x34\x4c\x35\x30\x2e\x35\x37\x32\x36\x20\
\x35\x38\x2e\x39\x33\x35\x35\x4c\x35\x30\x2e\x35\x36\x30\x31\x20\
\x35\x38\x2e\x39\x33\x39\x37\x43\x35\x30\x2e\x34\x34\x30\x37\x20\
\x35\x38\x2e\x39\x37\x39\x39\x20\x35\x30\x2e\x33\x32\x33\x35\x20\
\x35\x39\x2e\x30\x31\x39\x37\x20\x35\x30\x2e\x32\x30\x39\x33\x20\
\x35\x39\x2e\x30\x35\x38\x38\x4c\x34\x37\x2e\x37\x31\x32\x37\x20\
\x35\x35\x2e\x37\x34\x38\x37\x4c\x34\x37\x2e\x37\x31\x37\x33\x20\
\x35\x35\x2e\x37\x32\x34\x38\x43\x34\x37\x2e\x39\x30\x38\x35\x20\
\x35\x34\x2e\x37\x36\x31\x31\x20\x34\x38\x2e\x31\x34\x30\x35\x20\
\x35\x33\x2e\x35\x34\x35\x35\x20\x34\x38\x2e\x33\x36\x37\x20\x35\
\x32\x2e\x32\x39\x31\x37\x43\x34\x38\x2e\x34\x33\x30\x31\x20\x35\
\x32\x2e\x33\x30\x31\x39\x20\x34\x38\x2e\x34\x39\x34\x33\x20\x35\
\x32\x2e\x33\x31\x32\x32\x20\x34\x38\x2e\x35\x36\x30\x31\x20\x35\
\x32\x2e\x33\x32\x33\x31\x5a\x22\x20\x73\x74\x72\x6f\x6b\x65\x3d\
\x22\x23\x31\x30\x32\x38\x33\x34\x22\x20\x73\x74\x72\x6f\x6b\x65\
\x2d\x77\x69\x64\x74\x68\x3d\x22\x30\x2e\x38\x33\x30\x30\x37\x38\
\x22\x2f\x3e\x0a\x3c\x70\x61\x74\x68\x20\x64\x3d\x22\x4d\x35\x37\
\x2e\x30\x32\x38\x35\x20\x34\x38\x2e\x30\x31\x32\x37\x4c\x35\x37\
\x2e\x36\x35\x38\x20\x34\x39\x2e\x31\x37\x33\x33\x43\x35\x37\x2e\
\x36\x39\x38\x39\x20\x34\x39\x2e\x32\x34\x30\x37\x20\x35\x37\x2e\
\x37\x35\x38\x37\x20\x34\x39\x2e\x33\x35\x32\x32\x20\x35\x37\x2e\
\x38\x30\x38\x36\x20\x34\x39\x2e\x34\x37\x33\x33\x43\x35\x37\x2e\
\x38\x35\x36\x32\x20\x34\x39\x2e\x35\x38\x38\x38\x20\x35\x37\x2e\
\x38\x39\x36\x39\x20\x34\x39\x2e\x37\x31\x39\x20\x35\x37\x2e\x39\
\x30\x30\x38\x20\x34\x39\x2e\x38\x32\x39\x39\x43\x35\x37\x2e\x39\
\x30\x32\x34\x20\x34\x39\x2e\x38\x33\x31\x34\x20\x35\x37\x2e\x39\
\x30\x34\x32\x20\x34\x39\x2e\x38\x33\x33\x35\x20\x35\x37\x2e\x39\
\x30\x36\x37\x20\x34\x39\x2e\x38\x33\x35\x37\x43\x35\x37\x2e\x39\
\x32\x30\x38\x20\x34\x39\x2e\x38\x34\x38\x33\x20\x35\x37\x2e\x39\
\x34\x33\x37\x20\x34\x39\x2e\x38\x36\x36\x31\x20\x35\x37\x2e\x39\
\x37\x36\x31\x20\x34\x39\x2e\x38\x38\x39\x35\x43\x35\x38\x2e\x30\
\x34\x30\x36\x20\x34\x39\x2e\x39\x33\x36\x20\x35\x38\x2e\x31\x33\
\x36\x34\x20\x34\x39\x2e\x39\x39\x39\x39\x20\x35\x38\x2e\x32\x36\
\x30\x34\x20\x35\x30\x2e\x30\x38\x30\x36\x43\x35\x38\x2e\x35\x30\
\x37\x33\x20\x35\x30\x2e\x32\x34\x31\x33\x20\x35\x38\x2e\x38\x36\
\x34\x36\x20\x35\x30\x2e\x34\x36\x38\x33\x20\x35\x39\x2e\x32\x39\
\x34\x34\x20\x35\x30\x2e\x37\x35\x31\x31\x43\x36\x30\x2e\x30\x35\
\x38\x39\x20\x35\x31\x2e\x32\x35\x34\x31\x20\x36\x31\x2e\x30\x35\
\x38\x35\x20\x35\x31\x2e\x39\x33\x38\x31\x20\x36\x32\x2e\x31\x30\
\x37\x34\x20\x35\x32\x2e\x37\x36\x32\x36\x43\x36\x31\x2e\x38\x32\
\x39\x33\x20\x35\x32\x2e\x38\x36\x32\x20\x36\x31\x2e\x35\x32\x39\
\x36\x20\x35\x32\x2e\x39\x36\x32\x33\x20\x36\x31\x2e\x32\x31\x35\
\x37\x20\x35\x33\x2e\x30\x36\x31\x38\x43\x35\x39\x2e\x38\x35\x38\
\x33\x20\x35\x32\x2e\x30\x34\x39\x38\x20\x35\x38\x2e\x32\x30\x37\
\x36\x20\x35\x30\x2e\x39\x38\x34\x33\x20\x35\x36\x2e\x32\x30\x30\
\x31\x20\x34\x39\x2e\x39\x30\x30\x38\x4c\x35\x36\x2e\x31\x37\x33\
\x31\x20\x34\x39\x2e\x38\x38\x36\x31\x4c\x35\x35\x2e\x39\x32\x38\
\x35\x20\x34\x38\x2e\x39\x35\x30\x37\x4c\x35\x35\x2e\x39\x32\x38\
\x20\x34\x38\x2e\x39\x34\x37\x32\x43\x35\x35\x2e\x39\x30\x31\x37\
\x20\x34\x38\x2e\x37\x33\x31\x38\x20\x35\x35\x2e\x38\x35\x38\x34\
\x20\x34\x38\x2e\x33\x39\x35\x37\x20\x35\x35\x2e\x38\x31\x33\x38\
\x20\x34\x38\x2e\x30\x38\x37\x38\x43\x35\x35\x2e\x37\x36\x38\x37\
\x20\x34\x37\x2e\x37\x37\x37\x34\x20\x35\x35\x2e\x37\x32\x33\x32\
\x20\x34\x37\x2e\x35\x30\x32\x20\x35\x35\x2e\x36\x39\x33\x32\x20\
\x34\x37\x2e\x34\x30\x33\x34\x43\x35\x35\x2e\x36\x37\x36\x32\x20\
\x34\x37\x2e\x33\x34\x37\x36\x20\x35\x35\x2e\x36\x33\x32\x34\x20\
\x34\x37\x2e\x31\x39\x31\x37\x20\x35\x35\x2e\x35\x37\x33\x33\x20\
\x34\x36\x2e\x39\x37\x38\x33\x43\x35\x35\x2e\x39\x34\x31\x32\x20\
\x34\x36\x2e\x39\x35\x33\x35\x20\x35\x36\x2e\x32\x39\x39\x31\x20\
\x34\x36\x2e\x39\x32\x32\x36\x20\x35\x36\x2e\x36\x32\x39\x34\x20\
\x34\x36\x2e\x38\x38\x36\x4c\x35\x37\x2e\x30\x32\x38\x35\x20\x34\
\x38\x2e\x30\x31\x32\x37\x5a\x22\x20\x73\x74\x72\x6f\x6b\x65\x3d\
\x22\x23\x31\x30\x32\x38\x33\x34\x22\x20\x73\x74\x72\x6f\x6b\x65\
\x2d\x77\x69\x64\x74\x68\x3d\x22\x30\x2e\x38\x33\x30\x30\x37\x38\
\x22\x2f\x3e\x0a\x3c\x70\x61\x74\x68\x20\x64\x3d\x22\x4d\x34\x31\
\x2e\x36\x33\x36\x38\x20\x34\x36\x2e\x31\x39\x31\x34\x43\x34\x31\
\x2e\x38\x36\x34\x34\x20\x34\x36\x2e\x31\x39\x33\x31\x20\x34\x32\
\x2e\x31\x35\x33\x36\x20\x34\x36\x2e\x31\x39\x38\x33\x20\x34\x32\
\x2e\x34\x31\x38\x35\x20\x34\x36\x2e\x32\x30\x37\x33\x43\x34\x32\
\x2e\x35\x38\x34\x31\x20\x34\x36\x2e\x32\x31\x33\x20\x34\x32\x2e\
\x37\x33\x38\x38\x20\x34\x36\x2e\x32\x32\x30\x31\x20\x34\x32\x2e\
\x38\x36\x32\x32\x20\x34\x36\x2e\x32\x32\x38\x37\x43\x34\x32\x2e\
\x39\x38\x32\x39\x20\x34\x36\x2e\x32\x33\x37\x31\x20\x34\x33\x2e\
\x30\x35\x37\x31\x20\x34\x36\x2e\x32\x34\x36\x32\x20\x34\x33\x2e\
\x30\x38\x36\x34\x20\x34\x36\x2e\x32\x35\x32\x36\x43\x34\x33\x2e\
\x31\x31\x37\x20\x34\x36\x2e\x32\x36\x34\x36\x20\x34\x33\x2e\x31\
\x34\x38\x36\x20\x34\x36\x2e\x32\x37\x38\x38\x20\x34\x33\x2e\x31\
\x38\x31\x31\x20\x34\x36\x2e\x32\x39\x34\x33\x43\x34\x33\x2e\x32\
\x37\x31\x20\x34\x36\x2e\x39\x31\x34\x36\x20\x34\x33\x2e\x33\x30\
\x39\x33\x20\x34\x37\x2e\x37\x32\x34\x39\x20\x34\x33\x2e\x31\x36\
\x39\x33\x20\x34\x38\x2e\x34\x31\x32\x37\x43\x34\x33\x2e\x30\x38\
\x38\x35\x20\x34\x38\x2e\x38\x30\x39\x38\x20\x34\x32\x2e\x39\x34\
\x37\x32\x20\x34\x39\x2e\x31\x37\x32\x36\x20\x34\x32\x2e\x37\x31\
\x35\x35\x20\x34\x39\x2e\x34\x33\x34\x33\x43\x34\x32\x2e\x34\x38\
\x31\x20\x34\x39\x2e\x36\x39\x39\x32\x20\x34\x32\x2e\x31\x35\x33\
\x32\x20\x34\x39\x2e\x38\x36\x30\x36\x20\x34\x31\x2e\x37\x31\x32\
\x37\x20\x34\x39\x2e\x38\x34\x36\x37\x4c\x34\x31\x2e\x36\x33\x36\
\x38\x20\x34\x39\x2e\x38\x34\x34\x33\x56\x34\x36\x2e\x31\x39\x31\
\x34\x5a\x22\x20\x73\x74\x72\x6f\x6b\x65\x3d\x22\x23\x31\x30\x32\
\x38\x33\x34\x22\x20\x73\x74\x72\x6f\x6b\x65\x2d\x77\x69\x64\x74\
\x68\x3d\x22\x30\x2e\x38\x33\x30\x30\x37\x38\x22\x2f\x3e\x0a\x3c\
\x70\x61\x74\x68\x20\x64\x3d\x22\x4d\x34\x31\x2e\x36\x33\x36\x38\
\x20\x33\x36\x2e\x35\x34\x33\x36\x43\x34\x31\x2e\x36\x37\x36\x36\
\x20\x33\x36\x2e\x35\x34\x34\x38\x20\x34\x31\x2e\x37\x32\x34\x39\
\x20\x33\x36\x2e\x35\x34\x38\x36\x20\x34\x31\x2e\x37\x38\x31\x20\
\x33\x36\x2e\x35\x35\x35\x31\x43\x34\x31\x2e\x38\x38\x35\x38\x20\
\x33\x36\x2e\x35\x36\x37\x32\x20\x34\x32\x2e\x30\x30\x31\x20\x33\
\x36\x2e\x35\x38\x36\x35\x20\x34\x32\x2e\x31\x30\x39\x39\x20\x33\
\x36\x2e\x36\x30\x35\x34\x4c\x34\x32\x2e\x31\x31\x36\x39\x20\x33\
\x36\x2e\x36\x30\x36\x37\x4c\x34\x32\x2e\x31\x32\x34\x20\x33\x36\
\x2e\x36\x30\x37\x33\x43\x34\x32\x2e\x32\x38\x37\x35\x20\x33\x36\
\x2e\x36\x32\x33\x33\x20\x34\x32\x2e\x39\x32\x31\x38\x20\x33\x36\
\x2e\x36\x34\x33\x36\x20\x34\x33\x2e\x33\x37\x33\x38\x20\x33\x36\
\x2e\x36\x31\x34\x39\x56\x33\x37\x2e\x37\x30\x34\x34\x4c\x34\x37\
\x2e\x38\x35\x37\x39\x20\x34\x32\x2e\x34\x39\x35\x32\x4c\x34\x37\
\x2e\x38\x36\x31\x20\x34\x32\x2e\x34\x39\x38\x37\x4c\x34\x39\x2e\
\x32\x38\x30\x34\x20\x34\x34\x2e\x32\x34\x33\x37\x4c\x35\x30\x2e\
\x34\x36\x32\x38\x20\x34\x35\x2e\x34\x37\x31\x31\x4c\x35\x30\x2e\
\x34\x38\x37\x38\x20\x34\x35\x2e\x34\x39\x37\x32\x4c\x35\x30\x2e\
\x30\x30\x34\x34\x20\x34\x36\x2e\x38\x38\x33\x39\x4c\x34\x39\x2e\
\x34\x36\x32\x20\x34\x39\x2e\x37\x39\x37\x34\x43\x34\x39\x2e\x33\
\x33\x33\x32\x20\x34\x39\x2e\x37\x38\x35\x32\x20\x34\x39\x2e\x32\
\x30\x35\x32\x20\x34\x39\x2e\x37\x37\x35\x38\x20\x34\x39\x2e\x30\
\x37\x38\x38\x20\x34\x39\x2e\x37\x36\x38\x36\x43\x34\x38\x2e\x39\
\x38\x37\x31\x20\x34\x39\x2e\x37\x35\x33\x36\x20\x34\x38\x2e\x38\
\x39\x37\x38\x20\x34\x39\x2e\x37\x33\x39\x33\x20\x34\x38\x2e\x38\
\x30\x39\x39\x20\x34\x39\x2e\x37\x32\x35\x32\x43\x34\x38\x2e\x38\
\x34\x33\x34\x20\x34\x39\x2e\x35\x31\x38\x39\x20\x34\x38\x2e\x38\
\x37\x36\x31\x20\x34\x39\x2e\x33\x31\x35\x38\x20\x34\x38\x2e\x39\
\x30\x37\x32\x20\x34\x39\x2e\x31\x31\x36\x39\x43\x34\x39\x2e\x30\
\x37\x35\x39\x20\x34\x38\x2e\x30\x33\x37\x31\x20\x34\x39\x2e\x32\
\x30\x34\x35\x20\x34\x37\x2e\x30\x38\x33\x35\x20\x34\x39\x2e\x32\
\x35\x35\x34\x20\x34\x36\x2e\x34\x32\x36\x33\x43\x34\x39\x2e\x32\
\x38\x30\x39\x20\x34\x36\x2e\x30\x39\x36\x39\x20\x34\x39\x2e\x32\
\x38\x36\x35\x20\x34\x35\x2e\x38\x34\x35\x35\x20\x34\x39\x2e\x32\
\x36\x39\x31\x20\x34\x35\x2e\x36\x39\x30\x37\x43\x34\x39\x2e\x32\
\x36\x34\x38\x20\x34\x35\x2e\x36\x35\x32\x33\x20\x34\x39\x2e\x32\
\x35\x39\x32\x20\x34\x35\x2e\x36\x32\x31\x31\x20\x34\x39\x2e\x32\
\x35\x32\x36\x20\x34\x35\x2e\x35\x39\x36\x39\x43\x34\x39\x2e\x32\
\x35\x30\x34\x20\x34\x35\x2e\x35\x38\x39\x20\x34\x39\x2e\x32\x34\
\x37\x38\x20\x34\x35\x2e\x35\x38\x32\x32\x20\x34\x39\x2e\x32\x34\
\x35\x37\x20\x34\x35\x2e\x35\x37\x36\x34\x4c\x34\x39\x2e\x32\x30\
\x30\x38\x20\x34\x35\x2e\x36\x30\x39\x31\x4c\x34\x39\x2e\x31\x35\
\x30\x37\x20\x34\x35\x2e\x35\x34\x36\x38\x4c\x34\x33\x2e\x33\x37\
\x33\x38\x20\x33\x38\x2e\x33\x38\x31\x31\x56\x33\x38\x2e\x35\x31\
\x38\x36\x43\x34\x33\x2e\x34\x36\x36\x20\x33\x39\x2e\x30\x37\x30\
\x32\x20\x34\x33\x2e\x35\x36\x34\x37\x20\x33\x39\x2e\x38\x39\x35\
\x38\x20\x34\x33\x2e\x35\x36\x31\x33\x20\x34\x30\x2e\x35\x38\x35\
\x35\x43\x34\x33\x2e\x35\x35\x39\x37\x20\x34\x30\x2e\x39\x33\x30\
\x36\x20\x34\x33\x2e\x35\x33\x32\x35\x20\x34\x31\x2e\x32\x34\x36\
\x31\x20\x34\x33\x2e\x34\x36\x34\x20\x34\x31\x2e\x34\x37\x37\x31\
\x43\x34\x33\x2e\x34\x32\x39\x39\x20\x34\x31\x2e\x35\x39\x32\x32\
\x20\x34\x33\x2e\x33\x38\x34\x31\x20\x34\x31\x2e\x36\x39\x31\x37\
\x20\x34\x33\x2e\x33\x32\x31\x32\x20\x34\x31\x2e\x37\x36\x33\x38\
\x43\x34\x33\x2e\x33\x30\x38\x38\x20\x34\x31\x2e\x37\x37\x38\x31\
\x20\x34\x33\x2e\x32\x39\x35\x32\x20\x34\x31\x2e\x37\x39\x31\x33\
\x20\x34\x33\x2e\x32\x38\x31\x20\x34\x31\x2e\x38\x30\x33\x36\x4c\
\x34\x33\x2e\x32\x34\x36\x36\x20\x34\x31\x2e\x37\x39\x37\x39\x43\
\x34\x33\x2e\x31\x34\x31\x34\x20\x34\x31\x2e\x37\x38\x30\x38\x20\
\x34\x33\x2e\x30\x31\x31\x38\x20\x34\x31\x2e\x37\x36\x32\x20\x34\
\x32\x2e\x38\x20\x34\x31\x2e\x37\x33\x37\x36\x4c\x34\x32\x2e\x37\
\x38\x39\x31\x20\x34\x31\x2e\x37\x33\x36\x33\x48\x34\x32\x2e\x37\
\x37\x38\x31\x43\x34\x32\x2e\x31\x35\x39\x32\x20\x34\x31\x2e\x37\
\x33\x36\x36\x20\x34\x31\x2e\x38\x33\x36\x33\x20\x34\x31\x2e\x37\
\x34\x37\x34\x20\x34\x31\x2e\x36\x33\x36\x38\x20\x34\x31\x2e\x37\
\x36\x36\x35\x56\x33\x36\x2e\x35\x34\x33\x36\x5a\x22\x20\x73\x74\
\x72\x6f\x6b\x65\x3d\x22\x23\x31\x30\x32\x38\x33\x34\x22\x20\x73\
\x74\x72\x6f\x6b\x65\x2d\x77\x69\x64\x74\x68\x3d\x22\x30\x2e\x38\
\x33\x30\x30\x37\x38\x22\x2f\x3e\x0a\x3c\x70\x61\x74\x68\x20\x64\
\x3d\x22\x4d\x34\x32\x2e\x37\x36\x35\x39\x20\x34\x31\x2e\x39\x39\
\x35\x32\x43\x34\x32\x2e\x39\x38\x39\x39\x20\x34\x32\x2e\x30\x32\
\x31\x31\x20\x34\x33\x2e\x31\x31\x35\x38\x20\x34\x32\x2e\x30\x34\
\x30\x31\x20\x34\x33\x2e\x32\x32\x31\x35\x20\x34\x32\x2e\x30\x35\
\x37\x37\x43\x34\x33\x2e\x33\x38\x34\x20\x34\x32\x2e\x35\x35\x35\
\x32\x20\x34\x33\x2e\x35\x35\x31\x36\x20\x34\x33\x2e\x32\x34\x20\
\x34\x33\x2e\x36\x30\x36\x35\x20\x34\x33\x2e\x39\x32\x34\x38\x43\
\x34\x33\x2e\x36\x33\x39\x20\x34\x34\x2e\x33\x33\x30\x31\x20\x34\
\x33\x2e\x36\x33\x32\x33\x20\x34\x34\x2e\x37\x33\x37\x32\x20\x34\
\x33\x2e\x35\x36\x30\x39\x20\x34\x35\x2e\x31\x30\x36\x34\x43\x34\
\x33\x2e\x34\x39\x35\x32\x20\x34\x35\x2e\x34\x34\x35\x36\x20\x34\
\x33\x2e\x33\x37\x33\x36\x20\x34\x35\x2e\x37\x35\x36\x31\x20\x34\
\x33\x2e\x31\x37\x34\x34\x20\x34\x36\x2e\x30\x30\x34\x4c\x34\x33\
\x2e\x31\x36\x35\x38\x20\x34\x36\x2e\x30\x30\x31\x39\x43\x34\x33\
\x2e\x30\x39\x37\x39\x20\x34\x35\x2e\x39\x38\x37\x37\x20\x34\x32\
\x2e\x39\x39\x35\x38\x20\x34\x35\x2e\x39\x37\x38\x32\x20\x34\x32\
\x2e\x38\x38\x39\x20\x34\x35\x2e\x39\x37\x30\x37\x43\x34\x32\x2e\
\x37\x35\x39\x31\x20\x34\x35\x2e\x39\x36\x31\x37\x20\x34\x32\x2e\
\x35\x39\x39\x34\x20\x34\x35\x2e\x39\x35\x34\x33\x20\x34\x32\x2e\
\x34\x33\x31\x36\x20\x34\x35\x2e\x39\x34\x38\x36\x43\x34\x32\x2e\
\x31\x36\x32\x31\x20\x34\x35\x2e\x39\x33\x39\x34\x20\x34\x31\x2e\
\x38\x36\x38\x32\x20\x34\x35\x2e\x39\x33\x34\x33\x20\x34\x31\x2e\
\x36\x33\x36\x38\x20\x34\x35\x2e\x39\x33\x32\x36\x56\x34\x32\x2e\
\x30\x32\x37\x43\x34\x31\x2e\x38\x30\x30\x31\x20\x34\x32\x2e\x30\
\x30\x38\x36\x20\x34\x32\x2e\x30\x39\x38\x32\x20\x34\x31\x2e\x39\
\x39\x35\x36\x20\x34\x32\x2e\x37\x36\x35\x39\x20\x34\x31\x2e\x39\
\x39\x35\x32\x5a\x22\x20\x73\x74\x72\x6f\x6b\x65\x3d\x22\x23\x31\
\x30\x32\x38\x33\x34\x22\x20\x73\x74\x72\x6f\x6b\x65\x2d\x77\x69\
\x64\x74\x68\x3d\x22\x30\x2e\x38\x33\x30\x30\x37\x38\x22\x2f\x3e\
\x0a\x3c\x70\x61\x74\x68\x20\x66\x69\x6c\x6c\x2d\x72\x75\x6c\x65\
\x3d\x22\x65\x76\x65\x6e\x6f\x64\x64\x22\x20\x63\x6c\x69\x70\x2d\
\x72\x75\x6c\x65\x3d\x22\x65\x76\x65\x6e\x6f\x64\x64\x22\x20\x64\
\x3d\x22\x4d\x35\x32\x2e\x38\x36\x32\x38\x20\x32\x32\x2e\x39\x30\
\x31\x35\x43\x35\x33\x2e\x30\x36\x36\x31\x20\x32\x32\x2e\x39\x36\
\x34\x34\x20\x35\x33\x2e\x32\x35\x38\x39\x20\x32\x33\x2e\x30\x32\
\x31\x39\x20\x35\x33\x2e\x34\x33\x36\x33\x20\x32\x33\x2e\x30\x37\
\x32\x43\x35\x33\x2e\x35\x36\x32\x32\x20\x32\x33\x2e\x31\x30\x37\
\x36\x20\x35\x33\x2e\x36\x38\x36\x39\x20\x32\x33\x2e\x31\x34\x35\
\x39\x20\x35\x33\x2e\x38\x31\x32\x31\x20\x32\x33\x2e\x31\x38\x36\
\x37\x4c\x35\x33\x2e\x37\x31\x33\x37\x20\x32\x33\x2e\x34\x36\x33\
\x36\x4c\x35\x33\x2e\x37\x31\x33\x20\x32\x33\x2e\x34\x36\x35\x38\
\x4c\x35\x33\x2e\x37\x31\x32\x20\x32\x33\x2e\x34\x36\x38\x4c\x35\
\x32\x2e\x39\x32\x32\x35\x20\x32\x35\x2e\x32\x31\x35\x31\x4c\x35\
\x32\x2e\x30\x35\x35\x34\x20\x32\x37\x2e\x35\x34\x31\x31\x4c\x35\
\x32\x2e\x30\x35\x34\x39\x20\x32\x37\x2e\x35\x34\x32\x36\x4c\x35\
\x32\x2e\x30\x35\x34\x31\x20\x32\x37\x2e\x35\x34\x34\x33\x4c\x35\
\x31\x2e\x36\x34\x31\x39\x20\x32\x38\x2e\x34\x37\x33\x32\x4c\x35\
\x31\x2e\x35\x33\x37\x37\x20\x32\x38\x2e\x30\x34\x36\x4c\x35\x30\
\x2e\x33\x37\x39\x36\x20\x32\x39\x2e\x30\x35\x34\x34\x4c\x34\x38\
\x2e\x32\x34\x37\x39\x20\x33\x30\x2e\x39\x33\x31\x31\x4c\x34\x38\
\x2e\x32\x34\x34\x38\x20\x33\x30\x2e\x39\x33\x33\x38\x4c\x34\x38\
\x2e\x32\x34\x31\x35\x20\x33\x30\x2e\x39\x33\x36\x32\x4c\x34\x37\
\x2e\x31\x33\x39\x20\x33\x31\x2e\x37\x31\x30\x35\x4c\x34\x36\x2e\
\x31\x32\x31\x37\x20\x33\x32\x2e\x36\x30\x38\x34\x4c\x34\x35\x2e\
\x36\x35\x32\x33\x20\x33\x33\x2e\x32\x34\x39\x38\x4c\x34\x35\x2e\
\x36\x34\x39\x38\x20\x33\x33\x2e\x32\x35\x33\x32\x4c\x34\x35\x2e\
\x36\x34\x36\x39\x20\x33\x33\x2e\x32\x35\x36\x32\x4c\x34\x35\x2e\
\x30\x39\x34\x32\x20\x33\x33\x2e\x38\x33\x38\x36\x4c\x34\x35\x2e\
\x30\x38\x38\x35\x20\x33\x33\x2e\x38\x34\x34\x37\x4c\x34\x35\x2e\
\x30\x38\x31\x32\x20\x33\x33\x2e\x38\x34\x39\x35\x4c\x34\x34\x2e\
\x35\x35\x38\x32\x20\x33\x34\x2e\x31\x39\x32\x33\x56\x33\x34\x2e\
\x32\x39\x37\x39\x43\x34\x37\x2e\x34\x34\x33\x34\x20\x33\x33\x2e\
\x36\x38\x36\x31\x20\x35\x31\x2e\x37\x39\x33\x31\x20\x33\x32\x2e\
\x39\x32\x35\x37\x20\x35\x35\x2e\x35\x39\x34\x20\x33\x32\x2e\x36\
\x30\x37\x43\x35\x37\x2e\x35\x31\x35\x36\x20\x33\x32\x2e\x34\x34\
\x35\x38\x20\x35\x39\x2e\x33\x30\x31\x35\x20\x33\x32\x2e\x33\x39\
\x37\x32\x20\x36\x30\x2e\x36\x38\x38\x33\x20\x33\x32\x2e\x35\x33\
\x39\x43\x36\x31\x2e\x33\x38\x31\x36\x20\x33\x32\x2e\x36\x30\x39\
\x39\x20\x36\x31\x2e\x39\x37\x39\x35\x20\x33\x32\x2e\x37\x32\x38\
\x39\x20\x36\x32\x2e\x34\x34\x35\x38\x20\x33\x32\x2e\x39\x30\x37\
\x34\x43\x36\x32\x2e\x39\x30\x39\x39\x20\x33\x33\x2e\x30\x38\x35\
\x20\x36\x33\x2e\x32\x35\x20\x33\x33\x2e\x33\x32\x34\x33\x20\x36\
\x33\x2e\x34\x31\x39\x31\x20\x33\x33\x2e\x36\x33\x38\x39\x43\x36\
\x33\x2e\x35\x34\x35\x37\x20\x33\x33\x2e\x38\x31\x37\x37\x20\x36\
\x33\x2e\x35\x35\x34\x39\x20\x33\x34\x2e\x30\x34\x38\x39\x20\x36\
\x33\x2e\x33\x37\x33\x37\x20\x33\x34\x2e\x32\x39\x39\x33\x43\x36\
\x33\x2e\x31\x39\x34\x31\x20\x33\x34\x2e\x35\x34\x37\x35\x20\x36\
\x32\x2e\x38\x32\x38\x20\x33\x34\x2e\x38\x31\x34\x39\x20\x36\x32\
\x2e\x32\x30\x33\x36\x20\x33\x35\x2e\x30\x38\x30\x39\x43\x36\x30\
\x2e\x39\x35\x34\x31\x20\x33\x35\x2e\x36\x31\x33\x34\x20\x35\x38\
\x2e\x36\x33\x39\x34\x20\x33\x36\x2e\x31\x35\x33\x37\x20\x35\x34\
\x2e\x35\x39\x34\x31\x20\x33\x36\x2e\x35\x31\x36\x33\x4c\x35\x34\
\x2e\x35\x39\x31\x32\x20\x33\x36\x2e\x35\x31\x36\x35\x4c\x35\x34\
\x2e\x35\x38\x38\x33\x20\x33\x36\x2e\x35\x31\x36\x37\x43\x35\x33\
\x2e\x31\x31\x32\x20\x33\x36\x2e\x35\x35\x39\x39\x20\x35\x30\x2e\
\x39\x31\x35\x39\x20\x33\x36\x2e\x35\x33\x37\x32\x20\x34\x39\x2e\
\x31\x32\x36\x35\x20\x33\x36\x2e\x33\x32\x38\x34\x43\x34\x38\x2e\
\x32\x33\x32\x39\x20\x33\x36\x2e\x32\x32\x34\x20\x34\x37\x2e\x34\
\x33\x33\x37\x20\x33\x36\x2e\x30\x37\x32\x36\x20\x34\x36\x2e\x38\
\x37\x35\x38\x20\x33\x35\x2e\x38\x35\x36\x36\x43\x34\x36\x2e\x35\
\x39\x36\x39\x20\x33\x35\x2e\x37\x34\x38\x36\x20\x34\x36\x2e\x33\
\x37\x32\x20\x33\x35\x2e\x36\x32\x32\x20\x34\x36\x2e\x32\x32\x36\
\x39\x20\x33\x35\x2e\x34\x37\x32\x37\x43\x34\x36\x2e\x30\x39\x32\
\x38\x20\x33\x35\x2e\x33\x33\x34\x38\x20\x34\x36\x2e\x30\x32\x37\
\x39\x20\x33\x35\x2e\x31\x37\x37\x39\x20\x34\x36\x2e\x30\x35\x30\
\x36\x20\x33\x35\x2e\x30\x30\x33\x36\x43\x34\x35\x2e\x38\x31\x37\
\x35\x20\x33\x34\x2e\x39\x32\x32\x33\x20\x34\x35\x2e\x34\x38\x32\
\x31\x20\x33\x34\x2e\x38\x32\x36\x33\x20\x34\x35\x2e\x31\x37\x32\
\x31\x20\x33\x34\x2e\x37\x38\x31\x35\x43\x34\x35\x2e\x30\x30\x34\
\x33\x20\x33\x34\x2e\x37\x35\x37\x33\x20\x34\x34\x2e\x38\x34\x38\
\x37\x20\x33\x34\x2e\x37\x34\x38\x37\x20\x34\x34\x2e\x37\x32\x32\
\x37\x20\x33\x34\x2e\x37\x36\x33\x32\x43\x34\x34\x2e\x36\x30\x36\
\x31\x20\x33\x34\x2e\x37\x37\x36\x37\x20\x34\x34\x2e\x35\x32\x35\
\x33\x20\x33\x34\x2e\x38\x30\x38\x39\x20\x34\x34\x2e\x34\x37\x37\
\x37\x20\x33\x34\x2e\x38\x35\x37\x36\x43\x34\x34\x2e\x34\x36\x31\
\x35\x20\x33\x35\x2e\x31\x31\x30\x34\x20\x34\x34\x2e\x33\x38\x38\
\x37\x20\x33\x35\x2e\x34\x37\x36\x35\x20\x34\x34\x2e\x32\x31\x37\
\x32\x20\x33\x35\x2e\x37\x37\x38\x37\x43\x34\x34\x2e\x32\x31\x32\
\x32\x20\x33\x35\x2e\x37\x38\x37\x35\x20\x34\x34\x2e\x32\x30\x36\
\x38\x20\x33\x35\x2e\x37\x39\x36\x32\x20\x34\x34\x2e\x32\x30\x31\
\x36\x20\x33\x35\x2e\x38\x30\x34\x39\x48\x34\x34\x2e\x32\x35\x39\
\x36\x4c\x34\x34\x2e\x32\x37\x35\x33\x20\x33\x35\x2e\x38\x31\x30\
\x38\x43\x34\x34\x2e\x36\x31\x38\x33\x20\x33\x35\x2e\x39\x34\x30\
\x35\x20\x34\x35\x2e\x31\x34\x34\x38\x20\x33\x36\x2e\x31\x34\x38\
\x32\x20\x34\x35\x2e\x36\x30\x39\x36\x20\x33\x36\x2e\x33\x34\x39\
\x35\x43\x34\x35\x2e\x38\x34\x31\x38\x20\x33\x36\x2e\x34\x35\x30\
\x31\x20\x34\x36\x2e\x30\x35\x39\x39\x20\x33\x36\x2e\x35\x34\x39\
\x36\x20\x34\x36\x2e\x32\x33\x32\x33\x20\x33\x36\x2e\x36\x33\x37\
\x32\x43\x34\x36\x2e\x33\x31\x38\x33\x20\x33\x36\x2e\x36\x38\x31\
\x20\x34\x36\x2e\x33\x39\x34\x20\x33\x36\x2e\x37\x32\x32\x35\x20\
\x34\x36\x2e\x34\x35\x34\x38\x20\x33\x36\x2e\x37\x36\x43\x34\x36\
\x2e\x35\x31\x34\x31\x20\x33\x36\x2e\x37\x39\x36\x35\x20\x34\x36\
\x2e\x35\x36\x34\x34\x20\x33\x36\x2e\x38\x33\x32\x36\x20\x34\x36\
\x2e\x35\x39\x35\x31\x20\x33\x36\x2e\x38\x36\x36\x31\x43\x34\x36\
\x2e\x36\x31\x31\x36\x20\x33\x36\x2e\x38\x38\x34\x31\x20\x34\x36\
\x2e\x36\x35\x31\x35\x20\x33\x36\x2e\x39\x31\x34\x33\x20\x34\x36\
\x2e\x37\x31\x38\x35\x20\x33\x36\x2e\x39\x35\x36\x32\x43\x34\x36\
\x2e\x37\x38\x33\x35\x20\x33\x36\x2e\x39\x39\x36\x39\x20\x34\x36\
\x2e\x38\x36\x38\x33\x20\x33\x37\x2e\x30\x34\x35\x31\x20\x34\x36\
\x2e\x39\x36\x38\x36\x20\x33\x37\x2e\x30\x39\x38\x39\x43\x34\x37\
\x2e\x31\x36\x39\x31\x20\x33\x37\x2e\x32\x30\x36\x35\x20\x34\x37\
\x2e\x34\x32\x38\x32\x20\x33\x37\x2e\x33\x33\x34\x39\x20\x34\x37\
\x2e\x37\x30\x38\x37\x20\x33\x37\x2e\x34\x36\x38\x36\x43\x34\x38\
\x2e\x31\x32\x39\x32\x20\x33\x37\x2e\x36\x36\x39\x32\x20\x34\x38\
\x2e\x35\x39\x35\x39\x20\x33\x37\x2e\x38\x38\x31\x31\x20\x34\x38\
\x2e\x39\x38\x30\x33\x20\x33\x38\x2e\x30\x35\x31\x37\x4c\x34\x39\
\x2e\x33\x33\x32\x35\x20\x33\x38\x2e\x32\x30\x36\x37\x4c\x34\x39\
\x2e\x33\x33\x34\x38\x20\x33\x38\x2e\x32\x30\x37\x37\x4c\x34\x39\
\x2e\x33\x33\x37\x31\x20\x33\x38\x2e\x32\x30\x38\x38\x4c\x35\x31\
\x2e\x36\x32\x33\x20\x33\x39\x2e\x33\x37\x31\x37\x43\x35\x32\x2e\
\x30\x37\x33\x32\x20\x33\x39\x2e\x35\x34\x35\x33\x20\x35\x33\x2e\
\x30\x33\x39\x33\x20\x33\x39\x2e\x39\x31\x33\x33\x20\x35\x33\x2e\
\x33\x35\x31\x35\x20\x34\x30\x2e\x30\x31\x35\x36\x43\x35\x33\x2e\
\x36\x37\x32\x35\x20\x34\x30\x2e\x31\x32\x30\x39\x20\x35\x34\x2e\
\x32\x32\x39\x32\x20\x34\x30\x2e\x33\x36\x34\x33\x20\x35\x34\x2e\
\x34\x36\x35\x38\x20\x34\x30\x2e\x34\x37\x32\x4c\x35\x34\x2e\x34\
\x37\x35\x35\x20\x34\x30\x2e\x34\x37\x36\x34\x4c\x35\x34\x2e\x34\
\x38\x33\x34\x20\x34\x30\x2e\x34\x38\x32\x39\x43\x35\x34\x2e\x35\
\x35\x31\x37\x20\x34\x30\x2e\x35\x33\x38\x39\x20\x35\x34\x2e\x36\
\x35\x33\x37\x20\x34\x30\x2e\x36\x33\x32\x34\x20\x35\x34\x2e\x37\
\x33\x39\x31\x20\x34\x30\x2e\x37\x33\x32\x36\x43\x35\x34\x2e\x37\
\x38\x31\x38\x20\x34\x30\x2e\x37\x38\x32\x37\x20\x35\x34\x2e\x38\
\x32\x31\x35\x20\x34\x30\x2e\x38\x33\x35\x39\x20\x35\x34\x2e\x38\
\x35\x30\x39\x20\x34\x30\x2e\x38\x38\x37\x39\x43\x35\x34\x2e\x38\
\x37\x39\x37\x20\x34\x30\x2e\x39\x33\x39\x20\x35\x34\x2e\x39\x30\
\x31\x33\x20\x34\x30\x2e\x39\x39\x33\x39\x20\x35\x34\x2e\x39\x30\
\x31\x33\x20\x34\x31\x2e\x30\x34\x36\x33\x43\x35\x34\x2e\x39\x30\
\x31\x33\x20\x34\x31\x2e\x31\x33\x34\x20\x35\x34\x2e\x38\x37\x32\
\x20\x34\x31\x2e\x32\x33\x33\x33\x20\x35\x34\x2e\x38\x33\x38\x32\
\x20\x34\x31\x2e\x33\x31\x38\x36\x43\x35\x34\x2e\x38\x30\x34\x31\
\x20\x34\x31\x2e\x34\x30\x34\x39\x20\x35\x34\x2e\x37\x36\x33\x31\
\x20\x34\x31\x2e\x34\x38\x32\x33\x20\x35\x34\x2e\x37\x33\x35\x31\
\x20\x34\x31\x2e\x35\x32\x38\x32\x43\x35\x34\x2e\x37\x32\x38\x31\
\x20\x34\x31\x2e\x35\x33\x39\x36\x20\x35\x34\x2e\x37\x31\x36\x39\
\x20\x34\x31\x2e\x35\x36\x38\x39\x20\x35\x34\x2e\x37\x30\x39\x39\
\x20\x34\x31\x2e\x36\x32\x32\x36\x43\x35\x34\x2e\x37\x30\x33\x31\
\x20\x34\x31\x2e\x36\x37\x34\x38\x20\x35\x34\x2e\x37\x30\x30\x36\
\x20\x34\x31\x2e\x37\x34\x36\x31\x20\x35\x34\x2e\x37\x30\x37\x36\
\x20\x34\x31\x2e\x38\x33\x38\x32\x43\x35\x34\x2e\x37\x32\x31\x37\
\x20\x34\x32\x2e\x30\x32\x32\x33\x20\x35\x34\x2e\x37\x37\x33\x31\
\x20\x34\x32\x2e\x32\x38\x37\x33\x20\x35\x34\x2e\x38\x39\x38\x32\
\x20\x34\x32\x2e\x36\x34\x36\x32\x43\x35\x35\x2e\x30\x32\x33\x31\
\x20\x34\x33\x2e\x30\x30\x34\x34\x20\x35\x35\x2e\x32\x37\x36\x34\
\x20\x34\x33\x2e\x34\x36\x37\x31\x20\x35\x35\x2e\x35\x35\x33\x20\
\x34\x34\x2e\x30\x33\x36\x32\x43\x35\x35\x2e\x36\x30\x35\x32\x20\
\x34\x34\x2e\x31\x34\x33\x35\x20\x35\x35\x2e\x36\x35\x37\x35\x20\
\x34\x34\x2e\x32\x35\x34\x35\x20\x35\x35\x2e\x37\x31\x30\x33\x20\
\x34\x34\x2e\x33\x36\x38\x38\x43\x35\x35\x2e\x34\x33\x36\x35\x20\
\x34\x34\x2e\x33\x39\x31\x34\x20\x35\x35\x2e\x31\x34\x30\x38\x20\
\x34\x34\x2e\x34\x31\x31\x20\x35\x34\x2e\x38\x33\x36\x35\x20\x34\
\x34\x2e\x34\x32\x36\x38\x4c\x35\x34\x2e\x30\x33\x37\x31\x20\x34\
\x32\x2e\x32\x39\x37\x32\x4c\x35\x33\x2e\x36\x35\x31\x37\x20\x34\
\x31\x2e\x35\x33\x39\x33\x4c\x35\x32\x2e\x34\x38\x35\x39\x20\x34\
\x30\x2e\x37\x37\x35\x31\x4c\x34\x33\x2e\x39\x33\x33\x36\x20\x33\
\x36\x2e\x31\x32\x32\x39\x43\x34\x33\x2e\x37\x38\x36\x38\x20\x33\
\x36\x2e\x32\x34\x31\x39\x20\x34\x33\x2e\x36\x30\x32\x37\x20\x33\
\x36\x2e\x33\x32\x30\x37\x20\x34\x33\x2e\x33\x37\x33\x38\x20\x33\
\x36\x2e\x33\x32\x34\x33\x56\x33\x36\x2e\x33\x35\x34\x36\x43\x34\
\x32\x2e\x39\x34\x38\x39\x20\x33\x36\x2e\x33\x38\x34\x20\x34\x32\
\x2e\x33\x32\x31\x33\x20\x33\x36\x2e\x33\x36\x35\x20\x34\x32\x2e\
\x31\x36\x36\x31\x20\x33\x36\x2e\x33\x35\x30\x36\x43\x34\x32\x2e\
\x30\x35\x39\x36\x20\x33\x36\x2e\x33\x33\x32\x31\x20\x34\x31\x2e\
\x39\x33\x38\x35\x20\x33\x36\x2e\x33\x31\x31\x39\x20\x34\x31\x2e\
\x38\x32\x35\x20\x33\x36\x2e\x32\x39\x38\x38\x43\x34\x31\x2e\x37\
\x36\x33\x36\x20\x33\x36\x2e\x32\x39\x31\x37\x20\x34\x31\x2e\x36\
\x39\x39\x20\x33\x36\x2e\x32\x38\x36\x31\x20\x34\x31\x2e\x36\x33\
\x36\x38\x20\x33\x36\x2e\x32\x38\x34\x38\x56\x33\x30\x2e\x38\x36\
\x39\x34\x43\x34\x31\x2e\x36\x36\x35\x20\x33\x30\x2e\x38\x38\x32\
\x38\x20\x34\x31\x2e\x36\x39\x38\x32\x20\x33\x30\x2e\x38\x38\x39\
\x34\x20\x34\x31\x2e\x37\x33\x33\x20\x33\x30\x2e\x38\x38\x36\x32\
\x43\x34\x32\x2e\x30\x38\x36\x20\x33\x30\x2e\x38\x35\x34\x35\x20\
\x34\x32\x2e\x34\x35\x31\x31\x20\x33\x30\x2e\x38\x34\x33\x38\x20\
\x34\x32\x2e\x37\x34\x39\x34\x20\x33\x30\x2e\x38\x34\x36\x34\x43\
\x34\x32\x2e\x38\x39\x38\x36\x20\x33\x30\x2e\x38\x34\x37\x37\x20\
\x34\x33\x2e\x30\x32\x39\x38\x20\x33\x30\x2e\x38\x35\x32\x34\x20\
\x34\x33\x2e\x31\x33\x33\x34\x20\x33\x30\x2e\x38\x35\x39\x32\x43\
\x34\x33\x2e\x32\x34\x31\x32\x20\x33\x30\x2e\x38\x36\x36\x33\x20\
\x34\x33\x2e\x33\x30\x37\x38\x20\x33\x30\x2e\x38\x37\x35\x20\x34\
\x33\x2e\x33\x33\x35\x20\x33\x30\x2e\x38\x38\x31\x36\x43\x34\x33\
\x2e\x34\x34\x39\x33\x20\x33\x30\x2e\x39\x30\x39\x33\x20\x34\x33\
\x2e\x35\x35\x33\x20\x33\x30\x2e\x39\x34\x32\x32\x20\x34\x33\x2e\
\x36\x36\x35\x36\x20\x33\x30\x2e\x39\x37\x39\x33\x43\x34\x33\x2e\
\x36\x35\x36\x31\x20\x33\x30\x2e\x39\x39\x31\x36\x20\x34\x33\x2e\
\x36\x34\x36\x37\x20\x33\x31\x2e\x30\x30\x34\x31\x20\x34\x33\x2e\
\x36\x33\x36\x38\x20\x33\x31\x2e\x30\x31\x36\x35\x43\x34\x34\x2e\
\x31\x32\x31\x37\x20\x33\x31\x2e\x33\x35\x32\x33\x20\x34\x34\x2e\
\x35\x32\x35\x20\x33\x31\x2e\x38\x37\x30\x38\x20\x34\x34\x2e\x35\
\x35\x38\x32\x20\x33\x32\x2e\x36\x33\x31\x39\x56\x33\x32\x2e\x38\
\x30\x31\x35\x4c\x34\x34\x2e\x35\x38\x31\x33\x20\x33\x32\x2e\x37\
\x38\x32\x35\x43\x34\x34\x2e\x36\x35\x36\x32\x20\x33\x32\x2e\x37\
\x32\x31\x32\x20\x34\x36\x2e\x30\x37\x38\x20\x33\x31\x2e\x38\x31\
\x34\x37\x20\x34\x37\x2e\x36\x35\x36\x37\x20\x33\x30\x2e\x33\x32\
\x36\x39\x4c\x34\x37\x2e\x36\x36\x31\x36\x20\x33\x30\x2e\x33\x32\
\x32\x32\x4c\x34\x37\x2e\x36\x36\x37\x36\x20\x33\x30\x2e\x33\x31\
\x38\x34\x4c\x34\x38\x2e\x37\x36\x39\x33\x20\x32\x39\x2e\x36\x30\
\x38\x39\x4c\x35\x31\x2e\x30\x35\x33\x33\x20\x32\x37\x2e\x37\x33\
\x37\x31\x4c\x35\x31\x2e\x35\x31\x33\x36\x20\x32\x37\x2e\x32\x39\
\x36\x39\x4c\x35\x31\x2e\x37\x34\x35\x39\x20\x32\x36\x2e\x35\x39\
\x39\x32\x4c\x35\x32\x2e\x32\x31\x39\x33\x20\x32\x35\x2e\x31\x31\
\x31\x36\x4c\x35\x32\x2e\x36\x39\x32\x32\x20\x32\x33\x2e\x33\x30\
\x32\x36\x4c\x35\x32\x2e\x36\x39\x33\x33\x20\x32\x33\x2e\x32\x39\
\x38\x35\x4c\x35\x32\x2e\x36\x39\x35\x20\x32\x33\x2e\x32\x39\x34\
\x37\x4c\x35\x32\x2e\x38\x36\x32\x38\x20\x32\x32\x2e\x39\x30\x31\
\x35\x5a\x4d\x36\x31\x2e\x32\x33\x35\x20\x33\x32\x2e\x39\x32\x36\
\x31\x43\x36\x31\x2e\x31\x34\x38\x33\x20\x33\x32\x2e\x39\x31\x38\
\x33\x20\x36\x31\x2e\x30\x37\x30\x33\x20\x33\x32\x2e\x39\x36\x39\
\x36\x20\x36\x31\x2e\x30\x36\x30\x37\x20\x33\x33\x2e\x30\x34\x30\
\x36\x43\x36\x31\x2e\x30\x35\x31\x32\x20\x33\x33\x2e\x31\x31\x31\
\x36\x20\x36\x31\x2e\x31\x31\x33\x38\x20\x33\x33\x2e\x31\x37\x35\
\x36\x20\x36\x31\x2e\x32\x30\x30\x35\x20\x33\x33\x2e\x31\x38\x33\
\x34\x43\x36\x31\x2e\x32\x33\x39\x34\x20\x33\x33\x2e\x31\x38\x36\
\x39\x20\x36\x31\x2e\x32\x39\x39\x35\x20\x33\x33\x2e\x32\x30\x30\
\x39\x20\x36\x31\x2e\x33\x38\x30\x37\x20\x33\x33\x2e\x32\x32\x34\
\x39\x43\x36\x31\x2e\x34\x36\x30\x37\x20\x33\x33\x2e\x32\x34\x38\
\x35\x20\x36\x31\x2e\x35\x34\x34\x32\x20\x33\x33\x2e\x32\x37\x36\
\x33\x20\x36\x31\x2e\x36\x33\x34\x31\x20\x33\x33\x2e\x33\x30\x34\
\x37\x43\x36\x31\x2e\x38\x30\x39\x39\x20\x33\x33\x2e\x33\x36\x30\
\x33\x20\x36\x32\x2e\x30\x33\x30\x38\x20\x33\x33\x2e\x34\x38\x31\
\x38\x20\x36\x32\x2e\x31\x37\x35\x38\x20\x33\x33\x2e\x35\x38\x30\
\x31\x43\x36\x32\x2e\x32\x32\x36\x38\x20\x33\x33\x2e\x36\x31\x34\
\x37\x20\x36\x32\x2e\x32\x37\x35\x36\x20\x33\x33\x2e\x36\x37\x31\
\x39\x20\x36\x32\x2e\x33\x32\x31\x39\x20\x33\x33\x2e\x37\x35\x32\
\x36\x43\x36\x32\x2e\x33\x36\x37\x35\x20\x33\x33\x2e\x38\x33\x32\
\x34\x20\x36\x32\x2e\x34\x30\x35\x35\x20\x33\x33\x2e\x39\x32\x35\
\x36\x20\x36\x32\x2e\x34\x34\x31\x35\x20\x33\x34\x2e\x30\x32\x33\
\x39\x43\x36\x32\x2e\x34\x38\x30\x36\x20\x33\x34\x2e\x31\x33\x30\
\x34\x20\x36\x32\x2e\x34\x35\x35\x34\x20\x33\x34\x2e\x32\x31\x33\
\x32\x20\x36\x32\x2e\x33\x39\x38\x35\x20\x33\x34\x2e\x32\x39\x31\
\x35\x43\x36\x32\x2e\x33\x33\x35\x36\x20\x33\x34\x2e\x33\x37\x38\
\x33\x20\x36\x32\x2e\x32\x34\x31\x35\x20\x33\x34\x2e\x34\x35\x30\
\x39\x20\x36\x32\x2e\x31\x33\x37\x39\x20\x33\x34\x2e\x35\x33\x38\
\x39\x43\x36\x32\x2e\x30\x38\x34\x31\x20\x33\x34\x2e\x35\x38\x34\
\x35\x20\x36\x31\x2e\x39\x39\x31\x34\x20\x33\x34\x2e\x36\x33\x35\
\x39\x20\x36\x31\x2e\x38\x31\x30\x38\x20\x33\x34\x2e\x37\x31\x31\
\x43\x36\x31\x2e\x36\x33\x32\x33\x20\x33\x34\x2e\x37\x38\x35\x33\
\x20\x36\x31\x2e\x33\x38\x34\x20\x33\x34\x2e\x38\x37\x36\x35\x20\
\x36\x31\x2e\x30\x33\x30\x37\x20\x33\x35\x2e\x30\x30\x36\x34\x43\
\x36\x30\x2e\x38\x36\x35\x32\x20\x33\x35\x2e\x30\x36\x37\x32\x20\
\x36\x30\x2e\x37\x31\x30\x31\x20\x33\x35\x2e\x31\x31\x34\x34\x20\
\x36\x30\x2e\x35\x36\x32\x32\x20\x33\x35\x2e\x31\x35\x37\x38\x43\
\x36\x30\x2e\x34\x31\x36\x31\x20\x33\x35\x2e\x32\x30\x30\x36\x20\
\x36\x30\x2e\x32\x37\x32\x31\x20\x33\x35\x2e\x32\x34\x31\x31\x20\
\x36\x30\x2e\x31\x33\x38\x37\x20\x33\x35\x2e\x32\x38\x35\x39\x43\
\x36\x30\x2e\x30\x37\x38\x33\x20\x33\x35\x2e\x33\x30\x36\x32\x20\
\x35\x39\x2e\x39\x39\x39\x36\x20\x33\x35\x2e\x33\x32\x30\x34\x20\
\x35\x39\x2e\x39\x30\x30\x35\x20\x33\x35\x2e\x33\x33\x35\x36\x43\
\x35\x39\x2e\x38\x30\x37\x31\x20\x33\x35\x2e\x33\x34\x39\x39\x20\
\x35\x39\x2e\x36\x39\x34\x38\x20\x33\x35\x2e\x33\x36\x35\x32\x20\
\x35\x39\x2e\x35\x39\x30\x38\x20\x33\x35\x2e\x33\x38\x38\x37\x43\
\x35\x39\x2e\x34\x38\x37\x39\x20\x33\x35\x2e\x34\x31\x31\x39\x20\
\x35\x39\x2e\x33\x37\x32\x31\x20\x33\x35\x2e\x34\x33\x32\x38\x20\
\x35\x39\x2e\x32\x35\x34\x35\x20\x33\x35\x2e\x34\x35\x33\x38\x43\
\x35\x39\x2e\x31\x33\x39\x31\x20\x33\x35\x2e\x34\x37\x34\x34\x20\
\x35\x39\x2e\x30\x32\x30\x34\x20\x33\x35\x2e\x34\x39\x35\x34\x20\
\x35\x38\x2e\x39\x31\x39\x37\x20\x33\x35\x2e\x35\x31\x38\x31\x43\
\x35\x38\x2e\x38\x33\x30\x36\x20\x33\x35\x2e\x35\x33\x38\x32\x20\
\x35\x38\x2e\x37\x33\x30\x32\x20\x33\x35\x2e\x35\x35\x30\x38\x20\
\x35\x38\x2e\x36\x31\x35\x33\x20\x33\x35\x2e\x35\x36\x34\x31\x43\
\x35\x38\x2e\x35\x30\x33\x37\x20\x33\x35\x2e\x35\x37\x37\x31\x20\
\x35\x38\x2e\x33\x37\x38\x37\x20\x33\x35\x2e\x35\x39\x30\x37\x20\
\x35\x38\x2e\x32\x35\x35\x35\x20\x33\x35\x2e\x36\x31\x33\x38\x43\
\x35\x37\x2e\x39\x36\x34\x36\x20\x33\x35\x2e\x36\x36\x38\x32\x20\
\x35\x37\x2e\x36\x37\x38\x32\x20\x33\x35\x2e\x37\x30\x39\x37\x20\
\x35\x37\x2e\x33\x37\x36\x31\x20\x33\x35\x2e\x37\x35\x32\x35\x43\
\x35\x37\x2e\x31\x36\x34\x31\x20\x33\x35\x2e\x37\x38\x32\x36\x20\
\x35\x36\x2e\x39\x38\x30\x32\x20\x33\x35\x2e\x38\x31\x35\x35\x20\
\x35\x36\x2e\x38\x30\x39\x32\x20\x33\x35\x2e\x38\x34\x36\x36\x43\
\x35\x36\x2e\x36\x33\x37\x34\x20\x33\x35\x2e\x38\x37\x37\x38\x20\
\x35\x36\x2e\x34\x38\x30\x32\x20\x33\x35\x2e\x39\x30\x36\x39\x20\
\x35\x36\x2e\x33\x31\x36\x20\x33\x35\x2e\x39\x33\x30\x38\x43\x35\
\x36\x2e\x31\x39\x31\x38\x20\x33\x35\x2e\x39\x34\x38\x38\x20\x35\
\x36\x2e\x30\x37\x39\x36\x20\x33\x35\x2e\x39\x35\x33\x20\x35\x35\
\x2e\x38\x36\x37\x39\x20\x33\x35\x2e\x39\x35\x34\x43\x35\x35\x2e\
\x36\x35\x37\x20\x33\x35\x2e\x39\x35\x35\x20\x35\x35\x2e\x33\x35\
\x32\x31\x20\x33\x35\x2e\x39\x35\x33\x31\x20\x35\x34\x2e\x38\x35\
\x35\x33\x20\x33\x35\x2e\x39\x36\x31\x32\x43\x35\x33\x2e\x39\x30\
\x36\x38\x20\x33\x35\x2e\x39\x37\x36\x37\x20\x35\x32\x2e\x30\x34\
\x36\x20\x33\x35\x2e\x39\x36\x36\x36\x20\x35\x31\x2e\x30\x30\x39\
\x31\x20\x33\x35\x2e\x39\x35\x30\x36\x43\x35\x30\x2e\x34\x31\x34\
\x37\x20\x33\x35\x2e\x39\x34\x31\x34\x20\x35\x30\x2e\x30\x36\x35\
\x35\x20\x33\x35\x2e\x39\x31\x38\x38\x20\x34\x39\x2e\x38\x34\x39\
\x34\x20\x33\x35\x2e\x38\x39\x36\x32\x43\x34\x39\x2e\x36\x32\x39\
\x31\x20\x33\x35\x2e\x38\x37\x33\x33\x20\x34\x39\x2e\x35\x35\x39\
\x34\x20\x33\x35\x2e\x38\x35\x32\x39\x20\x34\x39\x2e\x34\x36\x39\
\x36\x20\x33\x35\x2e\x38\x33\x39\x35\x43\x34\x39\x2e\x31\x31\x35\
\x36\x20\x33\x35\x2e\x37\x38\x36\x37\x20\x34\x38\x2e\x38\x35\x36\
\x38\x20\x33\x35\x2e\x37\x34\x33\x32\x20\x34\x38\x2e\x35\x38\x36\
\x34\x20\x33\x35\x2e\x36\x38\x35\x33\x43\x34\x38\x2e\x33\x32\x32\
\x38\x20\x33\x35\x2e\x36\x32\x38\x39\x20\x34\x38\x2e\x31\x37\x30\
\x32\x20\x33\x35\x2e\x35\x37\x37\x32\x20\x34\x38\x2e\x30\x31\x34\
\x38\x20\x33\x35\x2e\x35\x32\x33\x39\x43\x34\x37\x2e\x38\x37\x34\
\x32\x20\x33\x35\x2e\x34\x37\x35\x37\x20\x34\x37\x2e\x37\x32\x33\
\x36\x20\x33\x35\x2e\x34\x30\x35\x31\x20\x34\x37\x2e\x35\x37\x35\
\x20\x33\x35\x2e\x33\x31\x33\x35\x43\x34\x37\x2e\x35\x30\x33\x38\
\x20\x33\x35\x2e\x32\x36\x39\x37\x20\x34\x37\x2e\x34\x30\x34\x20\
\x33\x35\x2e\x31\x38\x31\x35\x20\x34\x37\x2e\x32\x38\x30\x31\x20\
\x33\x35\x2e\x30\x37\x31\x32\x43\x34\x37\x2e\x31\x36\x33\x32\x20\
\x33\x34\x2e\x39\x36\x37\x32\x20\x34\x37\x2e\x30\x32\x39\x20\x33\
\x34\x2e\x38\x34\x37\x36\x20\x34\x36\x2e\x39\x30\x33\x34\x20\x33\
\x34\x2e\x37\x36\x32\x31\x43\x34\x36\x2e\x37\x30\x30\x34\x20\x33\
\x34\x2e\x36\x32\x33\x39\x20\x34\x36\x2e\x34\x38\x32\x35\x20\x33\
\x34\x2e\x35\x38\x36\x34\x20\x34\x36\x2e\x32\x39\x38\x39\x20\x33\
\x34\x2e\x35\x32\x39\x39\x4c\x34\x36\x2e\x32\x38\x37\x32\x20\x33\
\x34\x2e\x35\x32\x36\x34\x4c\x34\x36\x2e\x32\x37\x35\x20\x33\x34\
\x2e\x35\x32\x34\x33\x4c\x34\x36\x2e\x32\x34\x32\x33\x20\x33\x34\
\x2e\x35\x31\x39\x35\x43\x34\x36\x2e\x32\x30\x39\x37\x20\x33\x34\
\x2e\x35\x31\x35\x35\x20\x34\x36\x2e\x31\x37\x37\x37\x20\x33\x34\
\x2e\x35\x31\x33\x33\x20\x34\x36\x2e\x31\x35\x30\x34\x20\x33\x34\
\x2e\x35\x31\x31\x37\x43\x34\x36\x2e\x31\x30\x39\x36\x20\x33\x34\
\x2e\x35\x30\x39\x33\x20\x34\x36\x2e\x30\x38\x32\x36\x20\x33\x34\
\x2e\x35\x30\x38\x35\x20\x34\x36\x2e\x30\x35\x36\x36\x20\x33\x34\
\x2e\x35\x30\x36\x31\x43\x34\x36\x2e\x30\x31\x34\x35\x20\x33\x34\
\x2e\x35\x30\x32\x34\x20\x34\x35\x2e\x39\x38\x38\x37\x20\x33\x34\
\x2e\x34\x39\x35\x35\x20\x34\x35\x2e\x39\x35\x30\x34\x20\x33\x34\
\x2e\x34\x38\x35\x43\x34\x35\x2e\x38\x36\x37\x37\x20\x33\x34\x2e\
\x34\x36\x32\x35\x20\x34\x35\x2e\x37\x37\x38\x33\x20\x33\x34\x2e\
\x34\x39\x39\x20\x34\x35\x2e\x37\x35\x30\x37\x20\x33\x34\x2e\x35\
\x36\x36\x38\x43\x34\x35\x2e\x37\x32\x33\x31\x20\x33\x34\x2e\x36\
\x33\x34\x36\x20\x34\x35\x2e\x37\x36\x37\x38\x20\x33\x34\x2e\x37\
\x30\x37\x39\x20\x34\x35\x2e\x38\x35\x30\x34\x20\x33\x34\x2e\x37\
\x33\x30\x35\x43\x34\x35\x2e\x38\x39\x32\x35\x20\x33\x34\x2e\x37\
\x34\x32\x20\x34\x35\x2e\x39\x34\x35\x31\x20\x33\x34\x2e\x37\x35\
\x36\x36\x20\x34\x36\x2e\x30\x32\x32\x35\x20\x33\x34\x2e\x37\x36\
\x33\x35\x43\x34\x36\x2e\x30\x35\x36\x33\x20\x33\x34\x2e\x37\x36\
\x36\x35\x20\x34\x36\x2e\x30\x39\x38\x33\x20\x33\x34\x2e\x37\x36\
\x38\x32\x20\x34\x36\x2e\x31\x32\x38\x20\x33\x34\x2e\x37\x36\x39\
\x39\x43\x34\x36\x2e\x31\x35\x37\x37\x20\x33\x34\x2e\x37\x37\x31\
\x36\x20\x34\x36\x2e\x31\x38\x32\x35\x20\x33\x34\x2e\x37\x37\x33\
\x38\x20\x34\x36\x2e\x32\x30\x33\x31\x20\x33\x34\x2e\x37\x37\x36\
\x37\x43\x34\x36\x2e\x34\x33\x30\x37\x20\x33\x34\x2e\x38\x34\x35\
\x37\x20\x34\x36\x2e\x35\x35\x36\x31\x20\x33\x34\x2e\x38\x36\x32\
\x32\x20\x34\x36\x2e\x37\x30\x31\x35\x20\x33\x34\x2e\x39\x36\x31\
\x31\x43\x34\x36\x2e\x38\x30\x37\x36\x20\x33\x35\x2e\x30\x33\x33\
\x33\x20\x34\x36\x2e\x39\x32\x36\x37\x20\x33\x35\x2e\x31\x33\x38\
\x37\x20\x34\x37\x2e\x30\x34\x37\x39\x20\x33\x35\x2e\x32\x34\x36\
\x35\x43\x34\x37\x2e\x31\x36\x32\x20\x33\x35\x2e\x33\x34\x38\x31\
\x20\x34\x37\x2e\x32\x38\x35\x32\x20\x33\x35\x2e\x34\x35\x38\x37\
\x20\x34\x37\x2e\x33\x38\x35\x33\x20\x33\x35\x2e\x35\x32\x30\x34\
\x43\x34\x37\x2e\x35\x35\x32\x38\x20\x33\x35\x2e\x36\x32\x33\x36\
\x20\x34\x37\x2e\x37\x32\x36\x20\x33\x35\x2e\x37\x30\x35\x34\x20\
\x34\x37\x2e\x38\x39\x32\x39\x20\x33\x35\x2e\x37\x36\x32\x37\x43\
\x34\x38\x2e\x30\x35\x33\x37\x20\x33\x35\x2e\x38\x31\x37\x38\x20\
\x34\x38\x2e\x32\x32\x32\x20\x33\x35\x2e\x38\x37\x34\x39\x20\x34\
\x38\x2e\x35\x30\x36\x37\x20\x33\x35\x2e\x39\x33\x35\x38\x4c\x34\
\x38\x2e\x36\x31\x31\x39\x20\x33\x35\x2e\x39\x35\x37\x37\x43\x34\
\x38\x2e\x38\x35\x36\x35\x20\x33\x36\x2e\x30\x30\x37\x33\x20\x34\
\x39\x2e\x31\x30\x30\x35\x20\x33\x36\x2e\x30\x34\x37\x35\x20\x34\
\x39\x2e\x34\x31\x33\x31\x20\x33\x36\x2e\x30\x39\x34\x32\x43\x34\
\x39\x2e\x34\x36\x37\x36\x20\x33\x36\x2e\x31\x30\x32\x33\x20\x34\
\x39\x2e\x35\x38\x32\x37\x20\x33\x36\x2e\x31\x32\x39\x33\x20\x34\
\x39\x2e\x38\x30\x39\x36\x20\x33\x36\x2e\x31\x35\x32\x39\x43\x35\
\x30\x2e\x30\x34\x30\x39\x20\x33\x36\x2e\x31\x37\x37\x20\x35\x30\
\x2e\x34\x30\x32\x31\x20\x33\x36\x2e\x32\x30\x30\x32\x20\x35\x31\
\x2e\x30\x30\x33\x20\x33\x36\x2e\x32\x30\x39\x34\x43\x35\x32\x2e\
\x30\x34\x31\x38\x20\x33\x36\x2e\x32\x32\x35\x35\x20\x35\x33\x2e\
\x39\x30\x37\x33\x20\x33\x36\x2e\x32\x33\x35\x35\x20\x35\x34\x2e\
\x38\x36\x31\x37\x20\x33\x36\x2e\x32\x31\x39\x39\x43\x35\x35\x2e\
\x33\x35\x35\x35\x20\x33\x36\x2e\x32\x31\x31\x39\x20\x35\x35\x2e\
\x36\x35\x34\x39\x20\x33\x36\x2e\x32\x31\x33\x39\x20\x35\x35\x2e\
\x38\x36\x39\x37\x20\x33\x36\x2e\x32\x31\x32\x38\x43\x35\x36\x2e\
\x30\x38\x33\x37\x20\x33\x36\x2e\x32\x31\x31\x38\x20\x35\x36\x2e\
\x32\x31\x38\x38\x20\x33\x36\x2e\x32\x30\x37\x38\x20\x35\x36\x2e\
\x33\x37\x31\x32\x20\x33\x36\x2e\x31\x38\x35\x37\x43\x35\x36\x2e\
\x35\x34\x33\x35\x20\x33\x36\x2e\x31\x36\x30\x37\x20\x35\x36\x2e\
\x37\x30\x38\x20\x33\x36\x2e\x31\x33\x30\x32\x20\x35\x36\x2e\x38\
\x37\x37\x36\x20\x33\x36\x2e\x30\x39\x39\x33\x43\x35\x37\x2e\x30\
\x34\x38\x31\x20\x33\x36\x2e\x30\x36\x38\x34\x20\x35\x37\x2e\x32\
\x32\x35\x37\x20\x33\x36\x2e\x30\x33\x36\x36\x20\x35\x37\x2e\x34\
\x32\x39\x39\x20\x33\x36\x2e\x30\x30\x37\x36\x43\x35\x37\x2e\x37\
\x33\x31\x37\x20\x33\x35\x2e\x39\x36\x34\x38\x20\x35\x38\x2e\x30\
\x32\x35\x38\x20\x33\x35\x2e\x39\x32\x32\x33\x20\x35\x38\x2e\x33\
\x32\x35\x38\x20\x33\x35\x2e\x38\x36\x36\x32\x43\x35\x38\x2e\x34\
\x33\x33\x33\x20\x33\x35\x2e\x38\x34\x36\x31\x20\x35\x38\x2e\x35\
\x34\x33\x36\x20\x33\x35\x2e\x38\x33\x33\x39\x20\x35\x38\x2e\x36\
\x35\x39\x35\x20\x33\x35\x2e\x38\x32\x30\x34\x43\x35\x38\x2e\x37\
\x37\x32\x33\x20\x33\x35\x2e\x38\x30\x37\x33\x20\x35\x38\x2e\x38\
\x39\x32\x20\x33\x35\x2e\x37\x39\x32\x38\x20\x35\x39\x2e\x30\x30\
\x33\x34\x20\x33\x35\x2e\x37\x36\x37\x37\x43\x35\x39\x2e\x30\x39\
\x34\x31\x20\x33\x35\x2e\x37\x34\x37\x33\x20\x35\x39\x2e\x32\x30\
\x33\x34\x20\x33\x35\x2e\x37\x32\x37\x38\x20\x35\x39\x2e\x33\x32\
\x31\x37\x20\x33\x35\x2e\x37\x30\x36\x37\x43\x35\x39\x2e\x34\x33\
\x37\x39\x20\x33\x35\x2e\x36\x38\x35\x39\x20\x35\x39\x2e\x35\x36\
\x32\x20\x33\x35\x2e\x36\x36\x33\x37\x20\x35\x39\x2e\x36\x37\x34\
\x35\x20\x33\x35\x2e\x36\x33\x38\x33\x43\x35\x39\x2e\x37\x36\x32\
\x20\x33\x35\x2e\x36\x31\x38\x36\x20\x35\x39\x2e\x38\x35\x35\x35\
\x20\x33\x35\x2e\x36\x30\x35\x38\x20\x35\x39\x2e\x39\x35\x38\x36\
\x20\x33\x35\x2e\x35\x39\x43\x36\x30\x2e\x30\x35\x35\x39\x20\x33\
\x35\x2e\x35\x37\x35\x31\x20\x36\x30\x2e\x31\x36\x34\x35\x20\x33\
\x35\x2e\x35\x35\x36\x39\x20\x36\x30\x2e\x32\x35\x38\x35\x20\x33\
\x35\x2e\x35\x32\x35\x33\x43\x36\x30\x2e\x33\x38\x33\x31\x20\x33\
\x35\x2e\x34\x38\x33\x34\x20\x36\x30\x2e\x35\x31\x36\x34\x20\x33\
\x35\x2e\x34\x34\x36\x32\x20\x36\x30\x2e\x36\x36\x38\x36\x20\x33\
\x35\x2e\x34\x30\x31\x36\x43\x36\x30\x2e\x38\x31\x38\x39\x20\x33\
\x35\x2e\x33\x35\x37\x35\x20\x36\x30\x2e\x39\x38\x33\x31\x20\x33\
\x35\x2e\x33\x30\x37\x35\x20\x36\x31\x2e\x31\x35\x39\x39\x20\x33\
\x35\x2e\x32\x34\x32\x36\x43\x36\x31\x2e\x35\x31\x20\x33\x35\x2e\
\x31\x31\x33\x39\x20\x36\x31\x2e\x37\x36\x36\x38\x20\x33\x35\x2e\
\x30\x31\x39\x36\x20\x36\x31\x2e\x39\x35\x33\x38\x20\x33\x34\x2e\
\x39\x34\x31\x38\x43\x36\x32\x2e\x31\x33\x38\x37\x20\x33\x34\x2e\
\x38\x36\x34\x39\x20\x36\x32\x2e\x32\x37\x32\x32\x20\x33\x34\x2e\
\x37\x39\x37\x34\x20\x36\x32\x2e\x33\x36\x35\x20\x33\x34\x2e\x37\
\x31\x38\x36\x43\x36\x32\x2e\x34\x35\x32\x32\x20\x33\x34\x2e\x36\
\x34\x34\x36\x20\x36\x32\x2e\x35\x38\x32\x39\x20\x33\x34\x2e\x35\
\x34\x33\x37\x20\x36\x32\x2e\x36\x36\x39\x39\x20\x33\x34\x2e\x34\
\x32\x33\x39\x43\x36\x32\x2e\x37\x36\x33\x20\x33\x34\x2e\x32\x39\
\x35\x36\x20\x36\x32\x2e\x38\x31\x33\x20\x33\x34\x2e\x31\x33\x38\
\x32\x20\x36\x32\x2e\x37\x34\x33\x39\x20\x33\x33\x2e\x39\x34\x39\
\x36\x43\x36\x32\x2e\x37\x30\x36\x39\x20\x33\x33\x2e\x38\x34\x38\
\x34\x20\x36\x32\x2e\x36\x36\x33\x36\x20\x33\x33\x2e\x37\x34\x30\
\x34\x20\x36\x32\x2e\x36\x30\x37\x38\x20\x33\x33\x2e\x36\x34\x32\
\x38\x43\x36\x32\x2e\x35\x35\x32\x35\x20\x33\x33\x2e\x35\x34\x36\
\x33\x20\x36\x32\x2e\x34\x37\x39\x34\x20\x33\x33\x2e\x34\x35\x30\
\x31\x20\x36\x32\x2e\x33\x37\x37\x31\x20\x33\x33\x2e\x33\x38\x30\
\x37\x43\x36\x32\x2e\x32\x31\x39\x20\x33\x33\x2e\x32\x37\x33\x36\
\x20\x36\x31\x2e\x39\x36\x38\x20\x33\x33\x2e\x31\x33\x32\x39\x20\
\x36\x31\x2e\x37\x34\x37\x36\x20\x33\x33\x2e\x30\x36\x33\x32\x43\
\x36\x31\x2e\x36\x36\x36\x20\x33\x33\x2e\x30\x33\x37\x34\x20\x36\
\x31\x2e\x35\x37\x31\x38\x20\x33\x33\x2e\x30\x30\x36\x31\x20\x36\
\x31\x2e\x34\x38\x37\x37\x20\x33\x32\x2e\x39\x38\x31\x33\x43\x36\
\x31\x2e\x34\x30\x34\x39\x20\x33\x32\x2e\x39\x35\x36\x39\x20\x36\
\x31\x2e\x33\x31\x34\x31\x20\x33\x32\x2e\x39\x33\x33\x32\x20\x36\
\x31\x2e\x32\x33\x35\x20\x33\x32\x2e\x39\x32\x36\x31\x5a\x4d\x36\
\x30\x2e\x37\x30\x37\x34\x20\x33\x34\x2e\x32\x36\x36\x31\x43\x36\
\x30\x2e\x36\x35\x31\x37\x20\x33\x34\x2e\x32\x31\x31\x32\x20\x36\
\x30\x2e\x35\x35\x32\x31\x20\x33\x34\x2e\x32\x30\x33\x38\x20\x36\
\x30\x2e\x34\x38\x35\x31\x20\x33\x34\x2e\x32\x34\x39\x35\x43\x36\
\x30\x2e\x34\x31\x30\x35\x20\x33\x34\x2e\x33\x30\x30\x33\x20\x36\
\x30\x2e\x33\x38\x31\x39\x20\x33\x34\x2e\x33\x31\x34\x39\x20\x36\
\x30\x2e\x33\x34\x33\x38\x20\x33\x34\x2e\x33\x33\x30\x35\x43\x36\
\x30\x2e\x32\x39\x38\x31\x20\x33\x34\x2e\x33\x34\x39\x31\x20\x36\
\x30\x2e\x32\x33\x38\x39\x20\x33\x34\x2e\x33\x36\x38\x36\x20\x36\
\x30\x2e\x31\x38\x37\x38\x20\x33\x34\x2e\x33\x38\x34\x33\x4c\x36\
\x30\x2e\x31\x38\x36\x38\x20\x33\x34\x2e\x33\x38\x34\x37\x43\x36\
\x30\x2e\x30\x38\x33\x34\x20\x33\x34\x2e\x34\x31\x37\x31\x20\x35\
\x39\x2e\x39\x35\x34\x20\x33\x34\x2e\x34\x34\x36\x31\x20\x35\x39\
\x2e\x38\x30\x37\x33\x20\x33\x34\x2e\x34\x37\x38\x37\x43\x35\x39\
\x2e\x36\x36\x34\x32\x20\x33\x34\x2e\x35\x31\x30\x36\x20\x35\x39\
\x2e\x35\x30\x36\x36\x20\x33\x34\x2e\x35\x34\x35\x35\x20\x35\x39\
\x2e\x33\x36\x30\x34\x20\x33\x34\x2e\x35\x38\x38\x37\x43\x35\x39\
\x2e\x31\x32\x35\x32\x20\x33\x34\x2e\x36\x35\x38\x31\x20\x35\x38\
\x2e\x38\x38\x31\x33\x20\x33\x34\x2e\x37\x32\x35\x38\x20\x35\x38\
\x2e\x35\x38\x35\x32\x20\x33\x34\x2e\x37\x36\x36\x31\x43\x35\x38\
\x2e\x33\x31\x37\x33\x20\x33\x34\x2e\x38\x30\x32\x36\x20\x35\x37\
\x2e\x38\x37\x39\x38\x20\x33\x34\x2e\x38\x35\x32\x33\x20\x35\x37\
\x2e\x35\x38\x38\x39\x20\x33\x34\x2e\x39\x30\x37\x38\x43\x35\x37\
\x2e\x33\x39\x33\x38\x20\x33\x34\x2e\x39\x34\x35\x20\x35\x37\x2e\
\x31\x34\x37\x34\x20\x33\x35\x2e\x30\x30\x36\x20\x35\x36\x2e\x35\
\x31\x32\x32\x20\x33\x35\x2e\x30\x31\x37\x38\x43\x35\x36\x2e\x32\
\x31\x37\x31\x20\x33\x35\x2e\x30\x32\x33\x32\x20\x35\x35\x2e\x39\
\x33\x37\x20\x33\x35\x2e\x30\x34\x33\x20\x35\x35\x2e\x36\x37\x39\
\x34\x20\x33\x35\x2e\x30\x36\x32\x39\x43\x35\x35\x2e\x34\x31\x39\
\x38\x20\x33\x35\x2e\x30\x38\x32\x39\x20\x35\x35\x2e\x31\x38\x37\
\x20\x33\x35\x2e\x31\x30\x32\x37\x20\x35\x34\x2e\x39\x37\x37\x20\
\x33\x35\x2e\x31\x30\x39\x35\x43\x35\x34\x2e\x37\x32\x34\x39\x20\
\x33\x35\x2e\x31\x31\x37\x37\x20\x35\x34\x2e\x34\x37\x37\x34\x20\
\x33\x35\x2e\x31\x34\x30\x32\x20\x35\x34\x2e\x32\x31\x37\x35\x20\
\x33\x35\x2e\x31\x36\x31\x31\x43\x35\x33\x2e\x39\x35\x36\x31\x20\
\x33\x35\x2e\x31\x38\x32\x31\x20\x35\x33\x2e\x36\x37\x36\x37\x20\
\x33\x35\x2e\x32\x30\x31\x38\x20\x35\x33\x2e\x33\x35\x31\x20\x33\
\x35\x2e\x32\x30\x36\x34\x43\x35\x32\x2e\x32\x32\x31\x35\x20\x33\
\x35\x2e\x32\x32\x32\x34\x20\x35\x31\x2e\x35\x31\x38\x32\x20\x33\
\x35\x2e\x32\x32\x32\x35\x20\x35\x31\x2e\x34\x36\x36\x37\x20\x33\
\x35\x2e\x32\x32\x32\x35\x43\x35\x31\x2e\x33\x37\x39\x36\x20\x33\
\x35\x2e\x32\x32\x32\x35\x20\x35\x31\x2e\x33\x30\x38\x38\x20\x33\
\x35\x2e\x32\x38\x30\x34\x20\x35\x31\x2e\x33\x30\x38\x38\x20\x33\
\x35\x2e\x33\x35\x31\x39\x43\x35\x31\x2e\x33\x30\x38\x38\x20\x33\
\x35\x2e\x34\x32\x33\x34\x20\x35\x31\x2e\x33\x37\x39\x36\x20\x33\
\x35\x2e\x34\x38\x31\x33\x20\x35\x31\x2e\x34\x36\x36\x37\x20\x33\
\x35\x2e\x34\x38\x31\x33\x43\x35\x31\x2e\x35\x31\x39\x35\x20\x33\
\x35\x2e\x34\x38\x31\x33\x20\x35\x32\x2e\x32\x32\x34\x37\x20\x33\
\x35\x2e\x34\x38\x31\x33\x20\x35\x33\x2e\x33\x35\x36\x34\x20\x33\
\x35\x2e\x34\x36\x35\x33\x43\x35\x33\x2e\x36\x39\x34\x38\x20\x33\
\x35\x2e\x34\x36\x30\x35\x20\x35\x33\x2e\x39\x38\x34\x31\x20\x33\
\x35\x2e\x34\x33\x39\x38\x20\x35\x34\x2e\x32\x34\x38\x32\x20\x33\
\x35\x2e\x34\x31\x38\x36\x43\x35\x34\x2e\x35\x31\x33\x39\x20\x33\
\x35\x2e\x33\x39\x37\x33\x20\x35\x34\x2e\x37\x34\x39\x31\x20\x33\
\x35\x2e\x33\x37\x35\x39\x20\x35\x34\x2e\x39\x38\x39\x35\x20\x33\
\x35\x2e\x33\x36\x38\x31\x43\x35\x35\x2e\x32\x31\x30\x35\x20\x33\
\x35\x2e\x33\x36\x30\x39\x20\x35\x35\x2e\x34\x35\x34\x38\x20\x33\
\x35\x2e\x33\x34\x30\x32\x20\x35\x35\x2e\x37\x30\x39\x20\x33\x35\
\x2e\x33\x32\x30\x36\x43\x35\x35\x2e\x39\x36\x35\x35\x20\x33\x35\
\x2e\x33\x30\x30\x38\x20\x35\x36\x2e\x32\x33\x36\x32\x20\x33\x35\
\x2e\x32\x38\x31\x37\x20\x35\x36\x2e\x35\x31\x39\x33\x20\x33\x35\
\x2e\x32\x37\x36\x35\x43\x35\x37\x2e\x31\x38\x37\x31\x20\x33\x35\
\x2e\x32\x36\x34\x31\x20\x35\x37\x2e\x34\x35\x38\x37\x20\x33\x35\
\x2e\x31\x39\x38\x34\x20\x35\x37\x2e\x36\x36\x30\x34\x20\x33\x35\
\x2e\x31\x35\x39\x39\x43\x35\x37\x2e\x39\x33\x38\x32\x20\x33\x35\
\x2e\x31\x30\x36\x39\x20\x35\x38\x2e\x33\x35\x32\x39\x20\x33\x35\
\x2e\x30\x36\x20\x35\x38\x2e\x36\x33\x36\x39\x20\x33\x35\x2e\x30\
\x32\x31\x34\x43\x35\x38\x2e\x39\x36\x32\x33\x20\x33\x34\x2e\x39\
\x37\x37\x32\x20\x35\x39\x2e\x32\x32\x38\x32\x20\x33\x34\x2e\x39\
\x30\x32\x38\x20\x35\x39\x2e\x34\x36\x37\x34\x20\x33\x34\x2e\x38\
\x33\x32\x32\x43\x35\x39\x2e\x35\x39\x39\x35\x20\x33\x34\x2e\x37\
\x39\x33\x32\x20\x35\x39\x2e\x37\x34\x34\x33\x20\x33\x34\x2e\x37\
\x36\x31\x20\x35\x39\x2e\x38\x39\x20\x33\x34\x2e\x37\x32\x38\x36\
\x43\x36\x30\x2e\x30\x33\x31\x37\x20\x33\x34\x2e\x36\x39\x37\x20\
\x36\x30\x2e\x31\x37\x37\x34\x20\x33\x34\x2e\x36\x36\x34\x35\x20\
\x36\x30\x2e\x32\x39\x38\x35\x20\x33\x34\x2e\x36\x32\x36\x36\x4c\
\x36\x30\x2e\x32\x39\x38\x36\x20\x33\x34\x2e\x36\x32\x36\x37\x43\
\x36\x30\x2e\x33\x35\x32\x39\x20\x33\x34\x2e\x36\x31\x30\x31\x20\
\x36\x30\x2e\x34\x32\x34\x31\x20\x33\x34\x2e\x35\x38\x36\x38\x20\
\x36\x30\x2e\x34\x38\x34\x36\x20\x33\x34\x2e\x35\x36\x32\x31\x43\
\x36\x30\x2e\x35\x35\x32\x36\x20\x33\x34\x2e\x35\x33\x34\x34\x20\
\x36\x30\x2e\x36\x30\x32\x33\x20\x33\x34\x2e\x35\x30\x36\x32\x20\
\x36\x30\x2e\x36\x38\x37\x31\x20\x33\x34\x2e\x34\x34\x38\x34\x43\
\x36\x30\x2e\x37\x35\x34\x31\x20\x33\x34\x2e\x34\x30\x32\x37\x20\
\x36\x30\x2e\x37\x36\x33\x32\x20\x33\x34\x2e\x33\x32\x31\x31\x20\
\x36\x30\x2e\x37\x30\x37\x34\x20\x33\x34\x2e\x32\x36\x36\x31\x5a\
\x4d\x36\x30\x2e\x37\x33\x37\x32\x20\x33\x33\x2e\x31\x38\x39\x37\
\x43\x36\x30\x2e\x36\x37\x35\x35\x20\x33\x33\x2e\x31\x33\x39\x32\
\x20\x36\x30\x2e\x35\x37\x35\x36\x20\x33\x33\x2e\x31\x33\x39\x32\
\x20\x36\x30\x2e\x35\x31\x33\x39\x20\x33\x33\x2e\x31\x38\x39\x37\
\x43\x36\x30\x2e\x34\x34\x37\x36\x20\x33\x33\x2e\x32\x34\x34\x20\
\x36\x30\x2e\x33\x38\x38\x34\x20\x33\x33\x2e\x32\x39\x32\x32\x20\
\x36\x30\x2e\x33\x34\x31\x34\x20\x33\x33\x2e\x33\x32\x36\x32\x43\
\x36\x30\x2e\x31\x37\x38\x20\x33\x33\x2e\x34\x32\x32\x39\x20\x35\
\x39\x2e\x39\x30\x36\x36\x20\x33\x33\x2e\x35\x34\x34\x32\x20\x35\
\x39\x2e\x36\x37\x37\x20\x33\x33\x2e\x36\x35\x34\x39\x43\x35\x39\
\x2e\x35\x32\x37\x35\x20\x33\x33\x2e\x37\x32\x36\x32\x20\x35\x39\
\x2e\x30\x32\x36\x36\x20\x33\x33\x2e\x39\x32\x38\x38\x20\x35\x38\
\x2e\x35\x36\x30\x31\x20\x33\x34\x2e\x30\x32\x34\x43\x35\x38\x2e\
\x33\x30\x34\x38\x20\x33\x34\x2e\x30\x37\x36\x31\x20\x35\x37\x2e\
\x38\x39\x37\x38\x20\x33\x34\x2e\x32\x32\x36\x36\x20\x35\x37\x2e\
\x30\x31\x34\x37\x20\x33\x34\x2e\x32\x36\x33\x43\x35\x36\x2e\x35\
\x20\x33\x34\x2e\x32\x38\x34\x32\x20\x35\x36\x2e\x31\x36\x31\x37\
\x20\x33\x34\x2e\x32\x38\x34\x32\x20\x35\x36\x2e\x30\x30\x36\x37\
\x20\x33\x34\x2e\x32\x38\x34\x32\x43\x35\x35\x2e\x39\x31\x39\x35\
\x20\x33\x34\x2e\x32\x38\x34\x32\x20\x35\x35\x2e\x38\x34\x38\x38\
\x20\x33\x34\x2e\x33\x34\x32\x32\x20\x35\x35\x2e\x38\x34\x38\x38\
\x20\x33\x34\x2e\x34\x31\x33\x36\x43\x35\x35\x2e\x38\x34\x38\x38\
\x20\x33\x34\x2e\x34\x38\x35\x31\x20\x35\x35\x2e\x39\x31\x39\x35\
\x20\x33\x34\x2e\x35\x34\x33\x20\x35\x36\x2e\x30\x30\x36\x37\x20\
\x33\x34\x2e\x35\x34\x33\x31\x43\x35\x36\x2e\x31\x36\x34\x33\x20\
\x33\x34\x2e\x35\x34\x33\x31\x20\x35\x36\x2e\x35\x30\x38\x34\x20\
\x33\x34\x2e\x35\x34\x33\x31\x20\x35\x37\x2e\x30\x33\x30\x36\x20\
\x33\x34\x2e\x35\x32\x31\x36\x43\x35\x37\x2e\x39\x35\x34\x35\x20\
\x33\x34\x2e\x34\x38\x33\x35\x20\x35\x38\x2e\x34\x31\x36\x20\x33\
\x34\x2e\x33\x32\x30\x32\x20\x35\x38\x2e\x36\x33\x36\x34\x20\x33\
\x34\x2e\x32\x37\x35\x32\x43\x35\x39\x2e\x31\x34\x30\x31\x20\x33\
\x34\x2e\x31\x37\x32\x35\x20\x35\x39\x2e\x36\x36\x39\x20\x33\x33\
\x2e\x39\x35\x38\x33\x20\x35\x39\x2e\x38\x33\x35\x39\x20\x33\x33\
\x2e\x38\x37\x38\x38\x4c\x35\x39\x2e\x38\x33\x36\x36\x20\x33\x33\
\x2e\x38\x37\x38\x34\x43\x36\x30\x2e\x30\x35\x30\x35\x20\x33\x33\
\x2e\x37\x37\x35\x32\x20\x36\x30\x2e\x33\x35\x34\x31\x20\x33\x33\
\x2e\x36\x33\x39\x33\x20\x36\x30\x2e\x35\x33\x33\x36\x20\x33\x33\
\x2e\x35\x33\x31\x39\x4c\x36\x30\x2e\x35\x33\x39\x32\x20\x33\x33\
\x2e\x35\x32\x38\x36\x4c\x36\x30\x2e\x35\x34\x34\x34\x20\x33\x33\
\x2e\x35\x32\x34\x38\x43\x36\x30\x2e\x36\x30\x32\x31\x20\x33\x33\
\x2e\x34\x38\x33\x35\x20\x36\x30\x2e\x36\x37\x31\x35\x20\x33\x33\
\x2e\x34\x32\x36\x36\x20\x36\x30\x2e\x37\x33\x37\x32\x20\x33\x33\
\x2e\x33\x37\x32\x37\x43\x36\x30\x2e\x37\x39\x38\x39\x20\x33\x33\
\x2e\x33\x32\x32\x32\x20\x36\x30\x2e\x37\x39\x38\x39\x20\x33\x33\
\x2e\x32\x34\x30\x33\x20\x36\x30\x2e\x37\x33\x37\x32\x20\x33\x33\
\x2e\x31\x38\x39\x37\x5a\x4d\x35\x39\x2e\x32\x38\x33\x33\x20\x33\
\x32\x2e\x35\x36\x39\x34\x43\x35\x38\x2e\x35\x30\x36\x38\x20\x33\
\x32\x2e\x35\x36\x39\x34\x20\x35\x37\x2e\x37\x34\x36\x31\x20\x33\
\x32\x2e\x35\x36\x39\x34\x20\x35\x37\x2e\x32\x34\x32\x32\x20\x33\
\x32\x2e\x35\x39\x31\x37\x43\x35\x36\x2e\x37\x33\x33\x20\x33\x32\
\x2e\x36\x31\x34\x31\x20\x35\x36\x2e\x34\x38\x39\x39\x20\x33\x32\
\x2e\x36\x35\x38\x31\x20\x35\x36\x2e\x33\x34\x35\x33\x20\x33\x32\
\x2e\x36\x37\x39\x35\x43\x35\x36\x2e\x32\x30\x33\x34\x20\x33\x32\
\x2e\x37\x30\x30\x36\x20\x35\x36\x2e\x31\x34\x38\x32\x20\x33\x32\
\x2e\x37\x30\x31\x31\x20\x35\x35\x2e\x30\x35\x33\x37\x20\x33\x32\
\x2e\x38\x37\x37\x33\x43\x35\x33\x2e\x39\x36\x20\x33\x33\x2e\x30\
\x35\x33\x34\x20\x35\x31\x2e\x38\x38\x38\x33\x20\x33\x33\x2e\x33\
\x39\x35\x31\x20\x35\x30\x2e\x38\x32\x35\x37\x20\x33\x33\x2e\x35\
\x37\x31\x34\x43\x34\x39\x2e\x37\x36\x35\x38\x20\x33\x33\x2e\x37\
\x34\x37\x33\x20\x34\x39\x2e\x37\x30\x38\x36\x20\x33\x33\x2e\x37\
\x35\x38\x39\x20\x34\x39\x2e\x36\x35\x32\x20\x33\x33\x2e\x37\x37\
\x30\x35\x43\x34\x39\x2e\x35\x36\x37\x34\x20\x33\x33\x2e\x37\x38\
\x37\x38\x20\x34\x39\x2e\x35\x31\x36\x20\x33\x33\x2e\x38\x35\x38\
\x20\x34\x39\x2e\x35\x33\x37\x31\x20\x33\x33\x2e\x39\x32\x37\x33\
\x43\x34\x39\x2e\x35\x35\x38\x33\x20\x33\x33\x2e\x39\x39\x36\x36\
\x20\x34\x39\x2e\x36\x34\x33\x39\x20\x33\x34\x2e\x30\x33\x38\x38\
\x20\x34\x39\x2e\x37\x32\x38\x35\x20\x33\x34\x2e\x30\x32\x31\x35\
\x43\x34\x39\x2e\x37\x37\x36\x31\x20\x33\x34\x2e\x30\x31\x31\x37\
\x20\x34\x39\x2e\x38\x32\x33\x34\x20\x33\x34\x2e\x30\x30\x31\x38\
\x20\x35\x30\x2e\x38\x38\x38\x33\x20\x33\x33\x2e\x38\x32\x35\x31\
\x43\x35\x31\x2e\x39\x35\x30\x38\x20\x33\x33\x2e\x36\x34\x38\x37\
\x20\x35\x34\x2e\x30\x32\x31\x39\x20\x33\x33\x2e\x33\x30\x37\x31\
\x20\x35\x35\x2e\x31\x31\x34\x36\x20\x33\x33\x2e\x31\x33\x31\x32\
\x43\x35\x36\x2e\x32\x30\x35\x38\x20\x33\x32\x2e\x39\x35\x35\x35\
\x20\x35\x36\x2e\x32\x35\x35\x33\x20\x33\x32\x2e\x39\x35\x36\x20\
\x35\x36\x2e\x34\x30\x31\x34\x20\x33\x32\x2e\x39\x33\x34\x33\x43\
\x35\x36\x2e\x35\x34\x35\x20\x33\x32\x2e\x39\x31\x33\x20\x35\x36\
\x2e\x37\x37\x31\x33\x20\x33\x32\x2e\x38\x37\x31\x37\x20\x35\x37\
\x2e\x32\x35\x39\x32\x20\x33\x32\x2e\x38\x35\x30\x31\x43\x35\x37\
\x2e\x37\x35\x32\x35\x20\x33\x32\x2e\x38\x32\x38\x34\x20\x35\x38\
\x2e\x35\x30\x32\x39\x20\x33\x32\x2e\x38\x32\x38\x33\x20\x35\x39\
\x2e\x32\x38\x33\x33\x20\x33\x32\x2e\x38\x32\x38\x33\x43\x35\x39\
\x2e\x33\x37\x30\x35\x20\x33\x32\x2e\x38\x32\x38\x33\x20\x35\x39\
\x2e\x34\x34\x31\x32\x20\x33\x32\x2e\x37\x37\x30\x33\x20\x35\x39\
\x2e\x34\x34\x31\x32\x20\x33\x32\x2e\x36\x39\x38\x39\x43\x35\x39\
\x2e\x34\x34\x31\x32\x20\x33\x32\x2e\x36\x32\x37\x34\x20\x35\x39\
\x2e\x33\x37\x30\x35\x20\x33\x32\x2e\x35\x36\x39\x34\x20\x35\x39\
\x2e\x32\x38\x33\x33\x20\x33\x32\x2e\x35\x36\x39\x34\x5a\x22\x20\
\x73\x74\x72\x6f\x6b\x65\x3d\x22\x23\x31\x30\x32\x38\x33\x34\x22\
\x20\x73\x74\x72\x6f\x6b\x65\x2d\x77\x69\x64\x74\x68\x3d\x22\x30\
\x2e\x38\x33\x30\x30\x37\x38\x22\x2f\x3e\x0a\x3c\x70\x61\x74\x68\
\x20\x64\x3d\x22\x4d\x34\x32\x2e\x37\x39\x39\x37\x20\x32\x39\x2e\
\x30\x34\x32\x43\x34\x32\x2e\x38\x30\x31\x39\x20\x32\x39\x2e\x30\
\x34\x32\x36\x20\x34\x32\x2e\x38\x30\x34\x31\x20\x32\x39\x2e\x30\
\x34\x33\x32\x20\x34\x32\x2e\x38\x30\x36\x33\x20\x32\x39\x2e\x30\
\x34\x33\x38\x43\x34\x32\x2e\x38\x30\x34\x38\x20\x32\x39\x2e\x30\
\x34\x37\x39\x20\x34\x32\x2e\x38\x30\x33\x35\x20\x32\x39\x2e\x30\
\x35\x32\x20\x34\x32\x2e\x38\x30\x32\x35\x20\x32\x39\x2e\x30\x35\
\x35\x39\x43\x34\x32\x2e\x37\x39\x36\x20\x32\x39\x2e\x30\x35\x31\
\x34\x20\x34\x32\x2e\x37\x38\x39\x39\x20\x32\x39\x2e\x30\x34\x36\
\x36\x20\x34\x32\x2e\x37\x38\x34\x20\x32\x39\x2e\x30\x34\x31\x38\
\x43\x34\x32\x2e\x37\x39\x33\x37\x20\x32\x39\x2e\x30\x34\x31\x33\
\x20\x34\x32\x2e\x37\x39\x38\x39\x20\x32\x39\x2e\x30\x34\x32\x20\
\x34\x32\x2e\x37\x39\x39\x37\x20\x32\x39\x2e\x30\x34\x32\x5a\x22\
\x20\x73\x74\x72\x6f\x6b\x65\x3d\x22\x23\x31\x30\x32\x38\x33\x34\
\x22\x20\x73\x74\x72\x6f\x6b\x65\x2d\x77\x69\x64\x74\x68\x3d\x22\
\x30\x2e\x38\x33\x30\x30\x37\x38\x22\x2f\x3e\x0a\x3c\x70\x61\x74\
\x68\x20\x66\x69\x6c\x6c\x2d\x72\x75\x6c\x65\x3d\x22\x65\x76\x65\
\x6e\x6f\x64\x64\x22\x20\x63\x6c\x69\x70\x2d\x72\x75\x6c\x65\x3d\
\x22\x65\x76\x65\x6e\x6f\x64\x64\x22\x20\x64\x3d\x22\x4d\x34\x32\
\x2e\x33\x34\x34\x39\x20\x31\x39\x2e\x36\x34\x33\x39\x43\x34\x32\
\x2e\x30\x39\x35\x31\x20\x32\x30\x2e\x34\x33\x37\x32\x20\x34\x32\
\x2e\x30\x30\x32\x36\x20\x32\x31\x2e\x39\x35\x35\x32\x20\x34\x31\
\x2e\x39\x39\x30\x31\x20\x32\x33\x2e\x35\x33\x38\x31\x43\x34\x31\
\x2e\x39\x37\x37\x36\x20\x32\x35\x2e\x31\x31\x35\x32\x20\x34\x32\
\x2e\x30\x34\x34\x33\x20\x32\x36\x2e\x37\x34\x37\x38\x20\x34\x32\
\x2e\x31\x30\x39\x39\x20\x32\x37\x2e\x37\x37\x31\x38\x4c\x34\x32\
\x2e\x32\x30\x30\x38\x20\x32\x38\x2e\x30\x39\x33\x39\x43\x34\x32\
\x2e\x34\x32\x32\x35\x20\x32\x37\x2e\x36\x31\x33\x35\x20\x34\x32\
\x2e\x37\x34\x32\x37\x20\x32\x37\x2e\x31\x36\x39\x34\x20\x34\x33\
\x2e\x31\x33\x32\x32\x20\x32\x36\x2e\x37\x36\x30\x39\x43\x34\x33\
\x2e\x32\x32\x30\x37\x20\x32\x36\x2e\x37\x37\x30\x36\x20\x34\x33\
\x2e\x33\x31\x20\x32\x36\x2e\x37\x38\x34\x38\x20\x34\x33\x2e\x33\
\x39\x34\x38\x20\x32\x36\x2e\x38\x30\x33\x37\x43\x34\x33\x2e\x35\
\x33\x33\x35\x20\x32\x36\x2e\x38\x35\x30\x38\x20\x34\x33\x2e\x37\
\x31\x30\x38\x20\x32\x36\x2e\x39\x32\x34\x34\x20\x34\x33\x2e\x38\
\x37\x33\x36\x20\x32\x36\x2e\x39\x39\x38\x37\x43\x34\x33\x2e\x33\
\x37\x35\x37\x20\x32\x37\x2e\x34\x34\x35\x31\x20\x34\x33\x2e\x30\
\x35\x31\x34\x20\x32\x37\x2e\x38\x32\x38\x37\x20\x34\x32\x2e\x37\
\x39\x35\x32\x20\x32\x38\x2e\x31\x33\x38\x38\x43\x34\x32\x2e\x36\
\x35\x39\x36\x20\x32\x38\x2e\x33\x30\x33\x20\x34\x32\x2e\x35\x34\
\x30\x36\x20\x32\x38\x2e\x34\x34\x39\x37\x20\x34\x32\x2e\x34\x32\
\x33\x34\x20\x32\x38\x2e\x35\x37\x34\x36\x43\x34\x32\x2e\x37\x33\
\x34\x34\x20\x32\x38\x2e\x36\x31\x33\x20\x34\x33\x2e\x31\x34\x35\
\x32\x20\x32\x38\x2e\x36\x38\x32\x39\x20\x34\x33\x2e\x35\x31\x20\
\x32\x38\x2e\x37\x38\x35\x39\x43\x34\x33\x2e\x37\x32\x32\x33\x20\
\x32\x38\x2e\x38\x34\x35\x38\x20\x34\x33\x2e\x39\x32\x32\x38\x20\
\x32\x38\x2e\x39\x31\x37\x39\x20\x34\x34\x2e\x30\x37\x39\x36\x20\
\x32\x39\x2e\x30\x30\x33\x32\x43\x34\x34\x2e\x32\x33\x34\x36\x20\
\x32\x39\x2e\x30\x38\x37\x36\x20\x34\x34\x2e\x33\x35\x39\x32\x20\
\x32\x39\x2e\x31\x39\x31\x34\x20\x34\x34\x2e\x33\x39\x37\x39\x20\
\x32\x39\x2e\x33\x31\x38\x33\x4c\x34\x34\x2e\x34\x30\x30\x32\x20\
\x32\x39\x2e\x33\x32\x36\x56\x32\x39\x2e\x33\x33\x34\x43\x34\x34\
\x2e\x34\x30\x30\x32\x20\x32\x39\x2e\x34\x30\x37\x34\x20\x34\x34\
\x2e\x33\x37\x38\x34\x20\x32\x39\x2e\x35\x32\x30\x38\x20\x34\x34\
\x2e\x33\x31\x33\x34\x20\x32\x39\x2e\x36\x33\x30\x37\x43\x34\x34\
\x2e\x32\x35\x36\x37\x20\x32\x39\x2e\x37\x32\x36\x38\x20\x34\x34\
\x2e\x31\x36\x35\x32\x20\x32\x39\x2e\x38\x32\x32\x37\x20\x34\x34\
\x2e\x30\x32\x34\x34\x20\x32\x39\x2e\x38\x38\x35\x32\x43\x34\x34\
\x2e\x30\x35\x34\x33\x20\x32\x39\x2e\x39\x37\x35\x36\x20\x34\x34\
\x2e\x30\x36\x33\x34\x20\x33\x30\x2e\x31\x30\x38\x39\x20\x34\x34\
\x2e\x30\x32\x35\x38\x20\x33\x30\x2e\x32\x37\x35\x32\x43\x34\x33\
\x2e\x39\x39\x35\x20\x33\x30\x2e\x34\x31\x31\x34\x20\x34\x33\x2e\
\x39\x33\x32\x35\x20\x33\x30\x2e\x35\x37\x31\x35\x20\x34\x33\x2e\
\x38\x32\x32\x36\x20\x33\x30\x2e\x37\x35\x31\x39\x43\x34\x33\x2e\
\x36\x39\x31\x31\x20\x33\x30\x2e\x37\x30\x38\x35\x20\x34\x33\x2e\
\x35\x36\x30\x37\x20\x33\x30\x2e\x36\x36\x36\x34\x20\x34\x33\x2e\
\x34\x32\x34\x36\x20\x33\x30\x2e\x36\x33\x33\x34\x43\x34\x33\x2e\
\x33\x36\x32\x37\x20\x33\x30\x2e\x36\x31\x38\x33\x20\x34\x33\x2e\
\x32\x36\x36\x38\x20\x33\x30\x2e\x36\x30\x38\x32\x20\x34\x33\x2e\
\x31\x35\x38\x36\x20\x33\x30\x2e\x36\x30\x31\x31\x43\x34\x33\x2e\
\x30\x34\x36\x31\x20\x33\x30\x2e\x35\x39\x33\x38\x20\x34\x32\x2e\
\x39\x30\x37\x33\x20\x33\x30\x2e\x35\x38\x38\x39\x20\x34\x32\x2e\
\x37\x35\x32\x38\x20\x33\x30\x2e\x35\x38\x37\x36\x43\x34\x32\x2e\
\x34\x34\x33\x39\x20\x33\x30\x2e\x35\x38\x34\x39\x20\x34\x32\x2e\
\x30\x36\x35\x39\x20\x33\x30\x2e\x35\x39\x35\x39\x20\x34\x31\x2e\
\x36\x39\x38\x35\x20\x33\x30\x2e\x36\x32\x38\x39\x43\x34\x31\x2e\
\x36\x37\x36\x20\x33\x30\x2e\x36\x33\x31\x20\x34\x31\x2e\x36\x35\
\x35\x32\x20\x33\x30\x2e\x36\x33\x36\x39\x20\x34\x31\x2e\x36\x33\
\x36\x38\x20\x33\x30\x2e\x36\x34\x35\x36\x56\x33\x30\x2e\x35\x36\
\x35\x39\x4c\x34\x31\x2e\x36\x33\x31\x37\x20\x33\x30\x2e\x34\x31\
\x36\x36\x43\x34\x31\x2e\x36\x32\x38\x34\x20\x33\x30\x2e\x32\x37\
\x30\x38\x20\x34\x31\x2e\x36\x33\x30\x34\x20\x33\x30\x2e\x31\x33\
\x35\x35\x20\x34\x31\x2e\x36\x33\x36\x38\x20\x33\x30\x2e\x30\x31\
\x30\x32\x56\x31\x39\x2e\x35\x36\x33\x48\x34\x32\x2e\x33\x37\x30\
\x34\x4c\x34\x32\x2e\x33\x34\x34\x39\x20\x31\x39\x2e\x36\x34\x33\
\x39\x5a\x4d\x34\x32\x2e\x38\x39\x36\x37\x20\x32\x38\x2e\x37\x39\
\x35\x37\x43\x34\x32\x2e\x37\x39\x39\x35\x20\x32\x38\x2e\x37\x37\
\x20\x34\x32\x2e\x36\x39\x32\x20\x32\x38\x2e\x37\x38\x36\x32\x20\
\x34\x32\x2e\x36\x32\x32\x37\x20\x32\x38\x2e\x38\x31\x43\x34\x32\
\x2e\x35\x39\x38\x37\x20\x32\x38\x2e\x38\x31\x38\x33\x20\x34\x32\
\x2e\x35\x37\x37\x20\x32\x38\x2e\x38\x32\x38\x36\x20\x34\x32\x2e\
\x35\x35\x37\x38\x20\x32\x38\x2e\x38\x34\x30\x36\x43\x34\x32\x2e\
\x35\x33\x31\x39\x20\x32\x38\x2e\x38\x32\x35\x34\x20\x34\x32\x2e\
\x35\x30\x30\x31\x20\x32\x38\x2e\x38\x31\x36\x33\x20\x34\x32\x2e\
\x34\x36\x35\x38\x20\x32\x38\x2e\x38\x31\x36\x33\x43\x34\x32\x2e\
\x33\x37\x38\x37\x20\x32\x38\x2e\x38\x31\x36\x33\x20\x34\x32\x2e\
\x33\x30\x37\x39\x20\x32\x38\x2e\x38\x37\x34\x33\x20\x34\x32\x2e\
\x33\x30\x37\x39\x20\x32\x38\x2e\x39\x34\x35\x37\x43\x34\x32\x2e\
\x33\x30\x37\x39\x20\x32\x38\x2e\x39\x36\x39\x36\x20\x34\x32\x2e\
\x33\x30\x38\x31\x20\x32\x39\x2e\x30\x33\x39\x31\x20\x34\x32\x2e\
\x33\x32\x32\x20\x32\x39\x2e\x31\x34\x32\x35\x43\x34\x32\x2e\x33\
\x33\x32\x35\x20\x32\x39\x2e\x32\x32\x31\x32\x20\x34\x32\x2e\x33\
\x38\x32\x33\x20\x32\x39\x2e\x32\x38\x30\x39\x20\x34\x32\x2e\x34\
\x32\x37\x39\x20\x32\x39\x2e\x33\x32\x32\x35\x43\x34\x32\x2e\x34\
\x37\x32\x32\x20\x32\x39\x2e\x33\x36\x32\x39\x20\x34\x32\x2e\x35\
\x32\x36\x38\x20\x32\x39\x2e\x33\x39\x38\x35\x20\x34\x32\x2e\x35\
\x36\x31\x35\x20\x32\x39\x2e\x34\x32\x32\x32\x43\x34\x32\x2e\x36\
\x36\x31\x34\x20\x32\x39\x2e\x34\x39\x30\x36\x20\x34\x32\x2e\x37\
\x38\x32\x37\x20\x32\x39\x2e\x35\x31\x33\x38\x20\x34\x32\x2e\x38\
\x38\x30\x35\x20\x32\x39\x2e\x35\x32\x36\x34\x43\x34\x32\x2e\x39\
\x32\x39\x39\x20\x32\x39\x2e\x35\x33\x32\x37\x20\x34\x32\x2e\x39\
\x38\x32\x32\x20\x32\x39\x2e\x35\x33\x37\x32\x20\x34\x33\x2e\x30\
\x32\x35\x38\x20\x32\x39\x2e\x35\x34\x31\x35\x43\x34\x33\x2e\x30\
\x37\x31\x38\x20\x32\x39\x2e\x35\x34\x36\x20\x34\x33\x2e\x31\x31\
\x31\x39\x20\x32\x39\x2e\x35\x35\x30\x37\x20\x34\x33\x2e\x31\x34\
\x38\x34\x20\x32\x39\x2e\x35\x35\x37\x33\x43\x34\x33\x2e\x33\x34\
\x35\x33\x20\x32\x39\x2e\x35\x39\x32\x39\x20\x34\x33\x2e\x35\x31\
\x37\x37\x20\x32\x39\x2e\x36\x31\x34\x36\x20\x34\x33\x2e\x37\x32\
\x30\x35\x20\x32\x39\x2e\x36\x30\x39\x31\x43\x34\x33\x2e\x38\x31\
\x39\x20\x32\x39\x2e\x36\x30\x36\x35\x20\x34\x33\x2e\x38\x37\x35\
\x39\x20\x32\x39\x2e\x35\x35\x31\x39\x20\x34\x33\x2e\x39\x30\x30\
\x38\x20\x32\x39\x2e\x35\x31\x38\x34\x43\x34\x33\x2e\x39\x32\x36\
\x33\x20\x32\x39\x2e\x34\x38\x34\x20\x34\x33\x2e\x39\x33\x38\x33\
\x20\x32\x39\x2e\x34\x34\x37\x31\x20\x34\x33\x2e\x39\x34\x33\x38\
\x20\x32\x39\x2e\x34\x32\x31\x35\x43\x34\x33\x2e\x39\x37\x36\x32\
\x20\x32\x39\x2e\x32\x36\x38\x37\x20\x34\x33\x2e\x38\x34\x32\x35\
\x20\x32\x39\x2e\x31\x35\x38\x20\x34\x33\x2e\x37\x34\x39\x20\x32\
\x39\x2e\x30\x39\x38\x39\x43\x34\x33\x2e\x36\x34\x35\x20\x32\x39\
\x2e\x30\x33\x33\x31\x20\x34\x33\x2e\x35\x31\x38\x35\x20\x32\x38\
\x2e\x39\x38\x34\x35\x20\x34\x33\x2e\x34\x33\x35\x34\x20\x32\x38\
\x2e\x39\x35\x36\x43\x34\x33\x2e\x32\x37\x36\x32\x20\x32\x38\x2e\
\x39\x30\x31\x34\x20\x34\x33\x2e\x30\x38\x33\x37\x20\x32\x38\x2e\
\x38\x34\x35\x32\x20\x34\x32\x2e\x38\x39\x36\x37\x20\x32\x38\x2e\
\x37\x39\x35\x37\x5a\x22\x20\x73\x74\x72\x6f\x6b\x65\x3d\x22\x23\
\x31\x30\x32\x38\x33\x34\x22\x20\x73\x74\x72\x6f\x6b\x65\x2d\x77\
\x69\x64\x74\x68\x3d\x22\x30\x2e\x38\x33\x30\x30\x37\x38\x22\x2f\
\x3e\x0a\x3c\x70\x61\x74\x68\x20\x64\x3d\x22\x4d\x34\x35\x2e\x33\
\x39\x32\x20\x32\x35\x2e\x30\x38\x35\x35\x43\x34\x35\x2e\x37\x30\
\x34\x38\x20\x32\x35\x2e\x31\x38\x38\x20\x34\x35\x2e\x39\x37\x33\
\x20\x32\x35\x2e\x32\x38\x33\x39\x20\x34\x36\x2e\x31\x38\x37\x32\
\x20\x32\x35\x2e\x33\x37\x30\x32\x43\x34\x35\x2e\x32\x37\x33\x32\
\x20\x32\x35\x2e\x38\x39\x34\x38\x20\x34\x34\x2e\x36\x30\x34\x20\
\x32\x36\x2e\x33\x37\x36\x31\x20\x34\x34\x2e\x30\x39\x36\x38\x20\
\x32\x36\x2e\x38\x30\x34\x35\x43\x34\x33\x2e\x39\x30\x32\x34\x20\
\x32\x36\x2e\x37\x31\x33\x33\x20\x34\x33\x2e\x36\x37\x38\x20\x32\
\x36\x2e\x36\x31\x38\x39\x20\x34\x33\x2e\x35\x30\x35\x34\x20\x32\
\x36\x2e\x35\x36\x31\x4c\x34\x33\x2e\x34\x39\x36\x36\x20\x32\x36\
\x2e\x35\x35\x38\x31\x4c\x34\x33\x2e\x34\x38\x37\x35\x20\x32\x36\
\x2e\x35\x35\x36\x31\x4c\x34\x33\x2e\x34\x30\x39\x38\x20\x32\x36\
\x2e\x35\x33\x39\x38\x43\x34\x33\x2e\x33\x39\x34\x31\x20\x32\x36\
\x2e\x35\x33\x36\x37\x20\x34\x33\x2e\x33\x37\x38\x33\x20\x32\x36\
\x2e\x35\x33\x33\x39\x20\x34\x33\x2e\x33\x36\x32\x34\x20\x32\x36\
\x2e\x35\x33\x31\x32\x43\x34\x33\x2e\x39\x34\x31\x20\x32\x35\x2e\
\x39\x38\x30\x35\x20\x34\x34\x2e\x36\x34\x33\x37\x20\x32\x35\x2e\
\x34\x39\x39\x31\x20\x34\x35\x2e\x33\x39\x32\x20\x32\x35\x2e\x30\
\x38\x35\x35\x5a\x22\x20\x73\x74\x72\x6f\x6b\x65\x3d\x22\x23\x31\
\x30\x32\x38\x33\x34\x22\x20\x73\x74\x72\x6f\x6b\x65\x2d\x77\x69\
\x64\x74\x68\x3d\x22\x30\x2e\x38\x33\x30\x30\x37\x38\x22\x2f\x3e\
\x0a\x3c\x70\x61\x74\x68\x20\x64\x3d\x22\x4d\x34\x38\x2e\x32\x32\
\x35\x37\x20\x32\x33\x2e\x38\x35\x38\x38\x43\x34\x38\x2e\x34\x31\
\x30\x35\x20\x32\x33\x2e\x39\x31\x20\x34\x38\x2e\x36\x31\x32\x37\
\x20\x32\x33\x2e\x39\x37\x38\x38\x20\x34\x38\x2e\x38\x31\x31\x39\
\x20\x32\x34\x2e\x30\x36\x38\x36\x43\x34\x37\x2e\x39\x30\x33\x31\
\x20\x32\x34\x2e\x34\x36\x34\x31\x20\x34\x37\x2e\x31\x33\x35\x32\
\x20\x32\x34\x2e\x38\x34\x33\x32\x20\x34\x36\x2e\x34\x38\x33\x20\
\x32\x35\x2e\x32\x30\x33\x34\x43\x34\x36\x2e\x32\x37\x39\x34\x20\
\x32\x35\x2e\x31\x31\x35\x20\x34\x36\x2e\x30\x31\x38\x39\x20\x32\
\x35\x2e\x30\x31\x37\x33\x20\x34\x35\x2e\x37\x31\x33\x32\x20\x32\
\x34\x2e\x39\x31\x33\x33\x43\x34\x36\x2e\x35\x33\x39\x35\x20\x32\
\x34\x2e\x34\x38\x34\x32\x20\x34\x37\x2e\x34\x30\x39\x37\x20\x32\
\x34\x2e\x31\x33\x33\x33\x20\x34\x38\x2e\x32\x32\x35\x37\x20\x32\
\x33\x2e\x38\x35\x38\x38\x5a\x22\x20\x73\x74\x72\x6f\x6b\x65\x3d\
\x22\x23\x31\x30\x32\x38\x33\x34\x22\x20\x73\x74\x72\x6f\x6b\x65\
\x2d\x77\x69\x64\x74\x68\x3d\x22\x30\x2e\x38\x33\x30\x30\x37\x38\
\x22\x2f\x3e\x0a\x3c\x70\x61\x74\x68\x20\x64\x3d\x22\x4d\x35\x30\
\x2e\x35\x31\x33\x33\x20\x32\x33\x2e\x33\x37\x34\x37\x43\x35\x30\
\x2e\x30\x32\x34\x38\x20\x32\x33\x2e\x35\x36\x31\x38\x20\x34\x39\
\x2e\x35\x36\x38\x34\x20\x32\x33\x2e\x37\x34\x36\x31\x20\x34\x39\
\x2e\x31\x34\x31\x34\x20\x32\x33\x2e\x39\x32\x37\x43\x34\x38\x2e\
\x39\x38\x32\x20\x32\x33\x2e\x38\x34\x34\x35\x20\x34\x38\x2e\x38\
\x31\x37\x38\x20\x32\x33\x2e\x37\x37\x35\x37\x20\x34\x38\x2e\x36\
\x35\x38\x20\x32\x33\x2e\x37\x31\x38\x35\x43\x34\x39\x2e\x33\x33\
\x30\x33\x20\x32\x33\x2e\x35\x30\x39\x20\x34\x39\x2e\x39\x35\x31\
\x32\x20\x32\x33\x2e\x33\x35\x34\x33\x20\x35\x30\x2e\x34\x36\x31\
\x31\x20\x32\x33\x2e\x32\x35\x33\x31\x4c\x35\x30\x2e\x35\x31\x33\
\x33\x20\x32\x33\x2e\x33\x37\x34\x37\x5a\x22\x20\x73\x74\x72\x6f\
\x6b\x65\x3d\x22\x23\x31\x30\x32\x38\x33\x34\x22\x20\x73\x74\x72\
\x6f\x6b\x65\x2d\x77\x69\x64\x74\x68\x3d\x22\x30\x2e\x38\x33\x30\
\x30\x37\x38\x22\x2f\x3e\x0a\x3c\x70\x61\x74\x68\x20\x64\x3d\x22\
\x4d\x35\x38\x2e\x39\x34\x37\x39\x20\x31\x36\x2e\x36\x35\x36\x33\
\x43\x35\x39\x2e\x31\x31\x38\x36\x20\x31\x36\x2e\x37\x34\x38\x37\
\x20\x35\x39\x2e\x32\x39\x33\x35\x20\x31\x36\x2e\x38\x34\x35\x33\
\x20\x35\x39\x2e\x34\x37\x31\x20\x31\x36\x2e\x39\x34\x35\x4c\x35\
\x37\x2e\x38\x36\x35\x38\x20\x31\x37\x2e\x38\x30\x35\x33\x4c\x35\
\x37\x2e\x38\x36\x34\x37\x20\x31\x37\x2e\x38\x30\x35\x38\x4c\x35\
\x36\x2e\x33\x37\x30\x33\x20\x31\x38\x2e\x35\x37\x39\x33\x4c\x35\
\x35\x2e\x35\x39\x33\x39\x20\x31\x39\x2e\x31\x35\x32\x31\x4c\x35\
\x35\x2e\x32\x30\x38\x20\x31\x39\x2e\x36\x35\x38\x4c\x35\x34\x2e\
\x38\x31\x37\x33\x20\x32\x30\x2e\x33\x36\x32\x35\x4c\x35\x34\x2e\
\x36\x39\x39\x33\x20\x32\x30\x2e\x36\x39\x33\x37\x43\x35\x34\x2e\
\x36\x32\x32\x34\x20\x32\x30\x2e\x36\x37\x30\x34\x20\x35\x34\x2e\
\x35\x34\x34\x33\x20\x32\x30\x2e\x36\x34\x37\x32\x20\x35\x34\x2e\
\x34\x36\x35\x20\x32\x30\x2e\x36\x32\x34\x38\x43\x35\x34\x2e\x32\
\x37\x30\x34\x20\x32\x30\x2e\x35\x36\x39\x39\x20\x35\x34\x2e\x30\
\x34\x38\x33\x20\x32\x30\x2e\x35\x30\x32\x37\x20\x35\x33\x2e\x38\
\x30\x38\x36\x20\x32\x30\x2e\x34\x32\x37\x31\x4c\x35\x33\x2e\x39\
\x35\x31\x38\x20\x32\x30\x2e\x30\x37\x34\x36\x4c\x35\x33\x2e\x38\
\x37\x35\x37\x20\x31\x39\x2e\x36\x33\x36\x38\x4c\x35\x33\x2e\x38\
\x37\x34\x31\x20\x31\x39\x2e\x36\x32\x38\x33\x4c\x35\x33\x2e\x38\
\x37\x35\x35\x20\x31\x39\x2e\x36\x31\x39\x36\x4c\x35\x33\x2e\x39\
\x35\x34\x35\x20\x31\x39\x2e\x31\x30\x31\x39\x4c\x35\x33\x2e\x39\
\x35\x37\x38\x20\x31\x39\x2e\x30\x37\x39\x39\x4c\x35\x34\x2e\x34\
\x35\x37\x20\x31\x38\x2e\x36\x37\x30\x38\x4c\x35\x34\x2e\x34\x36\
\x34\x36\x20\x31\x38\x2e\x36\x36\x36\x39\x4c\x35\x35\x2e\x30\x39\
\x36\x32\x20\x31\x38\x2e\x33\x34\x33\x34\x4c\x35\x35\x2e\x31\x30\
\x36\x39\x20\x31\x38\x2e\x33\x33\x37\x39\x4c\x35\x35\x2e\x31\x31\
\x39\x20\x31\x38\x2e\x33\x33\x35\x34\x4c\x35\x35\x2e\x37\x33\x37\
\x39\x20\x31\x38\x2e\x32\x30\x38\x35\x4c\x35\x37\x2e\x30\x36\x39\
\x32\x20\x31\x37\x2e\x35\x30\x32\x36\x4c\x35\x37\x2e\x30\x37\x32\
\x31\x20\x31\x37\x2e\x35\x30\x31\x31\x4c\x35\x37\x2e\x30\x37\x35\
\x20\x31\x37\x2e\x34\x39\x39\x39\x4c\x35\x38\x2e\x34\x31\x34\x32\
\x20\x31\x36\x2e\x39\x31\x38\x38\x4c\x35\x38\x2e\x39\x34\x37\x39\
\x20\x31\x36\x2e\x36\x35\x36\x33\x5a\x22\x20\x73\x74\x72\x6f\x6b\
\x65\x3d\x22\x23\x31\x30\x32\x38\x33\x34\x22\x20\x73\x74\x72\x6f\
\x6b\x65\x2d\x77\x69\x64\x74\x68\x3d\x22\x30\x2e\x38\x33\x30\x30\
\x37\x38\x22\x2f\x3e\x0a\x3c\x70\x61\x74\x68\x20\x64\x3d\x22\x4d\
\x36\x36\x2e\x30\x38\x36\x34\x20\x31\x32\x2e\x31\x30\x35\x32\x4c\
\x36\x35\x2e\x33\x38\x31\x34\x20\x31\x32\x2e\x36\x31\x38\x38\x4c\
\x36\x34\x2e\x36\x37\x35\x39\x20\x31\x33\x2e\x33\x38\x39\x37\x4c\
\x36\x34\x2e\x36\x37\x32\x36\x20\x31\x33\x2e\x33\x39\x33\x34\x4c\
\x36\x34\x2e\x34\x33\x31\x38\x20\x31\x33\x2e\x35\x39\x30\x38\x4c\
\x36\x34\x2e\x34\x32\x39\x31\x20\x31\x33\x2e\x35\x39\x32\x38\x4c\
\x36\x34\x2e\x34\x32\x36\x35\x20\x31\x33\x2e\x35\x39\x34\x37\x4c\
\x36\x33\x2e\x39\x35\x32\x38\x20\x31\x33\x2e\x39\x31\x38\x33\x4c\
\x36\x33\x2e\x33\x33\x32\x34\x20\x31\x34\x2e\x33\x36\x33\x4c\x36\
\x33\x2e\x30\x32\x33\x32\x20\x31\x34\x2e\x38\x30\x36\x36\x4c\x36\
\x33\x2e\x30\x31\x36\x36\x20\x31\x34\x2e\x38\x31\x36\x32\x4c\x36\
\x33\x2e\x30\x30\x36\x34\x20\x31\x34\x2e\x38\x32\x33\x34\x4c\x36\
\x32\x2e\x32\x33\x30\x39\x20\x31\x35\x2e\x33\x37\x34\x31\x43\x36\
\x32\x2e\x30\x33\x36\x34\x20\x31\x35\x2e\x32\x35\x37\x38\x20\x36\
\x31\x2e\x38\x34\x31\x38\x20\x31\x35\x2e\x31\x34\x33\x38\x20\x36\
\x31\x2e\x36\x34\x38\x39\x20\x31\x35\x2e\x30\x33\x32\x37\x4c\x36\
\x31\x2e\x39\x36\x34\x39\x20\x31\x34\x2e\x39\x31\x33\x33\x4c\x36\
\x32\x2e\x34\x32\x33\x32\x20\x31\x34\x2e\x36\x30\x30\x32\x4c\x36\
\x32\x2e\x38\x39\x30\x36\x20\x31\x34\x2e\x30\x38\x39\x36\x4c\x36\
\x33\x2e\x33\x36\x32\x38\x20\x31\x33\x2e\x35\x30\x39\x32\x4c\x36\
\x33\x2e\x33\x36\x38\x33\x20\x31\x33\x2e\x35\x30\x32\x32\x4c\x36\
\x33\x2e\x33\x37\x36\x20\x31\x33\x2e\x34\x39\x36\x36\x4c\x36\x34\
\x2e\x30\x38\x36\x36\x20\x31\x32\x2e\x39\x37\x39\x4c\x36\x34\x2e\
\x30\x39\x30\x32\x20\x31\x32\x2e\x39\x37\x36\x34\x4c\x36\x34\x2e\
\x30\x39\x34\x20\x31\x32\x2e\x39\x37\x34\x32\x4c\x36\x35\x2e\x31\
\x32\x30\x35\x20\x31\x32\x2e\x33\x39\x31\x38\x4c\x36\x35\x2e\x31\
\x32\x34\x20\x31\x32\x2e\x33\x38\x39\x39\x4c\x36\x35\x2e\x31\x32\
\x37\x37\x20\x31\x32\x2e\x33\x38\x38\x33\x4c\x36\x35\x2e\x39\x39\
\x36\x32\x20\x31\x32\x4c\x36\x36\x2e\x30\x38\x36\x34\x20\x31\x32\
\x2e\x31\x30\x35\x32\x5a\x22\x20\x73\x74\x72\x6f\x6b\x65\x3d\x22\
\x23\x31\x30\x32\x38\x33\x34\x22\x20\x73\x74\x72\x6f\x6b\x65\x2d\
\x77\x69\x64\x74\x68\x3d\x22\x30\x2e\x38\x33\x30\x30\x37\x38\x22\
\x2f\x3e\x0a\x3c\x2f\x73\x76\x67\x3e\x0a\
\x00\x00\x02\x6e\
\x3c\
\x73\x76\x67\x20\x77\x69\x64\x74\x68\x3d\x22\x38\x35\x22\x20\x68\
\x65\x69\x67\x68\x74\x3d\x22\x38\x35\x22\x20\x76\x69\x65\x77\x42\
\x6f\x78\x3d\x22\x30\x20\x30\x20\x38\x35\x20\x38\x35\x22\x20\x66\
\x69\x6c\x6c\x3d\x22\x6e\x6f\x6e\x65\x22\x20\x78\x6d\x6c\x6e\x73\
\x3d\x22\x68\x74\x74\x70\x3a\x2f\x2f\x77\x77\x77\x2e\x77\x33\x2e\
\x6f\x72\x67\x2f\x32\x30\x30\x30\x2f\x73\x76\x67\x22\x3e\x0a\x3c\
\x72\x65\x63\x74\x20\x77\x69\x64\x74\x68\x3d\x22\x38\x35\x22\x20\
\x68\x65\x69\x67\x68\x74\x3d\x22\x38\x35\x22\x20\x72\x78\x3d\x22\
\x31\x38\x22\x20\x74\x72\x61\x6e\x73\x66\x6f\x72\x6d\x3d\x22\x6d\
\x61\x74\x72\x69\x78\x28\x2d\x31\x20\x30\x20\x30\x20\x31\x20\x38\
\x35\x20\x30\x29\x22\x20\x66\x69\x6c\x6c\x3d\x22\x75\x72\x6c\x28\
\x23\x70\x61\x69\x6e\x74\x30\x5f\x6c\x69\x6e\x65\x61\x72\x5f\x31\
\x30\x5f\x39\x29\x22\x2f\x3e\x0a\x3c\x70\x61\x74\x68\x20\x64\x3d\
\x22\x4d\x31\x37\x2e\x37\x35\x20\x34\x33\x2e\x33\x30\x34\x37\x4c\
\x34\x35\x2e\x35\x20\x36\x30\x2e\x30\x32\x32\x35\x56\x32\x36\x2e\
\x35\x38\x35\x39\x4c\x31\x37\x2e\x37\x35\x20\x34\x33\x2e\x33\x30\
\x34\x37\x5a\x22\x20\x66\x69\x6c\x6c\x3d\x22\x23\x31\x30\x32\x38\
\x33\x34\x22\x2f\x3e\x0a\x3c\x70\x61\x74\x68\x20\x64\x3d\x22\x4d\
\x33\x33\x2e\x35\x20\x34\x33\x2e\x33\x30\x34\x37\x4c\x36\x31\x2e\
\x32\x35\x20\x36\x30\x2e\x30\x32\x32\x35\x56\x32\x36\x2e\x35\x38\
\x35\x39\x4c\x33\x33\x2e\x35\x20\x34\x33\x2e\x33\x30\x34\x37\x5a\
\x22\x20\x66\x69\x6c\x6c\x3d\x22\x23\x31\x30\x32\x38\x33\x34\x22\
\x2f\x3e\x0a\x3c\x64\x65\x66\x73\x3e\x0a\x3c\x6c\x69\x6e\x65\x61\
\x72\x47\x72\x61\x64\x69\x65\x6e\x74\x20\x69\x64\x3d\x22\x70\x61\
\x69\x6e\x74\x30\x5f\x6c\x69\x6e\x65\x61\x72\x5f\x31\x30\x5f\x39\
\x22\x20\x78\x31\x3d\x22\x30\x2e\x35\x36\x36\x36\x36\x36\x22\x20\
\x79\x31\x3d\x22\x32\x2e\x31\x37\x36\x39\x37\x65\x2d\x30\x37\x22\
\x20\x78\x32\x3d\x22\x38\x35\x2e\x35\x36\x36\x37\x22\x20\x79\x32\
\x3d\x22\x38\x35\x22\x20\x67\x72\x61\x64\x69\x65\x6e\x74\x55\x6e\
\x69\x74\x73\x3d\x22\x75\x73\x65\x72\x53\x70\x61\x63\x65\x4f\x6e\
\x55\x73\x65\x22\x3e\x0a\x3c\x73\x74\x6f\x70\x20\x6f\x66\x66\x73\
\x65\x74\x3d\x22\x30\x2e\x39\x39\x39\x39\x22\x20\x73\x74\x6f\x70\
\x2d\x63\x6f\x6c\x6f\x72\x3d\x22\x23\x31\x44\x33\x35\x34\x31\x22\
\x20\x73\x74\x6f\x70\x2d\x6f\x70\x61\x63\x69\x74\x79\x3d\x22\x30\
\x22\x2f\x3e\x0a\x3c\x73\x74\x6f\x70\x20\x6f\x66\x66\x73\x65\x74\
\x3d\x22\x31\x22\x20\x73\x74\x6f\x70\x2d\x63\x6f\x6c\x6f\x72\x3d\
\x22\x23\x30\x43\x39\x35\x39\x42\x22\x2f\x3e\x0a\x3c\x2f\x6c\x69\
\x6e\x65\x61\x72\x47\x72\x61\x64\x69\x65\x6e\x74\x3e\x0a\x3c\x2f\
\x64\x65\x66\x73\x3e\x0a\x3c\x2f\x73\x76\x67\x3e\x0a\
\x00\x00\x04\xeb\
\x00\
\x00\x12\x1a\x78\x9c\xed\x58\xcb\x52\x5b\x39\x14\xdc\xe7\x2b\x54\
\x97\x4d\x58\x20\x4b\x47\xef\x54\x9c\xaa\x89\x93\xa9\x59\x30\x5b\
\x16\xb3\x49\xa5\xc0\x83\x5d\x71\x20\x65\x3c\x31\xf3\xf7\xd3\x2d\
\xdf\x97\x81\x04\xc3\x22\xb3\x61\x03\xb2\xae\x6e\x9f\x73\xfa\x3c\
\xd4\xf6\xdb\x9b\xef\x97\x6a\xbb\xbc\xd8\x2c\xa6\x8d\x33\xa6\x51\
\x8b\xf9\xf2\x72\xb1\x69\x3f\x7c\x5f\xce\xb7\xef\xaf\x6f\xa7\x8d\
\x51\x46\x61\x47\xd5\xdd\xbf\x97\xab\xd5\xb4\xb9\xba\xbe\x9a\x37\
\xea\xf6\xeb\xea\xea\x66\xda\x2c\x36\x9b\x6f\x6f\x26\x93\xed\x76\
\xab\xb7\x4e\x5f\xaf\x2f\x27\x62\x8c\x99\x00\xbc\x79\xf7\xea\xed\
\xb7\xcf\x9b\x85\xba\x98\x36\x7f\xe6\xa4\xac\xf1\x67\x31\xe8\x30\
\x2b\xa2\x63\x8c\x49\x05\xab\x83\xb2\xd6\x69\xab\xc4\xe9\xa2\xac\
\x2f\xd8\x10\x1e\xb1\x39\x60\x43\x12\x1e\xd9\x12\x95\x2b\x3a\x3b\
\xe7\xb8\xc6\x09\x1f\xcf\x42\xc2\x21\x31\x8e\xdb\x2a\x84\xdd\x53\
\xb1\x49\x47\x15\x85\x78\xd6\xc3\x9e\xd1\xa1\x51\x37\x9b\xf5\xf5\
\x97\xf9\xb4\x39\x32\xbf\xc9\x07\x37\xeb\x36\x4e\xda\xd0\x43\x33\
\x81\x9f\x5f\x3f\xdf\x7c\x51\x4b\x38\x4a\x87\x4f\xe4\x64\x79\x75\
\xb3\xbc\x98\x9f\xd8\x4f\xd6\x94\x4f\xd2\x05\xbe\x5d\x2c\x37\xf3\
\xbd\xb0\xc4\xc0\x41\x4f\x57\xbc\xce\x26\x73\xad\xc4\x64\x1d\x12\
\xc3\xf1\xda\xc5\x08\x5f\x44\x9b\xc2\x67\x88\xd4\xe1\xac\x0d\x3a\
\xda\x88\xcf\x56\x17\xe3\xf1\x3c\xeb\x6c\x11\x9c\x37\x38\x87\xa8\
\x05\xbc\x18\x3c\x77\x49\x67\xf1\x33\x11\xaf\x2d\xf6\xf1\xae\x0e\
\x9e\xcf\xa3\x76\x0e\xcc\x39\xd1\xd9\x67\x7c\x4e\x3a\x15\xbc\x2f\
\x60\x29\x45\x9c\x2f\x5a\xf0\x18\xc7\x8a\x01\x2b\xce\x60\xed\x74\
\xb2\xa9\x5d\x1b\x72\xc7\x15\xf8\x92\x8c\x13\xed\x0b\xd6\xc3\x7e\
\x1a\xf0\xac\xd5\xb6\xda\x6f\xed\x21\x2e\x1b\x44\xf5\xfe\x98\xa0\
\x7d\xb0\x83\xbf\x48\x87\xa5\xfd\x2e\x1e\xf0\x5f\x0c\x73\xb1\x8b\
\xb7\x14\xc0\x47\xe9\xf9\x28\x08\x2f\x92\xba\x1d\x5d\x48\x6d\x74\
\x0e\xe6\x5b\x2a\x91\x76\xb2\x5b\xe2\x69\x25\x99\x5e\x9f\x81\xde\
\xbf\x6a\xbe\x26\x4c\xd8\x4b\x22\xfe\xdf\x44\x3c\xd6\x5a\x16\x13\
\x83\x79\x9a\x36\xff\xac\x57\xaf\x8f\x1e\x6c\xad\xe3\x9a\xce\xf3\
\xe5\xfa\x7c\x35\x57\xe7\x98\x37\x36\xa1\x67\xcf\xff\xc5\x42\x7c\
\xa3\xd6\xd3\x26\xb2\x89\x77\xfd\x77\x64\x3e\x3a\xe3\x7e\xbf\x6f\
\x78\x32\x2e\x05\x6b\x41\x49\x49\x33\xa6\x41\x62\x0d\x23\x78\xb0\
\xc2\x31\x21\xbe\xb2\x00\x46\x95\xcd\x86\xc7\x0e\x1c\x10\x3d\x3a\
\xf3\xec\xe2\x8c\xe9\x77\x56\x73\xec\x04\x87\xa9\x23\xa0\xa5\xa8\
\x48\x78\x38\x3c\x4b\xa0\x8f\x36\x98\x76\x5b\xc7\x9c\x08\xff\x3e\
\xdd\x9e\xd4\x29\x49\x93\x12\x4c\x5d\xed\xac\x8a\xaf\x13\xb2\x9a\
\x15\x16\x64\x6b\x59\xaa\xa1\x6a\xbc\x0e\xcb\xd6\x3c\x1c\x3a\xdc\
\xf8\x7a\x7e\xbe\x51\xc8\x05\x4c\x80\x7b\xe4\x02\xe6\xb9\x6a\x0f\
\xa1\x50\x86\xdb\xc2\xfb\x21\x3b\x7b\x90\xfb\xd9\x59\x2d\xaf\xe6\
\xea\xd6\x32\xad\x52\x41\xb9\x2c\x05\xd7\x88\x0c\x7b\x5c\x66\x39\
\xd0\xc9\x01\x31\xa5\xfb\x88\xed\xde\x93\x10\xf7\x2f\x01\x6b\xba\
\x52\x95\xc7\x6f\x01\x0e\x89\x32\xab\xff\x3d\xcb\xac\xec\xca\x8e\
\xac\x07\xc4\x56\x2c\x5b\x68\xd7\x8c\x21\xeb\x32\xb3\xec\x41\xd4\
\x90\xc5\x85\x28\x1c\x57\xc5\xeb\xc2\xd1\x94\x90\x4f\xcf\xe2\xc4\
\x08\xc1\x5b\xe8\x06\x9d\x50\xca\xd9\xeb\x94\x3d\x6b\x16\x60\x3c\
\x96\x75\x12\xc5\x6d\x2f\xfc\x88\x46\x46\x61\xda\x9c\xf0\x5f\x66\
\x44\x75\x29\x54\x94\x18\x42\xb5\x29\xc2\xeb\x13\x88\x81\x95\x61\
\x67\x1c\x82\xa9\x56\x05\x3e\x23\xbd\x51\x46\xe7\xd1\x39\x25\xc8\
\x80\x87\xa9\x45\x33\x9d\x39\x8e\x2b\xce\xcd\xce\x1b\xcc\x11\x30\
\xd4\x3b\x6b\xf0\x96\x91\x21\x16\x23\x40\xb3\x43\xac\x18\x47\x96\
\x7a\xa0\x32\x81\xe1\xe3\x31\xd8\x7a\x9e\xca\x40\x61\xa9\xac\x9e\
\x56\x8f\x5d\xf9\x03\xec\xfe\x70\xf8\xbf\xf0\xff\x8b\xf8\x7f\xac\
\xd7\xef\x34\x96\xdc\xbf\x01\xee\xf5\xd5\xf1\x7e\x3b\x97\xdc\x77\
\xb3\x6b\xbb\xb9\xdd\xc2\x2a\x1f\x3a\xc2\x7a\x38\x8a\xc4\xbb\x78\
\xdd\xde\x53\x00\xfb\x62\xa3\x33\x2a\x53\x7f\x82\x58\x95\x4a\xd5\
\xb0\xa2\x93\x8a\x60\x12\xa9\x4b\x7c\xec\x90\x5f\xd1\x4e\xe1\x30\
\x48\x8c\x5e\x53\xef\xe6\x7a\x36\xf9\xfa\x18\xb7\x4f\xcd\x3e\xa4\
\x89\x8a\x45\xfb\x42\xc1\x41\xbf\x2a\xf6\x81\x4e\x8d\xef\x4d\xc9\
\xcf\xbb\x37\xef\x4c\xbd\xd0\x65\xc7\x3d\x36\xf5\x6c\x95\x5c\x89\
\x15\x84\x22\x4e\x5c\xab\xe2\x50\x4d\xb5\x0b\x63\x95\x5c\x08\xb9\
\x18\x91\x5a\x52\x94\x5c\x19\xdb\xd9\xa5\x2a\xc1\x28\xb9\x32\x94\
\x4a\x8e\x94\x64\x52\x25\x17\x2a\xda\x17\x47\x89\x55\xaa\xe4\xc2\
\x18\xcf\x34\x03\x05\x46\xc5\x85\x02\x8f\x91\x6d\xeb\x7c\x55\x5c\
\xc9\xa3\xa2\xd9\x68\xb8\x14\xa9\xb8\xd0\x87\x29\x54\x91\x92\xab\
\xe4\x62\x8f\xe2\xfb\x04\x15\x57\x5d\x0a\xaf\x66\x2c\x6c\xa9\x7a\
\xab\x3f\x8e\x9b\x93\x82\xab\x87\xe3\x77\x12\x5a\xef\xcc\x59\x53\
\x05\x57\xe7\x0d\x1a\x8c\x7a\xab\x77\x16\xfa\x8b\x7a\xab\x0f\x86\
\x0d\x87\x73\x7d\xb0\x18\x3d\x10\x5c\x3d\x19\x98\x3d\xd4\x5b\x1d\
\x57\xac\x11\xea\xad\x8e\x47\x76\x34\xf5\x56\x3e\xad\x0c\xd3\x69\
\xe8\xad\xf4\x83\xd9\xf7\x92\x85\x5f\x9c\x85\xe7\xa8\xde\x7b\x5d\
\x75\xbc\xa7\xb3\x82\xe9\x74\x96\x8c\x75\x96\x2d\x23\x9d\x65\xc3\
\x41\x3a\xab\x87\x8c\x1d\x24\x58\x1e\x41\x72\xde\x75\x90\xe5\xa0\
\xf9\xd0\x21\xc6\x5e\x0c\xe2\xeb\xc9\x08\x31\x8d\x7e\x3a\xc8\x03\
\xe2\x7b\xf9\xe8\x3e\xfc\x1c\x31\x0f\x88\x66\x8c\x28\xf9\x41\xc4\
\x03\x7c\x6c\xbf\xf2\x13\xd2\x8c\x99\xa4\x2c\xec\x10\xe3\xd3\x10\
\x29\x9f\x5b\xc4\x30\x42\x4c\xe9\xf9\x88\xbe\x47\xb4\xe3\xb0\xdd\
\x80\x78\xd8\xe4\xee\x11\x63\x79\x18\x31\x3c\xe8\xe3\x4f\xaa\x87\
\x3f\xdb\xbc\x7b\xf5\x1f\x4e\x4b\x26\x32\
\x00\x00\x06\xc8\
\x3c\
\x73\x76\x67\x20\x77\x69\x64\x74\x68\x3d\x22\x33\x30\x30\x22\x20\
\x68\x65\x69\x67\x68\x74\x3d\x22\x33\x30\x30\x22\x20\x76\x69\x65\
\x77\x42\x6f\x78\x3d\x22\x30\x20\x30\x20\x33\x30\x30\x20\x33\x30\
\x30\x22\x20\x66\x69\x6c\x6c\x3d\x22\x6e\x6f\x6e\x65\x22\x20\x78\
\x6d\x6c\x6e\x73\x3d\x22\x68\x74\x74\x70\x3a\x2f\x2f\x77\x77\x77\
\x2e\x77\x33\x2e\x6f\x72\x67\x2f\x32\x30\x30\x30\x2f\x73\x76\x67\
\x22\x3e\x0a\x3c\x63\x69\x72\x63\x6c\x65\x20\x63\x78\x3d\x22\x31\
\x34\x36\x22\x20\x63\x79\x3d\x22\x33\x33\x22\x20\x72\x3d\x22\x32\
\x33\x22\x20\x66\x69\x6c\x6c\x3d\x22\x23\x32\x30\x33\x42\x34\x39\
\x22\x2f\x3e\x0a\x3c\x72\x65\x63\x74\x20\x77\x69\x64\x74\x68\x3d\
\x22\x35\x36\x22\x20\x68\x65\x69\x67\x68\x74\x3d\x22\x31\x30\x35\
\x22\x20\x74\x72\x61\x6e\x73\x66\x6f\x72\x6d\x3d\x22\x74\x72\x61\
\x6e\x73\x6c\x61\x74\x65\x28\x31\x31\x39\x20\x36\x32\x29\x22\x20\
\x66\x69\x6c\x6c\x3d\x22\x23\x32\x30\x33\x42\x34\x39\x22\x2f\x3e\
\x0a\x3c\x72\x65\x63\x74\x20\x77\x69\x64\x74\x68\x3d\x22\x32\x34\
\x22\x20\x68\x65\x69\x67\x68\x74\x3d\x22\x31\x30\x32\x22\x20\x74\
\x72\x61\x6e\x73\x66\x6f\x72\x6d\x3d\x22\x74\x72\x61\x6e\x73\x6c\
\x61\x74\x65\x28\x31\x31\x39\x20\x31\x36\x37\x29\x22\x20\x66\x69\
\x6c\x6c\x3d\x22\x23\x32\x30\x33\x42\x34\x39\x22\x2f\x3e\x0a\x3c\
\x72\x65\x63\x74\x20\x77\x69\x64\x74\x68\x3d\x22\x32\x34\x22\x20\
\x68\x65\x69\x67\x68\x74\x3d\x22\x31\x30\x32\x22\x20\x74\x72\x61\
\x6e\x73\x66\x6f\x72\x6d\x3d\x22\x74\x72\x61\x6e\x73\x6c\x61\x74\
\x65\x28\x31\x35\x31\x20\x31\x36\x37\x29\x22\x20\x66\x69\x6c\x6c\
\x3d\x22\x23\x32\x30\x33\x42\x34\x39\x22\x2f\x3e\x0a\x3c\x65\x6c\
\x6c\x69\x70\x73\x65\x20\x63\x78\x3d\x22\x31\x33\x31\x22\x20\x63\
\x79\x3d\x22\x32\x36\x38\x2e\x35\x22\x20\x72\x78\x3d\x22\x31\x32\
\x22\x20\x72\x79\x3d\x22\x31\x32\x2e\x35\x22\x20\x66\x69\x6c\x6c\
\x3d\x22\x23\x32\x30\x33\x42\x34\x39\x22\x2f\x3e\x0a\x3c\x65\x6c\
\x6c\x69\x70\x73\x65\x20\x63\x78\x3d\x22\x31\x36\x33\x22\x20\x63\
\x79\x3d\x22\x32\x36\x39\x2e\x35\x22\x20\x72\x78\x3d\x22\x31\x32\
\x22\x20\x72\x79\x3d\x22\x31\x32\x2e\x35\x22\x20\x66\x69\x6c\x6c\
\x3d\x22\x23\x32\x30\x33\x42\x34\x39\x22\x2f\x3e\x0a\x3c\x72\x65\
\x63\x74\x20\x77\x69\x64\x74\x68\x3d\x22\x31\x38\x22\x20\x68\x65\
\x69\x67\x68\x74\x3d\x22\x36\x34\x22\x20\x74\x72\x61\x6e\x73\x66\
\x6f\x72\x6d\x3d\x22\x74\x72\x61\x6e\x73\x6c\x61\x74\x65\x28\x39\
\x36\x20\x39\x34\x29\x22\x20\x66\x69\x6c\x6c\x3d\x22\x23\x32\x30\
\x33\x42\x34\x39\x22\x2f\x3e\x0a\x3c\x65\x6c\x6c\x69\x70\x73\x65\
\x20\x63\x78\x3d\x22\x31\x30\x35\x22\x20\x63\x79\x3d\x22\x31\x35\
\x38\x2e\x35\x22\x20\x72\x78\x3d\x22\x39\x22\x20\x72\x79\x3d\x22\
\x39\x2e\x35\x22\x20\x66\x69\x6c\x6c\x3d\x22\x23\x32\x30\x33\x42\
\x34\x39\x22\x2f\x3e\x0a\x3c\x72\x65\x63\x74\x20\x77\x69\x64\x74\
\x68\x3d\x22\x31\x38\x22\x20\x68\x65\x69\x67\x68\x74\x3d\x22\x36\
\x34\x22\x20\x74\x72\x61\x6e\x73\x66\x6f\x72\x6d\x3d\x22\x74\x72\
\x61\x6e\x73\x6c\x61\x74\x65\x28\x31\x37\x38\x20\x39\x34\x29\x22\
\x20\x66\x69\x6c\x6c\x3d\x22\x23\x32\x30\x33\x42\x34\x39\x22\x2f\
\x3e\x0a\x3c\x65\x6c\x6c\x69\x70\x73\x65\x20\x63\x78\x3d\x22\x31\
\x38\x37\x22\x20\x63\x79\x3d\x22\x31\x35\x38\x2e\x35\x22\x20\x72\
\x78\x3d\x22\x39\x22\x20\x72\x79\x3d\x22\x39\x2e\x35\x22\x20\x66\
\x69\x6c\x6c\x3d\x22\x23\x32\x30\x33\x42\x34\x39\x22\x2f\x3e\x0a\
\x3c\x72\x65\x63\x74\x20\x77\x69\x64\x74\x68\x3d\x22\x31\x30\x30\
\x22\x20\x68\x65\x69\x67\x68\x74\x3d\x22\x39\x22\x20\x74\x72\x61\
\x6e\x73\x66\x6f\x72\x6d\x3d\x22\x74\x72\x61\x6e\x73\x6c\x61\x74\
\x65\x28\x39\x36\x20\x38\x35\x29\x22\x20\x66\x69\x6c\x6c\x3d\x22\
\x23\x32\x30\x33\x42\x34\x39\x22\x2f\x3e\x0a\x3c\x70\x61\x74\x68\
\x20\x64\x3d\x22\x4d\x31\x30\x32\x2e\x37\x33\x37\x20\x31\x30\x30\
\x2e\x34\x31\x43\x39\x39\x2e\x35\x31\x39\x39\x20\x39\x37\x2e\x32\
\x36\x33\x32\x20\x39\x37\x2e\x33\x32\x39\x34\x20\x39\x33\x2e\x32\
\x35\x34\x31\x20\x39\x36\x2e\x34\x34\x31\x39\x20\x38\x38\x2e\x38\
\x38\x39\x35\x43\x39\x35\x2e\x35\x35\x34\x35\x20\x38\x34\x2e\x35\
\x32\x35\x20\x39\x36\x2e\x30\x31\x20\x38\x30\x2e\x30\x30\x31\x20\
\x39\x37\x2e\x37\x35\x30\x38\x20\x37\x35\x2e\x38\x38\x39\x36\x43\
\x39\x39\x2e\x34\x39\x31\x36\x20\x37\x31\x2e\x37\x37\x38\x33\x20\
\x31\x30\x32\x2e\x34\x34\x20\x36\x38\x2e\x32\x36\x34\x33\x20\x31\
\x30\x36\x2e\x32\x32\x32\x20\x36\x35\x2e\x37\x39\x31\x39\x43\x31\
\x31\x30\x2e\x30\x30\x34\x20\x36\x33\x2e\x33\x31\x39\x36\x20\x31\
\x31\x34\x2e\x34\x35\x31\x20\x36\x32\x20\x31\x31\x39\x20\x36\x32\
\x43\x31\x32\x33\x2e\x35\x34\x39\x20\x36\x32\x20\x31\x32\x37\x2e\
\x39\x39\x36\x20\x36\x33\x2e\x33\x31\x39\x36\x20\x31\x33\x31\x2e\
\x37\x37\x38\x20\x36\x35\x2e\x37\x39\x31\x39\x43\x31\x33\x35\x2e\
\x35\x36\x20\x36\x38\x2e\x32\x36\x34\x33\x20\x31\x33\x38\x2e\x35\
\x30\x38\x20\x37\x31\x2e\x37\x37\x38\x33\x20\x31\x34\x30\x2e\x32\
\x34\x39\x20\x37\x35\x2e\x38\x38\x39\x36\x43\x31\x34\x31\x2e\x39\
\x39\x20\x38\x30\x2e\x30\x30\x31\x20\x31\x34\x32\x2e\x34\x34\x36\
\x20\x38\x34\x2e\x35\x32\x35\x20\x31\x34\x31\x2e\x35\x35\x38\x20\
\x38\x38\x2e\x38\x38\x39\x35\x43\x31\x34\x30\x2e\x36\x37\x31\x20\
\x39\x33\x2e\x32\x35\x34\x31\x20\x31\x33\x38\x2e\x34\x38\x20\x39\
\x37\x2e\x32\x36\x33\x32\x20\x31\x33\x35\x2e\x32\x36\x33\x20\x31\
\x30\x30\x2e\x34\x31\x4c\x31\x31\x39\x20\x38\x34\x2e\x35\x4c\x31\
\x30\x32\x2e\x37\x33\x37\x20\x31\x30\x30\x2e\x34\x31\x5a\x22\x20\
\x66\x69\x6c\x6c\x3d\x22\x23\x32\x30\x33\x42\x34\x39\x22\x2f\x3e\
\x0a\x3c\x70\x61\x74\x68\x20\x64\x3d\x22\x4d\x31\x39\x35\x2e\x34\
\x35\x32\x20\x38\x39\x2e\x33\x38\x30\x39\x43\x31\x39\x36\x2e\x33\
\x31\x34\x20\x38\x35\x2e\x35\x38\x37\x37\x20\x31\x39\x36\x2e\x31\
\x35\x37\x20\x38\x31\x2e\x36\x34\x30\x38\x20\x31\x39\x34\x2e\x39\
\x39\x36\x20\x37\x37\x2e\x39\x32\x34\x36\x43\x31\x39\x33\x2e\x38\
\x33\x35\x20\x37\x34\x2e\x32\x30\x38\x35\x20\x31\x39\x31\x2e\x37\
\x31\x20\x37\x30\x2e\x38\x34\x39\x38\x20\x31\x38\x38\x2e\x38\x32\
\x38\x20\x36\x38\x2e\x31\x37\x35\x36\x43\x31\x38\x35\x2e\x39\x34\
\x37\x20\x36\x35\x2e\x35\x30\x31\x35\x20\x31\x38\x32\x2e\x34\x30\
\x36\x20\x36\x33\x2e\x36\x30\x33\x20\x31\x37\x38\x2e\x35\x35\x31\
\x20\x36\x32\x2e\x36\x36\x35\x32\x43\x31\x37\x34\x2e\x36\x39\x36\
\x20\x36\x31\x2e\x37\x32\x37\x33\x20\x31\x37\x30\x2e\x36\x35\x39\
\x20\x36\x31\x2e\x37\x38\x32\x31\x20\x31\x36\x36\x2e\x38\x33\x32\
\x20\x36\x32\x2e\x38\x32\x34\x43\x31\x36\x33\x2e\x30\x30\x36\x20\
\x36\x33\x2e\x38\x36\x36\x20\x31\x35\x39\x2e\x35\x32\x20\x36\x35\
\x2e\x38\x35\x39\x37\x20\x31\x35\x36\x2e\x37\x31\x35\x20\x36\x38\
\x2e\x36\x31\x31\x43\x31\x35\x33\x2e\x39\x31\x20\x37\x31\x2e\x33\
\x36\x32\x33\x20\x31\x35\x31\x2e\x38\x38\x31\x20\x37\x34\x2e\x37\
\x37\x37\x33\x20\x31\x35\x30\x2e\x38\x32\x36\x20\x37\x38\x2e\x35\
\x32\x33\x35\x43\x31\x34\x39\x2e\x37\x37\x31\x20\x38\x32\x2e\x32\
\x36\x39\x37\x20\x31\x34\x39\x2e\x37\x32\x36\x20\x38\x36\x2e\x32\
\x31\x39\x33\x20\x31\x35\x30\x2e\x36\x39\x35\x20\x38\x39\x2e\x39\
\x38\x37\x38\x43\x31\x35\x31\x2e\x36\x36\x33\x20\x39\x33\x2e\x37\
\x35\x36\x32\x20\x31\x35\x33\x2e\x36\x31\x33\x20\x39\x37\x2e\x32\
\x31\x34\x39\x20\x31\x35\x36\x2e\x33\x35\x34\x20\x31\x30\x30\x2e\
\x30\x32\x37\x4c\x31\x37\x33\x20\x38\x34\x2e\x35\x4c\x31\x39\x35\
\x2e\x34\x35\x32\x20\x38\x39\x2e\x33\x38\x30\x39\x5a\x22\x20\x66\
\x69\x6c\x6c\x3d\x22\x23\x32\x30\x33\x42\x34\x39\x22\x2f\x3e\x0a\
\x3c\x2f\x73\x76\x67\x3e\x0a\
\x00\x00\x09\x73\
\x3c\
\x73\x76\x67\x20\x77\x69\x64\x74\x68\x3d\x22\x33\x30\x30\x22\x20\
\x68\x65\x69\x67\x68\x74\x3d\x22\x33\x30\x30\x22\x20\x76\x69\x65\
\x77\x42\x6f\x78\x3d\x22\x30\x20\x30\x20\x33\x30\x30\x20\x33\x30\
\x30\x22\x20\x66\x69\x6c\x6c\x3d\x22\x6e\x6f\x6e\x65\x22\x20\x78\
\x6d\x6c\x6e\x73\x3d\x22\x68\x74\x74\x70\x3a\x2f\x2f\x77\x77\x77\
\x2e\x77\x33\x2e\x6f\x72\x67\x2f\x32\x30\x30\x30\x2f\x73\x76\x67\
\x22\x3e\x0a\x3c\x72\x65\x63\x74\x20\x78\x3d\x22\x36\x36\x2e\x36\
\x37\x36\x31\x22\x20\x79\x3d\x22\x31\x38\x35\x2e\x39\x34\x31\x22\
\x20\x77\x69\x64\x74\x68\x3d\x22\x33\x33\x2e\x37\x36\x35\x33\x22\
\x20\x68\x65\x69\x67\x68\x74\x3d\x22\x33\x30\x2e\x34\x39\x35\x31\
\x22\x20\x72\x78\x3d\x22\x35\x22\x20\x66\x69\x6c\x6c\x3d\x22\x23\
\x30\x41\x32\x44\x33\x43\x22\x2f\x3e\x0a\x3c\x72\x65\x63\x74\x20\
\x78\x3d\x22\x38\x34\x2e\x31\x30\x33\x33\x22\x20\x79\x3d\x22\x34\
\x30\x22\x20\x77\x69\x64\x74\x68\x3d\x22\x31\x39\x2e\x36\x30\x35\
\x36\x22\x20\x68\x65\x69\x67\x68\x74\x3d\x22\x35\x32\x2e\x32\x37\
\x37\x32\x22\x20\x72\x78\x3d\x22\x39\x2e\x38\x30\x32\x38\x32\x22\
\x20\x66\x69\x6c\x6c\x3d\x22\x23\x30\x41\x32\x44\x33\x43\x22\x2f\
\x3e\x0a\x3c\x72\x65\x63\x74\x20\x78\x3d\x22\x31\x36\x37\x2e\x39\
\x37\x32\x22\x20\x79\x3d\x22\x34\x30\x22\x20\x77\x69\x64\x74\x68\
\x3d\x22\x31\x39\x2e\x36\x30\x35\x36\x22\x20\x68\x65\x69\x67\x68\
\x74\x3d\x22\x35\x32\x2e\x32\x37\x37\x32\x22\x20\x72\x78\x3d\x22\
\x39\x2e\x38\x30\x32\x38\x32\x22\x20\x66\x69\x6c\x6c\x3d\x22\x23\
\x30\x41\x32\x44\x33\x43\x22\x2f\x3e\x0a\x3c\x72\x65\x63\x74\x20\
\x78\x3d\x22\x36\x36\x2e\x36\x37\x36\x31\x22\x20\x79\x3d\x22\x31\
\x33\x39\x2e\x31\x30\x39\x22\x20\x77\x69\x64\x74\x68\x3d\x22\x33\
\x33\x2e\x37\x36\x35\x33\x22\x20\x68\x65\x69\x67\x68\x74\x3d\x22\
\x33\x30\x2e\x34\x39\x35\x31\x22\x20\x72\x78\x3d\x22\x35\x22\x20\
\x66\x69\x6c\x6c\x3d\x22\x23\x30\x41\x32\x44\x33\x43\x22\x2f\x3e\
\x0a\x3c\x72\x65\x63\x74\x20\x78\x3d\x22\x31\x32\x32\x2e\x32\x32\
\x35\x22\x20\x79\x3d\x22\x31\x33\x39\x2e\x31\x30\x39\x22\x20\x77\
\x69\x64\x74\x68\x3d\x22\x33\x33\x2e\x37\x36\x35\x33\x22\x20\x68\
\x65\x69\x67\x68\x74\x3d\x22\x33\x30\x2e\x34\x39\x35\x31\x22\x20\
\x72\x78\x3d\x22\x35\x22\x20\x66\x69\x6c\x6c\x3d\x22\x23\x30\x41\
\x32\x44\x33\x43\x22\x2f\x3e\x0a\x3c\x70\x61\x74\x68\x20\x64\x3d\
\x22\x4d\x32\x30\x36\x2e\x35\x34\x20\x31\x33\x39\x2e\x31\x30\x39\
\x43\x32\x30\x38\x2e\x36\x39\x38\x20\x31\x33\x39\x2e\x31\x30\x39\
\x20\x32\x31\x30\x2e\x35\x33\x36\x20\x31\x34\x30\x2e\x34\x37\x36\
\x20\x32\x31\x31\x2e\x32\x33\x37\x20\x31\x34\x32\x2e\x33\x39\x31\
\x43\x31\x39\x38\x2e\x39\x31\x37\x20\x31\x34\x32\x2e\x36\x35\x33\
\x20\x31\x38\x37\x2e\x34\x35\x31\x20\x31\x34\x36\x2e\x33\x38\x32\
\x20\x31\x37\x37\x2e\x37\x37\x35\x20\x31\x35\x32\x2e\x36\x34\x56\
\x31\x34\x34\x2e\x31\x30\x39\x43\x31\x37\x37\x2e\x37\x37\x35\x20\
\x31\x34\x31\x2e\x33\x34\x37\x20\x31\x38\x30\x2e\x30\x31\x33\x20\
\x31\x33\x39\x2e\x31\x30\x39\x20\x31\x38\x32\x2e\x37\x37\x35\x20\
\x31\x33\x39\x2e\x31\x30\x39\x48\x32\x30\x36\x2e\x35\x34\x5a\x22\
\x20\x66\x69\x6c\x6c\x3d\x22\x23\x30\x41\x32\x44\x33\x43\x22\x2f\
\x3e\x0a\x3c\x70\x61\x74\x68\x20\x64\x3d\x22\x4d\x31\x35\x30\x2e\
\x39\x39\x31\x20\x31\x38\x35\x2e\x39\x34\x31\x43\x31\x35\x31\x2e\
\x32\x35\x20\x31\x38\x35\x2e\x39\x34\x31\x20\x31\x35\x31\x2e\x35\
\x30\x34\x20\x31\x38\x35\x2e\x39\x36\x20\x31\x35\x31\x2e\x37\x35\
\x32\x20\x31\x38\x35\x2e\x39\x39\x38\x43\x31\x34\x39\x2e\x35\x35\
\x37\x20\x31\x39\x32\x2e\x34\x37\x35\x20\x31\x34\x38\x2e\x33\x36\
\x36\x20\x31\x39\x39\x2e\x34\x31\x36\x20\x31\x34\x38\x2e\x33\x36\
\x36\x20\x32\x30\x36\x2e\x36\x33\x34\x43\x31\x34\x38\x2e\x33\x36\
\x36\x20\x32\x30\x39\x2e\x39\x36\x37\x20\x31\x34\x38\x2e\x36\x32\
\x20\x32\x31\x33\x2e\x32\x34\x20\x31\x34\x39\x2e\x31\x30\x39\x20\
\x32\x31\x36\x2e\x34\x33\x36\x48\x31\x32\x37\x2e\x32\x32\x35\x43\
\x31\x32\x34\x2e\x34\x36\x34\x20\x32\x31\x36\x2e\x34\x33\x36\x20\
\x31\x32\x32\x2e\x32\x32\x35\x20\x32\x31\x34\x2e\x31\x39\x37\x20\
\x31\x32\x32\x2e\x32\x32\x35\x20\x32\x31\x31\x2e\x34\x33\x36\x56\
\x31\x39\x30\x2e\x39\x34\x31\x43\x31\x32\x32\x2e\x32\x32\x35\x20\
\x31\x38\x38\x2e\x31\x37\x39\x20\x31\x32\x34\x2e\x34\x36\x34\x20\
\x31\x38\x35\x2e\x39\x34\x31\x20\x31\x32\x37\x2e\x32\x32\x35\x20\
\x31\x38\x35\x2e\x39\x34\x31\x48\x31\x35\x30\x2e\x39\x39\x31\x5a\
\x22\x20\x66\x69\x6c\x6c\x3d\x22\x23\x30\x41\x32\x44\x33\x43\x22\
\x2f\x3e\x0a\x3c\x70\x61\x74\x68\x20\x64\x3d\x22\x4d\x37\x35\x2e\
\x31\x39\x32\x31\x20\x37\x39\x2e\x32\x30\x37\x43\x37\x35\x2e\x31\
\x39\x32\x31\x20\x39\x30\x2e\x31\x34\x33\x37\x20\x38\x34\x2e\x30\
\x35\x38\x32\x20\x39\x39\x2e\x30\x30\x39\x35\x20\x39\x34\x2e\x39\
\x39\x34\x38\x20\x39\x39\x2e\x30\x30\x39\x38\x43\x31\x30\x35\x2e\
\x39\x33\x32\x20\x39\x39\x2e\x30\x30\x39\x38\x20\x31\x31\x34\x2e\
\x37\x39\x38\x20\x39\x30\x2e\x31\x34\x33\x38\x20\x31\x31\x34\x2e\
\x37\x39\x38\x20\x37\x39\x2e\x32\x30\x37\x56\x36\x31\x2e\x37\x38\
\x32\x32\x48\x31\x36\x30\x2e\x31\x35\x56\x37\x39\x2e\x32\x30\x37\
\x43\x31\x36\x30\x2e\x31\x35\x20\x39\x30\x2e\x31\x34\x33\x37\x20\
\x31\x36\x39\x2e\x30\x31\x36\x20\x39\x39\x2e\x30\x30\x39\x36\x20\
\x31\x37\x39\x2e\x39\x35\x33\x20\x39\x39\x2e\x30\x30\x39\x38\x43\
\x31\x39\x30\x2e\x38\x39\x20\x39\x39\x2e\x30\x30\x39\x38\x20\x31\
\x39\x39\x2e\x37\x35\x36\x20\x39\x30\x2e\x31\x34\x33\x38\x20\x31\
\x39\x39\x2e\x37\x35\x36\x20\x37\x39\x2e\x32\x30\x37\x56\x36\x31\
\x2e\x37\x38\x32\x32\x48\x32\x32\x31\x2e\x36\x38\x43\x32\x33\x30\
\x2e\x35\x31\x37\x20\x36\x31\x2e\x37\x38\x32\x32\x20\x32\x33\x37\
\x2e\x36\x38\x20\x36\x38\x2e\x39\x34\x35\x37\x20\x32\x33\x37\x2e\
\x36\x38\x20\x37\x37\x2e\x37\x38\x32\x32\x56\x31\x31\x35\x2e\x31\
\x34\x38\x48\x33\x36\x2e\x31\x37\x38\x34\x56\x37\x37\x2e\x37\x38\
\x32\x32\x43\x33\x36\x2e\x31\x37\x38\x34\x20\x36\x38\x2e\x39\x34\
\x35\x37\x20\x34\x33\x2e\x33\x34\x31\x38\x20\x36\x31\x2e\x37\x38\
\x32\x32\x20\x35\x32\x2e\x31\x37\x38\x34\x20\x36\x31\x2e\x37\x38\
\x32\x32\x48\x37\x35\x2e\x31\x39\x32\x31\x56\x37\x39\x2e\x32\x30\
\x37\x5a\x22\x20\x66\x69\x6c\x6c\x3d\x22\x23\x30\x41\x32\x44\x33\
\x43\x22\x2f\x3e\x0a\x3c\x70\x61\x74\x68\x20\x64\x3d\x22\x4d\x37\
\x35\x2e\x31\x39\x32\x34\x20\x36\x33\x2e\x35\x31\x34\x39\x48\x35\
\x30\x43\x34\x33\x2e\x39\x32\x34\x39\x20\x36\x33\x2e\x35\x31\x34\
\x39\x20\x33\x39\x20\x36\x38\x2e\x34\x33\x39\x38\x20\x33\x39\x20\
\x37\x34\x2e\x35\x31\x34\x39\x56\x32\x33\x34\x2e\x31\x39\x38\x43\
\x33\x39\x2e\x30\x30\x30\x32\x20\x32\x34\x30\x2e\x32\x37\x33\x20\
\x34\x33\x2e\x39\x32\x35\x20\x32\x34\x35\x2e\x31\x39\x38\x20\x35\
\x30\x20\x32\x34\x35\x2e\x31\x39\x38\x48\x31\x36\x31\x2e\x32\x32\
\x33\x43\x31\x36\x32\x2e\x35\x32\x38\x20\x32\x34\x36\x2e\x39\x33\
\x36\x20\x31\x36\x33\x2e\x39\x32\x20\x32\x34\x38\x2e\x36\x30\x34\
\x20\x31\x36\x35\x2e\x33\x39\x32\x20\x32\x35\x30\x2e\x31\x39\x38\
\x48\x35\x30\x4c\x34\x39\x2e\x35\x38\x36\x39\x20\x32\x35\x30\x2e\
\x31\x39\x33\x43\x34\x31\x2e\x30\x37\x38\x34\x20\x32\x34\x39\x2e\
\x39\x37\x37\x20\x33\x34\x2e\x32\x32\x30\x32\x20\x32\x34\x33\x2e\
\x31\x31\x39\x20\x33\x34\x2e\x30\x30\x34\x39\x20\x32\x33\x34\x2e\
\x36\x31\x31\x4c\x33\x34\x20\x32\x33\x34\x2e\x31\x39\x38\x56\x37\
\x34\x2e\x35\x31\x34\x39\x43\x33\x34\x20\x36\x35\x2e\x36\x37\x38\
\x33\x20\x34\x31\x2e\x31\x36\x33\x34\x20\x35\x38\x2e\x35\x31\x34\
\x39\x20\x35\x30\x20\x35\x38\x2e\x35\x31\x34\x39\x48\x37\x35\x2e\
\x31\x39\x32\x34\x56\x36\x33\x2e\x35\x31\x34\x39\x5a\x4d\x32\x32\
\x34\x2e\x39\x34\x38\x20\x35\x38\x2e\x35\x31\x34\x39\x43\x32\x33\
\x33\x2e\x37\x38\x35\x20\x35\x38\x2e\x35\x31\x34\x39\x20\x32\x34\
\x30\x2e\x39\x34\x38\x20\x36\x35\x2e\x36\x37\x38\x33\x20\x32\x34\
\x30\x2e\x39\x34\x38\x20\x37\x34\x2e\x35\x31\x34\x39\x56\x31\x34\
\x38\x2e\x39\x33\x37\x43\x32\x33\x39\x2e\x33\x31\x39\x20\x31\x34\
\x38\x2e\x31\x33\x36\x20\x32\x33\x37\x2e\x36\x35\x31\x20\x31\x34\
\x37\x2e\x34\x30\x32\x20\x32\x33\x35\x2e\x39\x34\x38\x20\x31\x34\
\x36\x2e\x37\x33\x39\x56\x37\x34\x2e\x35\x31\x34\x39\x43\x32\x33\
\x35\x2e\x39\x34\x38\x20\x36\x38\x2e\x34\x33\x39\x38\x20\x32\x33\
\x31\x2e\x30\x32\x33\x20\x36\x33\x2e\x35\x31\x34\x39\x20\x32\x32\
\x34\x2e\x39\x34\x38\x20\x36\x33\x2e\x35\x31\x34\x39\x48\x31\x39\
\x39\x2e\x37\x35\x36\x56\x35\x38\x2e\x35\x31\x34\x39\x48\x32\x32\
\x34\x2e\x39\x34\x38\x5a\x4d\x31\x36\x30\x2e\x31\x35\x20\x36\x33\
\x2e\x35\x31\x34\x39\x48\x31\x31\x34\x2e\x37\x39\x38\x56\x35\x38\
\x2e\x35\x31\x34\x39\x48\x31\x36\x30\x2e\x31\x35\x56\x36\x33\x2e\
\x35\x31\x34\x39\x5a\x22\x20\x66\x69\x6c\x6c\x3d\x22\x23\x30\x41\
\x32\x44\x33\x43\x22\x2f\x3e\x0a\x3c\x70\x61\x74\x68\x20\x64\x3d\
\x22\x4d\x32\x31\x36\x2e\x39\x38\x36\x20\x31\x36\x36\x2e\x39\x38\
\x43\x32\x34\x31\x2e\x32\x39\x34\x20\x31\x36\x36\x2e\x39\x38\x20\
\x32\x36\x31\x20\x31\x38\x36\x2e\x36\x38\x34\x20\x32\x36\x31\x20\
\x32\x31\x30\x2e\x39\x39\x43\x32\x36\x31\x20\x32\x33\x35\x2e\x32\
\x39\x36\x20\x32\x34\x31\x2e\x32\x39\x34\x20\x32\x35\x35\x20\x32\
\x31\x36\x2e\x39\x38\x36\x20\x32\x35\x35\x43\x31\x39\x32\x2e\x36\
\x37\x37\x20\x32\x35\x35\x20\x31\x37\x32\x2e\x39\x37\x32\x20\x32\
\x33\x35\x2e\x32\x39\x35\x20\x31\x37\x32\x2e\x39\x37\x32\x20\x32\
\x31\x30\x2e\x39\x39\x43\x31\x37\x32\x2e\x39\x37\x32\x20\x31\x38\
\x36\x2e\x36\x38\x35\x20\x31\x39\x32\x2e\x36\x37\x37\x20\x31\x36\
\x36\x2e\x39\x38\x20\x32\x31\x36\x2e\x39\x38\x36\x20\x31\x36\x36\
\x2e\x39\x38\x5a\x22\x20\x73\x74\x72\x6f\x6b\x65\x3d\x22\x23\x30\
\x41\x32\x44\x33\x43\x22\x20\x73\x74\x72\x6f\x6b\x65\x2d\x77\x69\
\x64\x74\x68\x3d\x22\x31\x30\x22\x2f\x3e\x0a\x3c\x72\x65\x63\x74\
\x20\x78\x3d\x22\x32\x30\x36\x2e\x30\x39\x34\x22\x20\x79\x3d\x22\
\x31\x38\x35\x2e\x39\x34\x31\x22\x20\x77\x69\x64\x74\x68\x3d\x22\
\x39\x2e\x38\x30\x32\x38\x32\x22\x20\x68\x65\x69\x67\x68\x74\x3d\
\x22\x33\x37\x2e\x30\x32\x39\x37\x22\x20\x66\x69\x6c\x6c\x3d\x22\
\x23\x30\x41\x32\x44\x33\x43\x22\x2f\x3e\x0a\x3c\x72\x65\x63\x74\
\x20\x78\x3d\x22\x32\x30\x38\x2e\x32\x37\x32\x22\x20\x79\x3d\x22\
\x32\x31\x34\x2e\x32\x35\x37\x22\x20\x77\x69\x64\x74\x68\x3d\x22\
\x33\x32\x2e\x36\x37\x36\x31\x22\x20\x68\x65\x69\x67\x68\x74\x3d\
\x22\x38\x2e\x37\x31\x32\x38\x37\x22\x20\x66\x69\x6c\x6c\x3d\x22\
\x23\x30\x41\x32\x44\x33\x43\x22\x2f\x3e\x0a\x3c\x2f\x73\x76\x67\
\x3e\x0a\
\x00\x00\x0b\x34\
\x3c\
\x73\x76\x67\x20\x77\x69\x64\x74\x68\x3d\x22\x35\x31\x32\x22\x20\
\x68\x65\x69\x67\x68\x74\x3d\x22\x35\x31\x32\x22\x20\x76\x69\x65\
\x77\x42\x6f\x78\x3d\x22\x30\x20\x30\x20\x35\x31\x32\x20\x35\x31\
\x32\x22\x20\x66\x69\x6c\x6c\x3d\x22\x6e\x6f\x6e\x65\x22\x20\x78\
\x6d\x6c\x6e\x73\x3d\x22\x68\x74\x74\x70\x3a\x2f\x2f\x77\x77\x77\
\x2e\x77\x33\x2e\x6f\x72\x67\x2f\x32\x30\x30\x30\x2f\x73\x76\x67\
\x22\x3e\x0a\x3c\x70\x61\x74\x68\x20\x64\x3d\x22\x4d\x32\x36\x31\
\x2e\x37\x32\x37\x20\x33\x35\x2e\x30\x30\x32\x43\x33\x33\x32\x2e\
\x35\x39\x36\x20\x33\x35\x2e\x38\x36\x33\x20\x33\x38\x39\x2e\x37\
\x37\x20\x39\x31\x2e\x32\x32\x37\x39\x20\x33\x38\x39\x2e\x37\x37\
\x31\x20\x31\x35\x39\x2e\x33\x39\x39\x43\x33\x38\x39\x2e\x37\x37\
\x31\x20\x31\x38\x30\x2e\x32\x38\x36\x20\x33\x38\x34\x2e\x34\x30\
\x33\x20\x31\x39\x39\x2e\x39\x36\x39\x20\x33\x37\x34\x2e\x39\x32\
\x20\x32\x31\x37\x2e\x32\x35\x32\x43\x33\x38\x38\x2e\x34\x33\x32\
\x20\x32\x31\x37\x2e\x32\x39\x33\x20\x34\x30\x32\x2e\x31\x30\x36\
\x20\x32\x31\x39\x2e\x36\x32\x33\x20\x34\x31\x35\x2e\x34\x35\x32\
\x20\x32\x32\x34\x2e\x34\x38\x37\x43\x34\x37\x39\x2e\x35\x30\x33\
\x20\x32\x34\x37\x2e\x38\x33\x34\x20\x35\x31\x31\x2e\x38\x39\x39\
\x20\x33\x32\x30\x2e\x37\x33\x33\x20\x34\x38\x38\x2e\x32\x39\x31\
\x20\x33\x38\x37\x2e\x37\x39\x32\x43\x35\x30\x37\x2e\x35\x32\x31\
\x20\x33\x33\x32\x2e\x37\x32\x35\x20\x34\x37\x39\x2e\x37\x35\x36\
\x20\x32\x37\x32\x2e\x35\x32\x38\x20\x34\x32\x35\x2e\x37\x38\x31\
\x20\x32\x35\x32\x2e\x38\x35\x34\x43\x34\x30\x38\x2e\x37\x33\x39\
\x20\x32\x34\x36\x2e\x36\x34\x33\x20\x33\x39\x31\x2e\x31\x30\x34\
\x20\x32\x34\x35\x2e\x32\x30\x38\x20\x33\x37\x34\x2e\x33\x30\x33\
\x20\x32\x34\x37\x2e\x38\x37\x43\x33\x37\x37\x2e\x39\x32\x32\x20\
\x32\x35\x39\x2e\x32\x30\x38\x20\x33\x37\x39\x2e\x38\x37\x36\x20\
\x32\x37\x31\x2e\x32\x38\x31\x20\x33\x37\x39\x2e\x38\x37\x36\x20\
\x32\x38\x33\x2e\x38\x30\x38\x43\x33\x37\x39\x2e\x38\x37\x36\x20\
\x33\x33\x37\x2e\x39\x34\x37\x20\x33\x34\x33\x2e\x34\x30\x39\x20\
\x33\x38\x33\x2e\x36\x33\x32\x20\x32\x39\x33\x2e\x35\x31\x39\x20\
\x33\x39\x38\x2e\x30\x30\x34\x43\x33\x30\x34\x2e\x36\x36\x37\x20\
\x34\x32\x33\x2e\x30\x30\x39\x20\x33\x32\x35\x2e\x33\x35\x34\x20\
\x34\x34\x33\x2e\x35\x33\x35\x20\x33\x35\x32\x2e\x38\x33\x39\x20\
\x34\x35\x33\x2e\x35\x35\x33\x43\x34\x30\x36\x2e\x38\x32\x20\x34\
\x37\x33\x2e\x32\x32\x39\x20\x34\x36\x36\x2e\x37\x33\x35\x20\x34\
\x34\x34\x2e\x39\x38\x20\x34\x38\x37\x2e\x33\x34\x32\x20\x33\x39\
\x30\x2e\x34\x30\x35\x4c\x34\x38\x37\x2e\x32\x33\x38\x20\x33\x39\
\x30\x2e\x36\x38\x36\x43\x34\x36\x32\x2e\x31\x39\x31\x20\x34\x35\
\x37\x2e\x30\x38\x33\x20\x33\x39\x30\x2e\x36\x38\x36\x20\x34\x39\
\x31\x2e\x39\x35\x31\x20\x33\x32\x36\x2e\x37\x31\x39\x20\x34\x36\
\x38\x2e\x36\x33\x35\x43\x32\x39\x34\x2e\x34\x33\x39\x20\x34\x35\
\x36\x2e\x38\x36\x39\x20\x32\x37\x30\x2e\x31\x39\x39\x20\x34\x33\
\x32\x2e\x35\x31\x37\x20\x32\x35\x37\x2e\x31\x31\x35\x20\x34\x30\
\x32\x2e\x36\x37\x43\x32\x35\x35\x2e\x35\x33\x20\x34\x30\x32\x2e\
\x36\x33\x32\x20\x32\x35\x33\x2e\x39\x35\x33\x20\x34\x30\x32\x2e\
\x35\x36\x34\x20\x32\x35\x32\x2e\x33\x38\x34\x20\x34\x30\x32\x2e\
\x34\x36\x36\x43\x32\x33\x32\x2e\x34\x30\x31\x20\x34\x34\x36\x2e\
\x32\x33\x20\x31\x38\x39\x2e\x36\x38\x38\x20\x34\x37\x36\x2e\x34\
\x36\x38\x20\x31\x34\x30\x2e\x32\x32\x20\x34\x37\x36\x2e\x34\x36\
\x38\x43\x37\x32\x2e\x30\x35\x37\x35\x20\x34\x37\x36\x2e\x34\x36\
\x38\x20\x31\x36\x2e\x37\x31\x38\x38\x20\x34\x31\x39\x2e\x30\x36\
\x20\x31\x36\x2e\x30\x30\x31\x20\x33\x34\x37\x2e\x39\x35\x39\x43\
\x31\x36\x2e\x37\x33\x36\x36\x20\x34\x30\x36\x2e\x32\x39\x32\x20\
\x36\x33\x2e\x33\x38\x36\x31\x20\x34\x35\x33\x2e\x33\x34\x38\x20\
\x31\x32\x30\x2e\x38\x32\x35\x20\x34\x35\x33\x2e\x33\x34\x39\x43\
\x31\x36\x32\x2e\x30\x31\x39\x20\x34\x35\x33\x2e\x33\x34\x39\x20\
\x31\x39\x37\x2e\x36\x36\x32\x20\x34\x32\x39\x2e\x31\x34\x35\x20\
\x32\x31\x34\x2e\x38\x30\x31\x20\x33\x39\x33\x2e\x39\x33\x37\x43\
\x31\x37\x31\x2e\x30\x35\x34\x20\x33\x37\x36\x2e\x32\x32\x31\x20\
\x31\x34\x30\x2e\x32\x32\x34\x20\x33\x33\x33\x2e\x35\x38\x37\x20\
\x31\x34\x30\x2e\x32\x32\x34\x20\x32\x38\x33\x2e\x38\x30\x38\x43\
\x31\x34\x30\x2e\x32\x32\x34\x20\x32\x36\x39\x2e\x35\x35\x37\x20\
\x31\x34\x32\x2e\x37\x35\x31\x20\x32\x35\x35\x2e\x38\x39\x31\x20\
\x31\x34\x37\x2e\x33\x38\x34\x20\x32\x34\x33\x2e\x32\x32\x39\x43\
\x31\x33\x38\x2e\x39\x30\x32\x20\x32\x34\x30\x2e\x39\x37\x33\x20\
\x31\x33\x30\x2e\x30\x30\x31\x20\x32\x33\x39\x2e\x37\x37\x31\x20\
\x31\x32\x30\x2e\x38\x32\x35\x20\x32\x33\x39\x2e\x37\x37\x31\x43\
\x36\x33\x2e\x33\x37\x39\x39\x20\x32\x33\x39\x2e\x37\x37\x31\x20\
\x31\x36\x2e\x37\x32\x35\x38\x20\x32\x38\x36\x2e\x38\x33\x37\x20\
\x31\x36\x20\x33\x34\x35\x2e\x31\x37\x39\x4c\x31\x36\x2e\x30\x30\
\x32\x20\x33\x34\x34\x2e\x38\x38\x43\x31\x36\x2e\x38\x36\x32\x20\
\x32\x37\x33\x2e\x39\x30\x38\x20\x37\x32\x2e\x31\x34\x37\x20\x32\
\x31\x36\x2e\x36\x35\x31\x20\x31\x34\x30\x2e\x32\x32\x20\x32\x31\
\x36\x2e\x36\x35\x31\x43\x31\x34\x31\x2e\x37\x38\x38\x20\x32\x31\
\x36\x2e\x36\x35\x31\x20\x31\x34\x33\x2e\x33\x34\x39\x20\x32\x31\
\x36\x2e\x36\x38\x32\x20\x31\x34\x34\x2e\x39\x30\x33\x20\x32\x31\
\x36\x2e\x37\x34\x32\x43\x31\x33\x35\x2e\x35\x39\x33\x20\x31\x39\
\x39\x2e\x35\x38\x32\x20\x31\x33\x30\x2e\x33\x33\x20\x31\x38\x30\
\x2e\x30\x38\x31\x20\x31\x33\x30\x2e\x33\x33\x20\x31\x35\x39\x2e\
\x33\x39\x39\x43\x31\x33\x30\x2e\x33\x33\x20\x39\x31\x2e\x31\x33\
\x38\x34\x20\x31\x38\x37\x2e\x36\x35\x34\x20\x33\x35\x2e\x37\x31\
\x39\x38\x20\x32\x35\x38\x2e\x36\x35\x32\x20\x33\x35\x2e\x30\x30\
\x31\x43\x32\x30\x30\x2e\x34\x30\x34\x20\x33\x35\x2e\x37\x33\x37\
\x37\x20\x31\x35\x33\x2e\x34\x31\x35\x20\x38\x32\x2e\x34\x35\x35\
\x31\x20\x31\x35\x33\x2e\x34\x31\x35\x20\x31\x33\x39\x2e\x39\x37\
\x38\x43\x31\x35\x33\x2e\x34\x31\x35\x20\x31\x36\x32\x2e\x39\x34\
\x32\x20\x31\x36\x30\x2e\x39\x30\x36\x20\x31\x38\x34\x2e\x31\x38\
\x34\x20\x31\x37\x33\x2e\x36\x31\x31\x20\x32\x30\x31\x2e\x34\x36\
\x36\x43\x31\x39\x35\x2e\x34\x31\x37\x20\x31\x37\x38\x2e\x39\x33\
\x34\x20\x32\x32\x36\x2e\x30\x38\x32\x20\x31\x36\x34\x2e\x39\x30\
\x38\x20\x32\x36\x30\x2e\x30\x35\x20\x31\x36\x34\x2e\x39\x30\x38\
\x43\x32\x39\x34\x2e\x30\x31\x38\x20\x31\x36\x34\x2e\x39\x30\x38\
\x20\x33\x32\x34\x2e\x36\x38\x33\x20\x31\x37\x38\x2e\x39\x33\x34\
\x20\x33\x34\x36\x2e\x34\x38\x38\x20\x32\x30\x31\x2e\x34\x36\x36\
\x43\x33\x35\x39\x2e\x31\x39\x33\x20\x31\x38\x34\x2e\x31\x38\x34\
\x20\x33\x36\x36\x2e\x36\x38\x35\x20\x31\x36\x32\x2e\x39\x34\x32\
\x20\x33\x36\x36\x2e\x36\x38\x35\x20\x31\x33\x39\x2e\x39\x37\x38\
\x43\x33\x36\x36\x2e\x36\x38\x35\x20\x38\x32\x2e\x34\x34\x38\x38\
\x20\x33\x31\x39\x2e\x36\x38\x36\x20\x33\x35\x2e\x37\x32\x36\x38\
\x20\x32\x36\x31\x2e\x34\x32\x39\x20\x33\x35\x4c\x32\x36\x31\x2e\
\x37\x32\x37\x20\x33\x35\x2e\x30\x30\x32\x5a\x4d\x32\x35\x39\x2e\
\x35\x36\x20\x31\x39\x31\x2e\x31\x30\x36\x43\x32\x33\x32\x2e\x38\
\x39\x36\x20\x31\x39\x31\x2e\x31\x30\x36\x20\x32\x30\x38\x2e\x38\
\x38\x36\x20\x32\x30\x32\x2e\x35\x37\x38\x20\x31\x39\x32\x2e\x31\
\x30\x39\x20\x32\x32\x30\x2e\x38\x39\x37\x43\x32\x30\x36\x2e\x31\
\x20\x32\x33\x32\x2e\x32\x39\x36\x20\x32\x32\x33\x2e\x30\x39\x36\
\x20\x32\x34\x30\x2e\x32\x34\x33\x20\x32\x34\x31\x2e\x37\x35\x32\
\x20\x32\x34\x33\x2e\x34\x32\x56\x32\x35\x39\x2e\x34\x30\x36\x43\
\x32\x33\x31\x2e\x37\x33\x39\x20\x32\x36\x34\x2e\x33\x33\x38\x20\
\x32\x32\x34\x2e\x38\x35\x20\x32\x37\x34\x2e\x36\x34\x34\x20\x32\
\x32\x34\x2e\x38\x35\x20\x32\x38\x36\x2e\x35\x36\x43\x32\x32\x34\
\x2e\x38\x35\x20\x32\x38\x36\x2e\x39\x34\x35\x20\x32\x32\x34\x2e\
\x38\x35\x39\x20\x32\x38\x37\x2e\x33\x32\x39\x20\x32\x32\x34\x2e\
\x38\x37\x33\x20\x32\x38\x37\x2e\x37\x31\x31\x4c\x32\x31\x31\x2e\
\x37\x35\x35\x20\x32\x39\x33\x2e\x33\x38\x36\x43\x32\x30\x32\x2e\
\x34\x33\x34\x20\x32\x37\x36\x2e\x38\x38\x33\x20\x31\x38\x38\x2e\
\x39\x31\x20\x32\x36\x33\x2e\x31\x35\x35\x20\x31\x37\x32\x2e\x36\
\x36\x39\x20\x32\x35\x33\x2e\x37\x32\x34\x43\x31\x36\x39\x2e\x34\
\x36\x34\x20\x32\x36\x33\x2e\x31\x35\x37\x20\x31\x36\x37\x2e\x37\
\x32\x35\x20\x32\x37\x33\x2e\x32\x37\x37\x20\x31\x36\x37\x2e\x37\
\x32\x35\x20\x32\x38\x33\x2e\x38\x30\x38\x43\x31\x36\x37\x2e\x37\
\x32\x35\x20\x33\x32\x32\x2e\x30\x31\x39\x20\x31\x39\x30\x2e\x36\
\x32\x39\x20\x33\x35\x34\x2e\x38\x32\x39\x20\x32\x32\x33\x2e\x33\
\x33\x34\x20\x33\x36\x39\x2e\x30\x31\x36\x43\x32\x32\x34\x2e\x38\
\x35\x35\x20\x33\x36\x31\x2e\x37\x37\x35\x20\x32\x32\x35\x2e\x36\
\x35\x38\x20\x33\x35\x34\x2e\x32\x36\x33\x20\x32\x32\x35\x2e\x36\
\x35\x38\x20\x33\x34\x36\x2e\x35\x36\x43\x32\x32\x35\x2e\x36\x35\
\x38\x20\x33\x33\x37\x2e\x38\x36\x39\x20\x32\x32\x34\x2e\x36\x33\
\x38\x20\x33\x32\x39\x2e\x34\x32\x31\x20\x32\x32\x32\x2e\x37\x31\
\x35\x20\x33\x32\x31\x2e\x33\x33\x32\x4c\x32\x34\x31\x2e\x30\x39\
\x37\x20\x33\x31\x33\x2e\x33\x38\x43\x32\x34\x35\x2e\x32\x38\x35\
\x20\x33\x31\x35\x2e\x35\x37\x31\x20\x32\x35\x30\x2e\x30\x34\x38\
\x20\x33\x31\x36\x2e\x38\x31\x32\x20\x32\x35\x35\x2e\x31\x30\x33\
\x20\x33\x31\x36\x2e\x38\x31\x32\x43\x32\x36\x30\x2e\x37\x35\x32\
\x20\x33\x31\x36\x2e\x38\x31\x32\x20\x32\x36\x36\x2e\x30\x33\x39\
\x20\x33\x31\x35\x2e\x32\x36\x32\x20\x32\x37\x30\x2e\x35\x36\x33\
\x20\x33\x31\x32\x2e\x35\x36\x36\x4c\x32\x38\x39\x2e\x34\x30\x39\
\x20\x33\x32\x31\x2e\x33\x36\x36\x43\x32\x38\x33\x2e\x39\x32\x36\
\x20\x33\x33\x38\x2e\x34\x39\x39\x20\x32\x38\x32\x2e\x39\x33\x35\
\x20\x33\x35\x36\x2e\x30\x35\x33\x20\x32\x38\x35\x2e\x38\x31\x32\
\x20\x33\x37\x32\x2e\x36\x36\x34\x43\x33\x32\x33\x2e\x37\x33\x38\
\x20\x33\x36\x31\x2e\x32\x36\x33\x20\x33\x35\x31\x2e\x33\x39\x32\
\x20\x33\x32\x35\x2e\x37\x39\x36\x20\x33\x35\x31\x2e\x33\x39\x33\
\x20\x32\x38\x33\x2e\x38\x30\x38\x43\x33\x35\x31\x2e\x33\x39\x33\
\x20\x32\x37\x34\x2e\x31\x33\x33\x20\x33\x34\x39\x2e\x39\x32\x33\
\x20\x32\x36\x34\x2e\x38\x30\x35\x20\x33\x34\x37\x2e\x31\x39\x39\
\x20\x32\x35\x36\x2e\x30\x33\x38\x43\x33\x32\x39\x2e\x33\x34\x32\
\x20\x32\x36\x34\x2e\x31\x36\x37\x20\x33\x31\x33\x2e\x36\x36\x35\
\x20\x32\x37\x37\x2e\x32\x37\x35\x20\x33\x30\x32\x2e\x33\x37\x32\
\x20\x32\x39\x34\x2e\x33\x31\x4c\x32\x38\x35\x2e\x33\x35\x34\x20\
\x32\x38\x36\x2e\x33\x36\x33\x43\x32\x38\x35\x2e\x32\x38\x37\x20\
\x32\x37\x35\x2e\x38\x38\x38\x20\x32\x37\x39\x2e\x38\x39\x36\x20\
\x32\x36\x36\x2e\x36\x37\x37\x20\x32\x37\x31\x2e\x37\x35\x32\x20\
\x32\x36\x31\x2e\x32\x39\x38\x56\x32\x34\x34\x2e\x33\x33\x36\x43\
\x32\x39\x32\x2e\x37\x34\x31\x20\x32\x34\x32\x2e\x30\x38\x20\x33\
\x31\x31\x2e\x38\x39\x39\x20\x32\x33\x33\x2e\x38\x32\x36\x20\x33\
\x32\x37\x2e\x34\x32\x33\x20\x32\x32\x31\x2e\x33\x35\x34\x43\x33\
\x31\x30\x2e\x36\x32\x38\x20\x32\x30\x32\x2e\x37\x36\x39\x20\x32\
\x38\x36\x2e\x34\x34\x34\x20\x31\x39\x31\x2e\x31\x30\x37\x20\x32\
\x35\x39\x2e\x35\x36\x20\x31\x39\x31\x2e\x31\x30\x36\x5a\x22\x20\
\x66\x69\x6c\x6c\x3d\x22\x75\x72\x6c\x28\x23\x70\x61\x69\x6e\x74\
\x30\x5f\x6c\x69\x6e\x65\x61\x72\x5f\x31\x33\x5f\x32\x32\x32\x29\
\x22\x2f\x3e\x0a\x3c\x64\x65\x66\x73\x3e\x0a\x3c\x6c\x69\x6e\x65\
\x61\x72\x47\x72\x61\x64\x69\x65\x6e\x74\x20\x69\x64\x3d\x22\x70\
\x61\x69\x6e\x74\x30\x5f\x6c\x69\x6e\x65\x61\x72\x5f\x31\x33\x5f\
\x32\x32\x32\x22\x20\x78\x31\x3d\x22\x31\x36\x22\x20\x79\x31\x3d\
\x22\x33\x35\x22\x20\x78\x32\x3d\x22\x34\x39\x36\x22\x20\x79\x32\
\x3d\x22\x34\x37\x36\x22\x20\x67\x72\x61\x64\x69\x65\x6e\x74\x55\
\x6e\x69\x74\x73\x3d\x22\x75\x73\x65\x72\x53\x70\x61\x63\x65\x4f\
\x6e\x55\x73\x65\x22\x3e\x0a\x3c\x73\x74\x6f\x70\x20\x6f\x66\x66\
\x73\x65\x74\x3d\x22\x30\x2e\x32\x37\x38\x38\x34\x36\x22\x20\x73\
\x74\x6f\x70\x2d\x63\x6f\x6c\x6f\x72\x3d\x22\x23\x30\x38\x32\x42\
\x33\x42\x22\x2f\x3e\x0a\x3c\x73\x74\x6f\x70\x20\x6f\x66\x66\x73\
\x65\x74\x3d\x22\x31\x22\x20\x73\x74\x6f\x70\x2d\x63\x6f\x6c\x6f\
\x72\x3d\x22\x23\x33\x42\x35\x38\x36\x36\x22\x20\x73\x74\x6f\x70\
\x2d\x6f\x70\x61\x63\x69\x74\x79\x3d\x22\x30\x2e\x36\x39\x22\x2f\
\x3e\x0a\x3c\x2f\x6c\x69\x6e\x65\x61\x72\x47\x72\x61\x64\x69\x65\
\x6e\x74\x3e\x0a\x3c\x2f\x64\x65\x66\x73\x3e\x0a\x3c\x2f\x73\x76\
\x67\x3e\x0a\
\x00\x00\x02\x1e\
\x3c\
\x73\x76\x67\x20\x77\x69\x64\x74\x68\x3d\x22\x38\x35\x22\x20\x68\
\x65\x69\x67\x68\x74\x3d\x22\x38\x35\x22\x20\x76\x69\x65\x77\x42\
\x6f\x78\x3d\x22\x30\x20\x30\x20\x38\x35\x20\x38\x35\x22\x20\x66\
\x69\x6c\x6c\x3d\x22\x6e\x6f\x6e\x65\x22\x20\x78\x6d\x6c\x6e\x73\
\x3d\x22\x68\x74\x74\x70\x3a\x2f\x2f\x77\x77\x77\x2e\x77\x33\x2e\
\x6f\x72\x67\x2f\x32\x30\x30\x30\x2f\x73\x76\x67\x22\x3e\x0d\x0a\
\x3c\x72\x65\x63\x74\x20\x77\x69\x64\x74\x68\x3d\x22\x38\x35\x22\
\x20\x68\x65\x69\x67\x68\x74\x3d\x22\x38\x35\x22\x20\x72\x78\x3d\
\x22\x31\x38\x22\x20\x66\x69\x6c\x6c\x3d\x22\x75\x72\x6c\x28\x23\
\x70\x61\x69\x6e\x74\x30\x5f\x6c\x69\x6e\x65\x61\x72\x5f\x31\x30\
\x5f\x39\x29\x22\x2f\x3e\x0d\x0a\x3c\x70\x61\x74\x68\x20\x64\x3d\
\x22\x4d\x37\x31\x2e\x35\x20\x34\x33\x4c\x32\x38\x20\x36\x38\x2e\
\x39\x38\x30\x35\x56\x31\x37\x2e\x30\x31\x39\x35\x4c\x37\x31\x2e\
\x35\x20\x34\x33\x5a\x4d\x33\x32\x2e\x33\x34\x39\x36\x20\x36\x31\
\x2e\x31\x38\x36\x35\x4c\x36\x32\x2e\x37\x39\x39\x38\x20\x34\x33\
\x4c\x33\x32\x2e\x33\x34\x39\x36\x20\x32\x34\x2e\x38\x31\x33\x35\
\x56\x36\x31\x2e\x31\x38\x36\x35\x5a\x22\x20\x66\x69\x6c\x6c\x3d\
\x22\x23\x41\x32\x41\x41\x41\x44\x22\x2f\x3e\x0d\x0a\x3c\x64\x65\
\x66\x73\x3e\x0d\x0a\x3c\x6c\x69\x6e\x65\x61\x72\x47\x72\x61\x64\
\x69\x65\x6e\x74\x20\x69\x64\x3d\x22\x70\x61\x69\x6e\x74\x30\x5f\
\x6c\x69\x6e\x65\x61\x72\x5f\x31\x30\x5f\x39\x22\x20\x78\x31\x3d\
\x22\x30\x2e\x35\x36\x36\x36\x36\x36\x22\x20\x79\x31\x3d\x22\x32\
\x2e\x31\x37\x36\x39\x37\x65\x2d\x30\x37\x22\x20\x78\x32\x3d\x22\
\x38\x35\x2e\x35\x36\x36\x37\x22\x20\x79\x32\x3d\x22\x38\x35\x22\
\x20\x67\x72\x61\x64\x69\x65\x6e\x74\x55\x6e\x69\x74\x73\x3d\x22\
\x75\x73\x65\x72\x53\x70\x61\x63\x65\x4f\x6e\x55\x73\x65\x22\x3e\
\x0d\x0a\x3c\x73\x74\x6f\x70\x20\x6f\x66\x66\x73\x65\x74\x3d\x22\
\x30\x2e\x39\x39\x39\x39\x22\x20\x73\x74\x6f\x70\x2d\x63\x6f\x6c\
\x6f\x72\x3d\x22\x23\x31\x44\x33\x35\x34\x31\x22\x2f\x3e\x0d\x0a\
\x3c\x73\x74\x6f\x70\x20\x6f\x66\x66\x73\x65\x74\x3d\x22\x31\x22\
\x20\x73\x74\x6f\x70\x2d\x63\x6f\x6c\x6f\x72\x3d\x22\x23\x30\x43\
\x39\x35\x39\x42\x22\x2f\x3e\x0d\x0a\x3c\x2f\x6c\x69\x6e\x65\x61\
\x72\x47\x72\x61\x64\x69\x65\x6e\x74\x3e\x0d\x0a\x3c\x2f\x64\x65\
\x66\x73\x3e\x0d\x0a\x3c\x2f\x73\x76\x67\x3e\x0d\x0a\
\x00\x00\x07\x74\
\x3c\
\x73\x76\x67\x20\x77\x69\x64\x74\x68\x3d\x22\x33\x30\x30\x22\x20\
\x68\x65\x69\x67\x68\x74\x3d\x22\x33\x30\x30\x22\x20\x76\x69\x65\
\x77\x42\x6f\x78\x3d\x22\x30\x20\x30\x20\x33\x30\x30\x20\x33\x30\
\x30\x22\x20\x66\x69\x6c\x6c\x3d\x22\x6e\x6f\x6e\x65\x22\x20\x78\
\x6d\x6c\x6e\x73\x3d\x22\x68\x74\x74\x70\x3a\x2f\x2f\x77\x77\x77\
\x2e\x77\x33\x2e\x6f\x72\x67\x2f\x32\x30\x30\x30\x2f\x73\x76\x67\
\x22\x3e\x0a\x3c\x6d\x61\x73\x6b\x20\x69\x64\x3d\x22\x70\x61\x74\
\x68\x2d\x31\x2d\x69\x6e\x73\x69\x64\x65\x2d\x31\x5f\x31\x30\x39\
\x5f\x32\x22\x20\x66\x69\x6c\x6c\x3d\x22\x77\x68\x69\x74\x65\x22\
\x3e\x0a\x3c\x72\x65\x63\x74\x20\x78\x3d\x22\x33\x37\x22\x20\x79\
\x3d\x22\x32\x32\x36\x22\x20\x77\x69\x64\x74\x68\x3d\x22\x32\x32\
\x36\x22\x20\x68\x65\x69\x67\x68\x74\x3d\x22\x34\x37\x22\x20\x72\
\x78\x3d\x22\x31\x30\x22\x2f\x3e\x0a\x3c\x2f\x6d\x61\x73\x6b\x3e\
\x0a\x3c\x72\x65\x63\x74\x20\x78\x3d\x22\x33\x37\x22\x20\x79\x3d\
\x22\x32\x32\x36\x22\x20\x77\x69\x64\x74\x68\x3d\x22\x32\x32\x36\
\x22\x20\x68\x65\x69\x67\x68\x74\x3d\x22\x34\x37\x22\x20\x72\x78\
\x3d\x22\x31\x30\x22\x20\x73\x74\x72\x6f\x6b\x65\x3d\x22\x23\x30\
\x44\x32\x46\x33\x45\x22\x20\x73\x74\x72\x6f\x6b\x65\x2d\x77\x69\
\x64\x74\x68\x3d\x22\x33\x30\x22\x20\x6d\x61\x73\x6b\x3d\x22\x75\
\x72\x6c\x28\x23\x70\x61\x74\x68\x2d\x31\x2d\x69\x6e\x73\x69\x64\
\x65\x2d\x31\x5f\x31\x30\x39\x5f\x32\x29\x22\x2f\x3e\x0a\x3c\x70\
\x61\x74\x68\x20\x64\x3d\x22\x4d\x31\x30\x39\x20\x33\x32\x2e\x35\
\x48\x31\x39\x31\x43\x32\x31\x31\x2e\x31\x35\x38\x20\x33\x32\x2e\
\x35\x20\x32\x32\x37\x2e\x35\x20\x34\x38\x2e\x38\x34\x31\x36\x20\
\x32\x32\x37\x2e\x35\x20\x36\x39\x56\x32\x33\x32\x2e\x35\x48\x37\
\x32\x2e\x35\x56\x36\x39\x43\x37\x32\x2e\x35\x20\x34\x38\x2e\x38\
\x34\x31\x36\x20\x38\x38\x2e\x38\x34\x31\x36\x20\x33\x32\x2e\x35\
\x20\x31\x30\x39\x20\x33\x32\x2e\x35\x5a\x22\x20\x73\x74\x72\x6f\
\x6b\x65\x3d\x22\x23\x30\x41\x32\x44\x33\x43\x22\x20\x73\x74\x72\
\x6f\x6b\x65\x2d\x77\x69\x64\x74\x68\x3d\x22\x31\x35\x22\x2f\x3e\
\x0a\x3c\x70\x61\x74\x68\x20\x64\x3d\x22\x4d\x39\x38\x2e\x33\x39\
\x30\x33\x20\x31\x35\x30\x56\x39\x35\x2e\x34\x35\x34\x35\x48\x31\
\x31\x36\x2e\x38\x32\x31\x43\x31\x32\x31\x2e\x30\x38\x32\x20\x39\
\x35\x2e\x34\x35\x34\x35\x20\x31\x32\x34\x2e\x35\x38\x20\x39\x36\
\x2e\x31\x38\x32\x35\x20\x31\x32\x37\x2e\x33\x31\x34\x20\x39\x37\
\x2e\x36\x33\x38\x35\x43\x31\x33\x30\x2e\x30\x34\x39\x20\x39\x39\
\x2e\x30\x37\x36\x37\x20\x31\x33\x32\x2e\x30\x37\x33\x20\x31\x30\
\x31\x2e\x30\x35\x36\x20\x31\x33\x33\x2e\x33\x38\x37\x20\x31\x30\
\x33\x2e\x35\x37\x38\x43\x31\x33\x34\x2e\x37\x30\x31\x20\x31\x30\
\x36\x2e\x30\x39\x39\x20\x31\x33\x35\x2e\x33\x35\x38\x20\x31\x30\
\x38\x2e\x39\x36\x37\x20\x31\x33\x35\x2e\x33\x35\x38\x20\x31\x31\
\x32\x2e\x31\x38\x43\x31\x33\x35\x2e\x33\x35\x38\x20\x31\x31\x35\
\x2e\x33\x39\x34\x20\x31\x33\x34\x2e\x37\x30\x31\x20\x31\x31\x38\
\x2e\x32\x34\x34\x20\x31\x33\x33\x2e\x33\x38\x37\x20\x31\x32\x30\
\x2e\x37\x33\x43\x31\x33\x32\x2e\x30\x37\x33\x20\x31\x32\x33\x2e\
\x32\x31\x36\x20\x31\x33\x30\x2e\x30\x35\x38\x20\x31\x32\x35\x2e\
\x31\x36\x39\x20\x31\x32\x37\x2e\x33\x34\x31\x20\x31\x32\x36\x2e\
\x35\x38\x39\x43\x31\x32\x34\x2e\x36\x32\x34\x20\x31\x32\x37\x2e\
\x39\x39\x32\x20\x31\x32\x31\x2e\x31\x35\x33\x20\x31\x32\x38\x2e\
\x36\x39\x33\x20\x31\x31\x36\x2e\x39\x32\x37\x20\x31\x32\x38\x2e\
\x36\x39\x33\x48\x31\x30\x32\x2e\x30\x31\x32\x56\x31\x32\x32\x2e\
\x37\x32\x37\x48\x31\x31\x36\x2e\x37\x31\x34\x43\x31\x31\x39\x2e\
\x36\x32\x36\x20\x31\x32\x32\x2e\x37\x32\x37\x20\x31\x32\x31\x2e\
\x39\x37\x20\x31\x32\x32\x2e\x33\x30\x31\x20\x31\x32\x33\x2e\x37\
\x34\x35\x20\x31\x32\x31\x2e\x34\x34\x39\x43\x31\x32\x35\x2e\x35\
\x33\x39\x20\x31\x32\x30\x2e\x35\x39\x37\x20\x31\x32\x36\x2e\x38\
\x33\x35\x20\x31\x31\x39\x2e\x33\x38\x39\x20\x31\x32\x37\x2e\x36\
\x33\x34\x20\x31\x31\x37\x2e\x38\x32\x37\x43\x31\x32\x38\x2e\x34\
\x35\x31\x20\x31\x31\x36\x2e\x32\x34\x36\x20\x31\x32\x38\x2e\x38\
\x35\x39\x20\x31\x31\x34\x2e\x33\x36\x34\x20\x31\x32\x38\x2e\x38\
\x35\x39\x20\x31\x31\x32\x2e\x31\x38\x43\x31\x32\x38\x2e\x38\x35\
\x39\x20\x31\x30\x39\x2e\x39\x39\x36\x20\x31\x32\x38\x2e\x34\x35\
\x31\x20\x31\x30\x38\x2e\x30\x38\x38\x20\x31\x32\x37\x2e\x36\x33\
\x34\x20\x31\x30\x36\x2e\x34\x35\x34\x43\x31\x32\x36\x2e\x38\x31\
\x37\x20\x31\x30\x34\x2e\x38\x32\x31\x20\x31\x32\x35\x2e\x35\x31\
\x32\x20\x31\x30\x33\x2e\x35\x36\x20\x31\x32\x33\x2e\x37\x31\x39\
\x20\x31\x30\x32\x2e\x36\x37\x32\x43\x31\x32\x31\x2e\x39\x32\x35\
\x20\x31\x30\x31\x2e\x37\x36\x37\x20\x31\x31\x39\x2e\x35\x35\x35\
\x20\x31\x30\x31\x2e\x33\x31\x34\x20\x31\x31\x36\x2e\x36\x30\x38\
\x20\x31\x30\x31\x2e\x33\x31\x34\x48\x31\x30\x34\x2e\x39\x39\x35\
\x56\x31\x35\x30\x48\x39\x38\x2e\x33\x39\x30\x33\x5a\x4d\x31\x32\
\x34\x2e\x30\x36\x35\x20\x31\x32\x35\x2e\x34\x39\x37\x4c\x31\x33\
\x37\x2e\x34\x38\x38\x20\x31\x35\x30\x48\x31\x32\x39\x2e\x38\x31\
\x38\x4c\x31\x31\x36\x2e\x36\x30\x38\x20\x31\x32\x35\x2e\x34\x39\
\x37\x48\x31\x32\x34\x2e\x30\x36\x35\x5a\x4d\x31\x35\x32\x2e\x39\
\x36\x39\x20\x39\x35\x2e\x34\x35\x34\x35\x56\x31\x35\x30\x48\x31\
\x34\x36\x2e\x33\x36\x34\x56\x39\x35\x2e\x34\x35\x34\x35\x48\x31\
\x35\x32\x2e\x39\x36\x39\x5a\x4d\x31\x36\x36\x2e\x32\x31\x33\x20\
\x31\x35\x30\x56\x39\x35\x2e\x34\x35\x34\x35\x48\x31\x38\x34\x2e\
\x36\x34\x33\x43\x31\x38\x38\x2e\x39\x32\x32\x20\x39\x35\x2e\x34\
\x35\x34\x35\x20\x31\x39\x32\x2e\x34\x32\x20\x39\x36\x2e\x32\x32\
\x36\x39\x20\x31\x39\x35\x2e\x31\x33\x37\x20\x39\x37\x2e\x37\x37\
\x31\x37\x43\x31\x39\x37\x2e\x38\x37\x31\x20\x39\x39\x2e\x32\x39\
\x38\x37\x20\x31\x39\x39\x2e\x38\x39\x35\x20\x31\x30\x31\x2e\x33\
\x36\x37\x20\x32\x30\x31\x2e\x32\x30\x39\x20\x31\x30\x33\x2e\x39\
\x37\x37\x43\x32\x30\x32\x2e\x35\x32\x33\x20\x31\x30\x36\x2e\x35\
\x38\x37\x20\x32\x30\x33\x2e\x31\x38\x20\x31\x30\x39\x2e\x34\x39\
\x39\x20\x32\x30\x33\x2e\x31\x38\x20\x31\x31\x32\x2e\x37\x31\x33\
\x43\x32\x30\x33\x2e\x31\x38\x20\x31\x31\x35\x2e\x39\x32\x37\x20\
\x32\x30\x32\x2e\x35\x32\x33\x20\x31\x31\x38\x2e\x38\x34\x38\x20\
\x32\x30\x31\x2e\x32\x30\x39\x20\x31\x32\x31\x2e\x34\x37\x35\x43\
\x31\x39\x39\x2e\x39\x31\x33\x20\x31\x32\x34\x2e\x31\x30\x33\x20\
\x31\x39\x37\x2e\x39\x30\x36\x20\x31\x32\x36\x2e\x31\x39\x39\x20\
\x31\x39\x35\x2e\x31\x39\x20\x31\x32\x37\x2e\x37\x36\x31\x43\x31\
\x39\x32\x2e\x34\x37\x33\x20\x31\x32\x39\x2e\x33\x30\x36\x20\x31\
\x38\x38\x2e\x39\x39\x33\x20\x31\x33\x30\x2e\x30\x37\x38\x20\x31\
\x38\x34\x2e\x37\x34\x39\x20\x31\x33\x30\x2e\x30\x37\x38\x48\x31\
\x37\x31\x2e\x35\x33\x39\x56\x31\x32\x34\x2e\x32\x31\x39\x48\x31\
\x38\x34\x2e\x35\x33\x36\x43\x31\x38\x37\x2e\x34\x36\x36\x20\x31\
\x32\x34\x2e\x32\x31\x39\x20\x31\x38\x39\x2e\x38\x31\x39\x20\x31\
\x32\x33\x2e\x37\x31\x33\x20\x31\x39\x31\x2e\x35\x39\x34\x20\x31\
\x32\x32\x2e\x37\x30\x31\x43\x31\x39\x33\x2e\x33\x37\x20\x31\x32\
\x31\x2e\x36\x38\x39\x20\x31\x39\x34\x2e\x36\x35\x37\x20\x31\x32\
\x30\x2e\x33\x32\x31\x20\x31\x39\x35\x2e\x34\x35\x36\x20\x31\x31\
\x38\x2e\x35\x39\x39\x43\x31\x39\x36\x2e\x32\x37\x33\x20\x31\x31\
\x36\x2e\x38\x35\x39\x20\x31\x39\x36\x2e\x36\x38\x31\x20\x31\x31\
\x34\x2e\x38\x39\x37\x20\x31\x39\x36\x2e\x36\x38\x31\x20\x31\x31\
\x32\x2e\x37\x31\x33\x43\x31\x39\x36\x2e\x36\x38\x31\x20\x31\x31\
\x30\x2e\x35\x32\x39\x20\x31\x39\x36\x2e\x32\x37\x33\x20\x31\x30\
\x38\x2e\x35\x37\x36\x20\x31\x39\x35\x2e\x34\x35\x36\x20\x31\x30\
\x36\x2e\x38\x35\x34\x43\x31\x39\x34\x2e\x36\x35\x37\x20\x31\x30\
\x35\x2e\x31\x33\x31\x20\x31\x39\x33\x2e\x33\x36\x31\x20\x31\x30\
\x33\x2e\x37\x38\x32\x20\x31\x39\x31\x2e\x35\x36\x38\x20\x31\x30\
\x32\x2e\x38\x30\x35\x43\x31\x38\x39\x2e\x37\x37\x34\x20\x31\x30\
\x31\x2e\x38\x31\x31\x20\x31\x38\x37\x2e\x33\x39\x35\x20\x31\x30\
\x31\x2e\x33\x31\x34\x20\x31\x38\x34\x2e\x34\x33\x20\x31\x30\x31\
\x2e\x33\x31\x34\x48\x31\x37\x32\x2e\x38\x31\x38\x56\x31\x35\x30\
\x48\x31\x36\x36\x2e\x32\x31\x33\x5a\x22\x20\x66\x69\x6c\x6c\x3d\
\x22\x23\x30\x34\x32\x37\x33\x37\x22\x2f\x3e\x0a\x3c\x2f\x73\x76\
\x67\x3e\x0a\
\x00\x00\x0b\x67\
\x3c\
\x73\x76\x67\x20\x77\x69\x64\x74\x68\x3d\x22\x34\x38\x30\x22\x20\
\x68\x65\x69\x67\x68\x74\x3d\x22\x34\x34\x32\x22\x20\x76\x69\x65\
\x77\x42\x6f\x78\x3d\x22\x30\x20\x30\x20\x34\x38\x30\x20\x34\x34\
\x32\x22\x20\x66\x69\x6c\x6c\x3d\x22\x6e\x6f\x6e\x65\x22\x20\x78\
\x6d\x6c\x6e\x73\x3d\x22\x68\x74\x74\x70\x3a\x2f\x2f\x77\x77\x77\
\x2e\x77\x33\x2e\x6f\x72\x67\x2f\x32\x30\x30\x30\x2f\x73\x76\x67\
\x22\x3e\x0d\x0a\x3c\x70\x61\x74\x68\x20\x64\x3d\x22\x4d\x32\x34\
\x35\x2e\x37\x32\x37\x20\x30\x2e\x30\x30\x31\x39\x35\x33\x31\x32\
\x43\x33\x31\x36\x2e\x35\x39\x36\x20\x30\x2e\x38\x36\x33\x30\x31\
\x33\x20\x33\x37\x33\x2e\x37\x37\x20\x35\x36\x2e\x32\x32\x37\x39\
\x20\x33\x37\x33\x2e\x37\x37\x31\x20\x31\x32\x34\x2e\x33\x39\x39\
\x43\x33\x37\x33\x2e\x37\x37\x31\x20\x31\x34\x35\x2e\x32\x38\x36\
\x20\x33\x36\x38\x2e\x34\x30\x33\x20\x31\x36\x34\x2e\x39\x36\x39\
\x20\x33\x35\x38\x2e\x39\x32\x20\x31\x38\x32\x2e\x32\x35\x32\x43\
\x33\x37\x32\x2e\x34\x33\x32\x20\x31\x38\x32\x2e\x32\x39\x33\x20\
\x33\x38\x36\x2e\x31\x30\x36\x20\x31\x38\x34\x2e\x36\x32\x33\x20\
\x33\x39\x39\x2e\x34\x35\x32\x20\x31\x38\x39\x2e\x34\x38\x37\x43\
\x34\x36\x33\x2e\x35\x30\x33\x20\x32\x31\x32\x2e\x38\x33\x34\x20\
\x34\x39\x35\x2e\x38\x39\x39\x20\x32\x38\x35\x2e\x37\x33\x33\x20\
\x34\x37\x32\x2e\x32\x39\x31\x20\x33\x35\x32\x2e\x37\x39\x32\x43\
\x34\x39\x31\x2e\x35\x32\x31\x20\x32\x39\x37\x2e\x37\x32\x35\x20\
\x34\x36\x33\x2e\x37\x35\x36\x20\x32\x33\x37\x2e\x35\x32\x38\x20\
\x34\x30\x39\x2e\x37\x38\x31\x20\x32\x31\x37\x2e\x38\x35\x34\x43\
\x33\x39\x32\x2e\x37\x33\x39\x20\x32\x31\x31\x2e\x36\x34\x33\x20\
\x33\x37\x35\x2e\x31\x30\x34\x20\x32\x31\x30\x2e\x32\x30\x38\x20\
\x33\x35\x38\x2e\x33\x30\x33\x20\x32\x31\x32\x2e\x38\x37\x43\x33\
\x36\x31\x2e\x39\x32\x32\x20\x32\x32\x34\x2e\x32\x30\x38\x20\x33\
\x36\x33\x2e\x38\x37\x36\x20\x32\x33\x36\x2e\x32\x38\x31\x20\x33\
\x36\x33\x2e\x38\x37\x36\x20\x32\x34\x38\x2e\x38\x30\x38\x43\x33\
\x36\x33\x2e\x38\x37\x36\x20\x33\x30\x32\x2e\x39\x34\x37\x20\x33\
\x32\x37\x2e\x34\x30\x39\x20\x33\x34\x38\x2e\x36\x33\x32\x20\x32\
\x37\x37\x2e\x35\x31\x39\x20\x33\x36\x33\x2e\x30\x30\x34\x43\x32\
\x38\x38\x2e\x36\x36\x37\x20\x33\x38\x38\x2e\x30\x30\x39\x20\x33\
\x30\x39\x2e\x33\x35\x34\x20\x34\x30\x38\x2e\x35\x33\x35\x20\x33\
\x33\x36\x2e\x38\x33\x39\x20\x34\x31\x38\x2e\x35\x35\x33\x43\x33\
\x39\x30\x2e\x38\x32\x20\x34\x33\x38\x2e\x32\x32\x39\x20\x34\x35\
\x30\x2e\x37\x33\x35\x20\x34\x30\x39\x2e\x39\x38\x20\x34\x37\x31\
\x2e\x33\x34\x32\x20\x33\x35\x35\x2e\x34\x30\x35\x4c\x34\x37\x31\
\x2e\x32\x33\x38\x20\x33\x35\x35\x2e\x36\x38\x36\x43\x34\x34\x36\
\x2e\x31\x39\x31\x20\x34\x32\x32\x2e\x30\x38\x33\x20\x33\x37\x34\
\x2e\x36\x38\x36\x20\x34\x35\x36\x2e\x39\x35\x31\x20\x33\x31\x30\
\x2e\x37\x31\x39\x20\x34\x33\x33\x2e\x36\x33\x35\x43\x32\x37\x38\
\x2e\x34\x33\x39\x20\x34\x32\x31\x2e\x38\x36\x39\x20\x32\x35\x34\
\x2e\x31\x39\x39\x20\x33\x39\x37\x2e\x35\x31\x37\x20\x32\x34\x31\
\x2e\x31\x31\x35\x20\x33\x36\x37\x2e\x36\x37\x43\x32\x33\x39\x2e\
\x35\x33\x20\x33\x36\x37\x2e\x36\x33\x32\x20\x32\x33\x37\x2e\x39\
\x35\x33\x20\x33\x36\x37\x2e\x35\x36\x34\x20\x32\x33\x36\x2e\x33\
\x38\x34\x20\x33\x36\x37\x2e\x34\x36\x36\x43\x32\x31\x36\x2e\x34\
\x30\x31\x20\x34\x31\x31\x2e\x32\x33\x20\x31\x37\x33\x2e\x36\x38\
\x38\x20\x34\x34\x31\x2e\x34\x36\x38\x20\x31\x32\x34\x2e\x32\x32\
\x20\x34\x34\x31\x2e\x34\x36\x38\x43\x35\x36\x2e\x30\x35\x37\x35\
\x20\x34\x34\x31\x2e\x34\x36\x38\x20\x30\x2e\x37\x31\x38\x38\x30\
\x35\x20\x33\x38\x34\x2e\x30\x36\x20\x30\x2e\x30\x30\x30\x39\x37\
\x36\x35\x36\x32\x20\x33\x31\x32\x2e\x39\x35\x39\x43\x30\x2e\x37\
\x33\x36\x36\x32\x35\x20\x33\x37\x31\x2e\x32\x39\x32\x20\x34\x37\
\x2e\x33\x38\x36\x31\x20\x34\x31\x38\x2e\x33\x34\x38\x20\x31\x30\
\x34\x2e\x38\x32\x35\x20\x34\x31\x38\x2e\x33\x34\x39\x43\x31\x34\
\x36\x2e\x30\x31\x39\x20\x34\x31\x38\x2e\x33\x34\x39\x20\x31\x38\
\x31\x2e\x36\x36\x32\x20\x33\x39\x34\x2e\x31\x34\x35\x20\x31\x39\
\x38\x2e\x38\x30\x31\x20\x33\x35\x38\x2e\x39\x33\x37\x43\x31\x35\
\x35\x2e\x30\x35\x34\x20\x33\x34\x31\x2e\x32\x32\x31\x20\x31\x32\
\x34\x2e\x32\x32\x34\x20\x32\x39\x38\x2e\x35\x38\x37\x20\x31\x32\
\x34\x2e\x32\x32\x34\x20\x32\x34\x38\x2e\x38\x30\x38\x43\x31\x32\
\x34\x2e\x32\x32\x34\x20\x32\x33\x34\x2e\x35\x35\x37\x20\x31\x32\
\x36\x2e\x37\x35\x31\x20\x32\x32\x30\x2e\x38\x39\x31\x20\x31\x33\
\x31\x2e\x33\x38\x34\x20\x32\x30\x38\x2e\x32\x32\x39\x43\x31\x32\
\x32\x2e\x39\x30\x32\x20\x32\x30\x35\x2e\x39\x37\x33\x20\x31\x31\
\x34\x2e\x30\x30\x31\x20\x32\x30\x34\x2e\x37\x37\x31\x20\x31\x30\
\x34\x2e\x38\x32\x35\x20\x32\x30\x34\x2e\x37\x37\x31\x43\x34\x37\
\x2e\x33\x37\x39\x39\x20\x32\x30\x34\x2e\x37\x37\x31\x20\x30\x2e\
\x37\x32\x35\x38\x31\x39\x20\x32\x35\x31\x2e\x38\x33\x37\x20\x30\
\x20\x33\x31\x30\x2e\x31\x37\x39\x4c\x30\x2e\x30\x30\x31\x39\x35\
\x33\x31\x32\x20\x33\x30\x39\x2e\x38\x38\x43\x30\x2e\x38\x36\x31\
\x39\x38\x33\x20\x32\x33\x38\x2e\x39\x30\x38\x20\x35\x36\x2e\x31\
\x34\x37\x20\x31\x38\x31\x2e\x36\x35\x31\x20\x31\x32\x34\x2e\x32\
\x32\x20\x31\x38\x31\x2e\x36\x35\x31\x43\x31\x32\x35\x2e\x37\x38\
\x38\x20\x31\x38\x31\x2e\x36\x35\x31\x20\x31\x32\x37\x2e\x33\x34\
\x39\x20\x31\x38\x31\x2e\x36\x38\x32\x20\x31\x32\x38\x2e\x39\x30\
\x33\x20\x31\x38\x31\x2e\x37\x34\x32\x43\x31\x31\x39\x2e\x35\x39\
\x33\x20\x31\x36\x34\x2e\x35\x38\x32\x20\x31\x31\x34\x2e\x33\x33\
\x20\x31\x34\x35\x2e\x30\x38\x31\x20\x31\x31\x34\x2e\x33\x33\x20\
\x31\x32\x34\x2e\x33\x39\x39\x43\x31\x31\x34\x2e\x33\x33\x20\x35\
\x36\x2e\x31\x33\x38\x34\x20\x31\x37\x31\x2e\x36\x35\x34\x20\x30\
\x2e\x37\x31\x39\x38\x34\x36\x20\x32\x34\x32\x2e\x36\x35\x32\x20\
\x30\x2e\x30\x30\x30\x39\x37\x36\x35\x36\x32\x43\x31\x38\x34\x2e\
\x34\x30\x34\x20\x30\x2e\x37\x33\x37\x36\x39\x33\x20\x31\x33\x37\
\x2e\x34\x31\x35\x20\x34\x37\x2e\x34\x35\x35\x31\x20\x31\x33\x37\
\x2e\x34\x31\x35\x20\x31\x30\x34\x2e\x39\x37\x38\x43\x31\x33\x37\
\x2e\x34\x31\x35\x20\x31\x32\x37\x2e\x39\x34\x32\x20\x31\x34\x34\
\x2e\x39\x30\x36\x20\x31\x34\x39\x2e\x31\x38\x34\x20\x31\x35\x37\
\x2e\x36\x31\x31\x20\x31\x36\x36\x2e\x34\x36\x36\x43\x31\x37\x39\
\x2e\x34\x31\x37\x20\x31\x34\x33\x2e\x39\x33\x34\x20\x32\x31\x30\
\x2e\x30\x38\x32\x20\x31\x32\x39\x2e\x39\x30\x38\x20\x32\x34\x34\
\x2e\x30\x35\x20\x31\x32\x39\x2e\x39\x30\x38\x43\x32\x37\x38\x2e\
\x30\x31\x38\x20\x31\x32\x39\x2e\x39\x30\x38\x20\x33\x30\x38\x2e\
\x36\x38\x33\x20\x31\x34\x33\x2e\x39\x33\x34\x20\x33\x33\x30\x2e\
\x34\x38\x38\x20\x31\x36\x36\x2e\x34\x36\x36\x43\x33\x34\x33\x2e\
\x31\x39\x33\x20\x31\x34\x39\x2e\x31\x38\x34\x20\x33\x35\x30\x2e\
\x36\x38\x35\x20\x31\x32\x37\x2e\x39\x34\x32\x20\x33\x35\x30\x2e\
\x36\x38\x35\x20\x31\x30\x34\x2e\x39\x37\x38\x43\x33\x35\x30\x2e\
\x36\x38\x35\x20\x34\x37\x2e\x34\x34\x38\x38\x20\x33\x30\x33\x2e\
\x36\x38\x36\x20\x30\x2e\x37\x32\x36\x38\x32\x34\x20\x32\x34\x35\
\x2e\x34\x32\x39\x20\x30\x4c\x32\x34\x35\x2e\x37\x32\x37\x20\x30\
\x2e\x30\x30\x31\x39\x35\x33\x31\x32\x5a\x4d\x32\x34\x33\x2e\x35\
\x36\x20\x31\x35\x36\x2e\x31\x30\x36\x43\x32\x31\x36\x2e\x38\x39\
\x36\x20\x31\x35\x36\x2e\x31\x30\x36\x20\x31\x39\x32\x2e\x38\x38\
\x36\x20\x31\x36\x37\x2e\x35\x37\x38\x20\x31\x37\x36\x2e\x31\x30\
\x39\x20\x31\x38\x35\x2e\x38\x39\x37\x43\x31\x39\x30\x2e\x31\x20\
\x31\x39\x37\x2e\x32\x39\x36\x20\x32\x30\x37\x2e\x30\x39\x36\x20\
\x32\x30\x35\x2e\x32\x34\x33\x20\x32\x32\x35\x2e\x37\x35\x32\x20\
\x32\x30\x38\x2e\x34\x32\x56\x32\x32\x34\x2e\x34\x30\x36\x43\x32\
\x31\x35\x2e\x37\x33\x39\x20\x32\x32\x39\x2e\x33\x33\x38\x20\x32\
\x30\x38\x2e\x38\x35\x20\x32\x33\x39\x2e\x36\x34\x34\x20\x32\x30\
\x38\x2e\x38\x35\x20\x32\x35\x31\x2e\x35\x36\x43\x32\x30\x38\x2e\
\x38\x35\x20\x32\x35\x31\x2e\x39\x34\x35\x20\x32\x30\x38\x2e\x38\
\x35\x39\x20\x32\x35\x32\x2e\x33\x32\x39\x20\x32\x30\x38\x2e\x38\
\x37\x33\x20\x32\x35\x32\x2e\x37\x31\x31\x4c\x31\x39\x35\x2e\x37\
\x35\x35\x20\x32\x35\x38\x2e\x33\x38\x36\x43\x31\x38\x36\x2e\x34\
\x33\x34\x20\x32\x34\x31\x2e\x38\x38\x33\x20\x31\x37\x32\x2e\x39\
\x31\x20\x32\x32\x38\x2e\x31\x35\x35\x20\x31\x35\x36\x2e\x36\x36\
\x39\x20\x32\x31\x38\x2e\x37\x32\x34\x43\x31\x35\x33\x2e\x34\x36\
\x34\x20\x32\x32\x38\x2e\x31\x35\x37\x20\x31\x35\x31\x2e\x37\x32\
\x35\x20\x32\x33\x38\x2e\x32\x37\x37\x20\x31\x35\x31\x2e\x37\x32\
\x35\x20\x32\x34\x38\x2e\x38\x30\x38\x43\x31\x35\x31\x2e\x37\x32\
\x35\x20\x32\x38\x37\x2e\x30\x31\x39\x20\x31\x37\x34\x2e\x36\x32\
\x39\x20\x33\x31\x39\x2e\x38\x32\x39\x20\x32\x30\x37\x2e\x33\x33\
\x34\x20\x33\x33\x34\x2e\x30\x31\x36\x43\x32\x30\x38\x2e\x38\x35\
\x35\x20\x33\x32\x36\x2e\x37\x37\x35\x20\x32\x30\x39\x2e\x36\x35\
\x38\x20\x33\x31\x39\x2e\x32\x36\x33\x20\x32\x30\x39\x2e\x36\x35\
\x38\x20\x33\x31\x31\x2e\x35\x36\x43\x32\x30\x39\x2e\x36\x35\x38\
\x20\x33\x30\x32\x2e\x38\x36\x39\x20\x32\x30\x38\x2e\x36\x33\x38\
\x20\x32\x39\x34\x2e\x34\x32\x31\x20\x32\x30\x36\x2e\x37\x31\x35\
\x20\x32\x38\x36\x2e\x33\x33\x32\x4c\x32\x32\x35\x2e\x30\x39\x37\
\x20\x32\x37\x38\x2e\x33\x38\x43\x32\x32\x39\x2e\x32\x38\x35\x20\
\x32\x38\x30\x2e\x35\x37\x31\x20\x32\x33\x34\x2e\x30\x34\x38\x20\
\x32\x38\x31\x2e\x38\x31\x32\x20\x32\x33\x39\x2e\x31\x30\x33\x20\
\x32\x38\x31\x2e\x38\x31\x32\x43\x32\x34\x34\x2e\x37\x35\x32\x20\
\x32\x38\x31\x2e\x38\x31\x32\x20\x32\x35\x30\x2e\x30\x33\x39\x20\
\x32\x38\x30\x2e\x32\x36\x32\x20\x32\x35\x34\x2e\x35\x36\x33\x20\
\x32\x37\x37\x2e\x35\x36\x36\x4c\x32\x37\x33\x2e\x34\x30\x39\x20\
\x32\x38\x36\x2e\x33\x36\x36\x43\x32\x36\x37\x2e\x39\x32\x36\x20\
\x33\x30\x33\x2e\x34\x39\x39\x20\x32\x36\x36\x2e\x39\x33\x35\x20\
\x33\x32\x31\x2e\x30\x35\x33\x20\x32\x36\x39\x2e\x38\x31\x32\x20\
\x33\x33\x37\x2e\x36\x36\x34\x43\x33\x30\x37\x2e\x37\x33\x38\x20\
\x33\x32\x36\x2e\x32\x36\x33\x20\x33\x33\x35\x2e\x33\x39\x32\x20\
\x32\x39\x30\x2e\x37\x39\x36\x20\x33\x33\x35\x2e\x33\x39\x33\x20\
\x32\x34\x38\x2e\x38\x30\x38\x43\x33\x33\x35\x2e\x33\x39\x33\x20\
\x32\x33\x39\x2e\x31\x33\x33\x20\x33\x33\x33\x2e\x39\x32\x33\x20\
\x32\x32\x39\x2e\x38\x30\x35\x20\x33\x33\x31\x2e\x31\x39\x39\x20\
\x32\x32\x31\x2e\x30\x33\x38\x43\x33\x31\x33\x2e\x33\x34\x32\x20\
\x32\x32\x39\x2e\x31\x36\x37\x20\x32\x39\x37\x2e\x36\x36\x35\x20\
\x32\x34\x32\x2e\x32\x37\x35\x20\x32\x38\x36\x2e\x33\x37\x32\x20\
\x32\x35\x39\x2e\x33\x31\x4c\x32\x36\x39\x2e\x33\x35\x34\x20\x32\
\x35\x31\x2e\x33\x36\x33\x43\x32\x36\x39\x2e\x32\x38\x37\x20\x32\
\x34\x30\x2e\x38\x38\x38\x20\x32\x36\x33\x2e\x38\x39\x36\x20\x32\
\x33\x31\x2e\x36\x37\x37\x20\x32\x35\x35\x2e\x37\x35\x32\x20\x32\
\x32\x36\x2e\x32\x39\x38\x56\x32\x30\x39\x2e\x33\x33\x36\x43\x32\
\x37\x36\x2e\x37\x34\x31\x20\x32\x30\x37\x2e\x30\x38\x20\x32\x39\
\x35\x2e\x38\x39\x39\x20\x31\x39\x38\x2e\x38\x32\x36\x20\x33\x31\
\x31\x2e\x34\x32\x33\x20\x31\x38\x36\x2e\x33\x35\x34\x43\x32\x39\
\x34\x2e\x36\x32\x38\x20\x31\x36\x37\x2e\x37\x36\x39\x20\x32\x37\
\x30\x2e\x34\x34\x34\x20\x31\x35\x36\x2e\x31\x30\x37\x20\x32\x34\
\x33\x2e\x35\x36\x20\x31\x35\x36\x2e\x31\x30\x36\x5a\x22\x20\x66\
\x69\x6c\x6c\x3d\x22\x75\x72\x6c\x28\x23\x70\x61\x69\x6e\x74\x30\
\x5f\x6c\x69\x6e\x65\x61\x72\x5f\x31\x35\x5f\x35\x29\x22\x2f\x3e\
\x0d\x0a\x3c\x64\x65\x66\x73\x3e\x0d\x0a\x3c\x6c\x69\x6e\x65\x61\
\x72\x47\x72\x61\x64\x69\x65\x6e\x74\x20\x69\x64\x3d\x22\x70\x61\
\x69\x6e\x74\x30\x5f\x6c\x69\x6e\x65\x61\x72\x5f\x31\x35\x5f\x35\
\x22\x20\x78\x31\x3d\x22\x30\x22\x20\x79\x31\x3d\x22\x30\x22\x20\
\x78\x32\x3d\x22\x34\x38\x30\x22\x20\x79\x32\x3d\x22\x34\x34\x31\
\x22\x20\x67\x72\x61\x64\x69\x65\x6e\x74\x55\x6e\x69\x74\x73\x3d\
\x22\x75\x73\x65\x72\x53\x70\x61\x63\x65\x4f\x6e\x55\x73\x65\x22\
\x3e\x0d\x0a\x3c\x73\x74\x6f\x70\x20\x6f\x66\x66\x73\x65\x74\x3d\
\x22\x30\x2e\x32\x37\x38\x38\x34\x36\x22\x20\x73\x74\x6f\x70\x2d\
\x63\x6f\x6c\x6f\x72\x3d\x22\x77\x68\x69\x74\x65\x22\x20\x73\x74\
\x6f\x70\x2d\x6f\x70\x61\x63\x69\x74\x79\x3d\x22\x30\x2e\x35\x35\
\x22\x2f\x3e\x0d\x0a\x3c\x73\x74\x6f\x70\x20\x6f\x66\x66\x73\x65\
\x74\x3d\x22\x31\x22\x20\x73\x74\x6f\x70\x2d\x63\x6f\x6c\x6f\x72\
\x3d\x22\x23\x33\x42\x35\x38\x36\x36\x22\x20\x73\x74\x6f\x70\x2d\
\x6f\x70\x61\x63\x69\x74\x79\x3d\x22\x30\x2e\x35\x35\x22\x2f\x3e\
\x0d\x0a\x3c\x2f\x6c\x69\x6e\x65\x61\x72\x47\x72\x61\x64\x69\x65\
\x6e\x74\x3e\x0d\x0a\x3c\x2f\x64\x65\x66\x73\x3e\x0d\x0a\x3c\x2f\
\x73\x76\x67\x3e\x0d\x0a\
\x00\x00\x0b\x3c\
\x3c\
\x73\x76\x67\x20\x77\x69\x64\x74\x68\x3d\x22\x33\x39\x30\x22\x20\
\x68\x65\x69\x67\x68\x74\x3d\x22\x33\x35\x39\x22\x20\x76\x69\x65\
\x77\x42\x6f\x78\x3d\x22\x30\x20\x30\x20\x33\x39\x30\x20\x33\x35\
\x39\x22\x20\x66\x69\x6c\x6c\x3d\x22\x6e\x6f\x6e\x65\x22\x20\x78\
\x6d\x6c\x6e\x73\x3d\x22\x68\x74\x74\x70\x3a\x2f\x2f\x77\x77\x77\
\x2e\x77\x33\x2e\x6f\x72\x67\x2f\x32\x30\x30\x30\x2f\x73\x76\x67\
\x22\x3e\x0d\x0a\x3c\x70\x61\x74\x68\x20\x64\x3d\x22\x4d\x31\x39\
\x39\x2e\x36\x35\x33\x20\x30\x2e\x30\x30\x31\x39\x35\x33\x31\x32\
\x43\x32\x35\x37\x2e\x32\x33\x35\x20\x30\x2e\x37\x30\x31\x37\x30\
\x33\x20\x33\x30\x33\x2e\x36\x38\x38\x20\x34\x35\x2e\x36\x38\x35\
\x20\x33\x30\x33\x2e\x36\x38\x38\x20\x31\x30\x31\x2e\x30\x37\x34\
\x43\x33\x30\x33\x2e\x36\x38\x38\x20\x31\x31\x38\x2e\x30\x34\x34\
\x20\x32\x39\x39\x2e\x33\x32\x37\x20\x31\x33\x34\x2e\x30\x33\x38\
\x20\x32\x39\x31\x2e\x36\x32\x32\x20\x31\x34\x38\x2e\x30\x38\x43\
\x33\x30\x32\x2e\x36\x30\x31\x20\x31\x34\x38\x2e\x31\x31\x33\x20\
\x33\x31\x33\x2e\x37\x31\x32\x20\x31\x35\x30\x2e\x30\x30\x35\x20\
\x33\x32\x34\x2e\x35\x35\x36\x20\x31\x35\x33\x2e\x39\x35\x38\x43\
\x33\x37\x36\x2e\x35\x39\x37\x20\x31\x37\x32\x2e\x39\x32\x37\x20\
\x34\x30\x32\x2e\x39\x31\x38\x20\x32\x33\x32\x2e\x31\x35\x38\x20\
\x33\x38\x33\x2e\x37\x33\x36\x20\x32\x38\x36\x2e\x36\x34\x34\x43\
\x33\x39\x39\x2e\x33\x36\x31\x20\x32\x34\x31\x2e\x39\x30\x32\x20\
\x33\x37\x36\x2e\x38\x30\x32\x20\x31\x39\x32\x2e\x39\x39\x32\x20\
\x33\x33\x32\x2e\x39\x34\x37\x20\x31\x37\x37\x2e\x30\x30\x37\x43\
\x33\x31\x39\x2e\x31\x20\x31\x37\x31\x2e\x39\x36\x20\x33\x30\x34\
\x2e\x37\x37\x32\x20\x31\x37\x30\x2e\x37\x39\x34\x20\x32\x39\x31\
\x2e\x31\x32\x31\x20\x31\x37\x32\x2e\x39\x35\x37\x43\x32\x39\x34\
\x2e\x30\x36\x31\x20\x31\x38\x32\x2e\x31\x36\x39\x20\x32\x39\x35\
\x2e\x36\x34\x39\x20\x31\x39\x31\x2e\x39\x37\x39\x20\x32\x39\x35\
\x2e\x36\x34\x39\x20\x32\x30\x32\x2e\x31\x35\x36\x43\x32\x39\x35\
\x2e\x36\x34\x39\x20\x32\x34\x36\x2e\x31\x34\x34\x20\x32\x36\x36\
\x2e\x30\x32\x20\x32\x38\x33\x2e\x32\x36\x33\x20\x32\x32\x35\x2e\
\x34\x38\x34\x20\x32\x39\x34\x2e\x39\x34\x43\x32\x33\x34\x2e\x35\
\x34\x32\x20\x33\x31\x35\x2e\x32\x35\x37\x20\x32\x35\x31\x2e\x33\
\x35\x20\x33\x33\x31\x2e\x39\x33\x35\x20\x32\x37\x33\x2e\x36\x38\
\x32\x20\x33\x34\x30\x2e\x30\x37\x34\x43\x33\x31\x37\x2e\x35\x34\
\x31\x20\x33\x35\x36\x2e\x30\x36\x31\x20\x33\x36\x36\x2e\x32\x32\
\x33\x20\x33\x33\x33\x2e\x31\x30\x39\x20\x33\x38\x32\x2e\x39\x36\
\x36\x20\x32\x38\x38\x2e\x37\x36\x37\x4c\x33\x38\x32\x2e\x38\x38\
\x31\x20\x32\x38\x38\x2e\x39\x39\x34\x43\x33\x36\x32\x2e\x35\x33\
\x20\x33\x34\x32\x2e\x39\x34\x32\x20\x33\x30\x34\x2e\x34\x33\x33\
\x20\x33\x37\x31\x2e\x32\x37\x32\x20\x32\x35\x32\x2e\x34\x35\x39\
\x20\x33\x35\x32\x2e\x33\x32\x38\x43\x32\x32\x36\x2e\x32\x33\x31\
\x20\x33\x34\x32\x2e\x37\x36\x38\x20\x32\x30\x36\x2e\x35\x33\x36\
\x20\x33\x32\x32\x2e\x39\x38\x32\x20\x31\x39\x35\x2e\x39\x30\x35\
\x20\x32\x39\x38\x2e\x37\x33\x31\x43\x31\x39\x34\x2e\x36\x31\x38\
\x20\x32\x39\x38\x2e\x37\x30\x31\x20\x31\x39\x33\x2e\x33\x33\x36\
\x20\x32\x39\x38\x2e\x36\x34\x36\x20\x31\x39\x32\x2e\x30\x36\x32\
\x20\x32\x39\x38\x2e\x35\x36\x36\x43\x31\x37\x35\x2e\x38\x32\x35\
\x20\x33\x33\x34\x2e\x31\x32\x35\x20\x31\x34\x31\x2e\x31\x32\x31\
\x20\x33\x35\x38\x2e\x36\x39\x32\x20\x31\x30\x30\x2e\x39\x32\x38\
\x20\x33\x35\x38\x2e\x36\x39\x32\x43\x34\x35\x2e\x35\x34\x36\x31\
\x20\x33\x35\x38\x2e\x36\x39\x32\x20\x30\x2e\x35\x38\x34\x32\x31\
\x31\x20\x33\x31\x32\x2e\x30\x34\x39\x20\x30\x2e\x30\x30\x30\x39\
\x37\x36\x35\x36\x32\x20\x32\x35\x34\x2e\x32\x37\x39\x43\x30\x2e\
\x35\x39\x38\x36\x39\x32\x20\x33\x30\x31\x2e\x36\x37\x35\x20\x33\
\x38\x2e\x35\x30\x31\x36\x20\x33\x33\x39\x2e\x39\x30\x38\x20\x38\
\x35\x2e\x31\x37\x30\x39\x20\x33\x33\x39\x2e\x39\x30\x38\x43\x31\
\x31\x38\x2e\x36\x34\x31\x20\x33\x33\x39\x2e\x39\x30\x38\x20\x31\
\x34\x37\x2e\x36\x30\x31\x20\x33\x32\x30\x2e\x32\x34\x33\x20\x31\
\x36\x31\x2e\x35\x32\x36\x20\x32\x39\x31\x2e\x36\x33\x37\x43\x31\
\x32\x35\x2e\x39\x38\x31\x20\x32\x37\x37\x2e\x32\x34\x33\x20\x31\
\x30\x30\x2e\x39\x33\x32\x20\x32\x34\x32\x2e\x36\x30\x32\x20\x31\
\x30\x30\x2e\x39\x33\x32\x20\x32\x30\x32\x2e\x31\x35\x36\x43\x31\
\x30\x30\x2e\x39\x33\x32\x20\x31\x39\x30\x2e\x35\x37\x37\x20\x31\
\x30\x32\x2e\x39\x38\x35\x20\x31\x37\x39\x2e\x34\x37\x34\x20\x31\
\x30\x36\x2e\x37\x35\x20\x31\x36\x39\x2e\x31\x38\x36\x43\x39\x39\
\x2e\x38\x35\x38\x32\x20\x31\x36\x37\x2e\x33\x35\x33\x20\x39\x32\
\x2e\x36\x32\x36\x35\x20\x31\x36\x36\x2e\x33\x37\x36\x20\x38\x35\
\x2e\x31\x37\x30\x39\x20\x31\x36\x36\x2e\x33\x37\x36\x43\x33\x38\
\x2e\x34\x39\x36\x34\x20\x31\x36\x36\x2e\x33\x37\x36\x20\x30\x2e\
\x35\x38\x39\x35\x38\x37\x20\x32\x30\x34\x2e\x36\x31\x38\x20\x30\
\x20\x32\x35\x32\x2e\x30\x32\x31\x4c\x30\x2e\x30\x30\x31\x39\x35\
\x33\x31\x32\x20\x32\x35\x31\x2e\x37\x37\x37\x43\x30\x2e\x37\x30\
\x30\x37\x37\x35\x20\x31\x39\x34\x2e\x31\x31\x33\x20\x34\x35\x2e\
\x36\x31\x38\x39\x20\x31\x34\x37\x2e\x35\x39\x32\x20\x31\x30\x30\
\x2e\x39\x32\x38\x20\x31\x34\x37\x2e\x35\x39\x32\x43\x31\x30\x32\
\x2e\x32\x30\x32\x20\x31\x34\x37\x2e\x35\x39\x32\x20\x31\x30\x33\
\x2e\x34\x37\x31\x20\x31\x34\x37\x2e\x36\x31\x36\x20\x31\x30\x34\
\x2e\x37\x33\x33\x20\x31\x34\x37\x2e\x36\x36\x35\x43\x39\x37\x2e\
\x31\x36\x39\x33\x20\x31\x33\x33\x2e\x37\x32\x33\x20\x39\x32\x2e\
\x38\x39\x32\x36\x20\x31\x31\x37\x2e\x38\x37\x38\x20\x39\x32\x2e\
\x38\x39\x32\x36\x20\x31\x30\x31\x2e\x30\x37\x34\x43\x39\x32\x2e\
\x38\x39\x32\x38\x20\x34\x35\x2e\x36\x31\x32\x33\x20\x31\x33\x39\
\x2e\x34\x36\x39\x20\x30\x2e\x35\x38\x35\x30\x35\x37\x20\x31\x39\
\x37\x2e\x31\x35\x35\x20\x30\x2e\x30\x30\x30\x39\x37\x36\x35\x36\
\x32\x43\x31\x34\x39\x2e\x38\x32\x39\x20\x30\x2e\x35\x39\x39\x35\
\x35\x38\x20\x31\x31\x31\x2e\x36\x35\x31\x20\x33\x38\x2e\x35\x35\
\x37\x20\x31\x31\x31\x2e\x36\x35\x20\x38\x35\x2e\x32\x39\x33\x39\
\x43\x31\x31\x31\x2e\x36\x35\x20\x31\x30\x33\x2e\x39\x35\x33\x20\
\x31\x31\x37\x2e\x37\x33\x36\x20\x31\x32\x31\x2e\x32\x31\x31\x20\
\x31\x32\x38\x2e\x30\x35\x39\x20\x31\x33\x35\x2e\x32\x35\x33\x43\
\x31\x34\x35\x2e\x37\x37\x35\x20\x31\x31\x36\x2e\x39\x34\x36\x20\
\x31\x37\x30\x2e\x36\x39\x32\x20\x31\x30\x35\x2e\x35\x35\x31\x20\
\x31\x39\x38\x2e\x32\x39\x31\x20\x31\x30\x35\x2e\x35\x35\x31\x43\
\x32\x32\x35\x2e\x38\x38\x39\x20\x31\x30\x35\x2e\x35\x35\x31\x20\
\x32\x35\x30\x2e\x38\x30\x35\x20\x31\x31\x36\x2e\x39\x34\x36\x20\
\x32\x36\x38\x2e\x35\x32\x31\x20\x31\x33\x35\x2e\x32\x35\x33\x43\
\x32\x37\x38\x2e\x38\x34\x34\x20\x31\x32\x31\x2e\x32\x31\x31\x20\
\x32\x38\x34\x2e\x39\x33\x31\x20\x31\x30\x33\x2e\x39\x35\x33\x20\
\x32\x38\x34\x2e\x39\x33\x31\x20\x38\x35\x2e\x32\x39\x33\x39\x43\
\x32\x38\x34\x2e\x39\x33\x31\x20\x33\x38\x2e\x35\x35\x31\x39\x20\
\x32\x34\x36\x2e\x37\x34\x34\x20\x30\x2e\x35\x39\x30\x33\x37\x39\
\x20\x31\x39\x39\x2e\x34\x31\x20\x30\x4c\x31\x39\x39\x2e\x36\x35\
\x33\x20\x30\x2e\x30\x30\x31\x39\x35\x33\x31\x32\x5a\x4d\x31\x39\
\x37\x2e\x38\x39\x32\x20\x31\x32\x36\x2e\x38\x33\x37\x43\x31\x37\
\x36\x2e\x32\x32\x37\x20\x31\x32\x36\x2e\x38\x33\x37\x20\x31\x35\
\x36\x2e\x37\x32\x20\x31\x33\x36\x2e\x31\x35\x37\x20\x31\x34\x33\
\x2e\x30\x38\x39\x20\x31\x35\x31\x2e\x30\x34\x32\x43\x31\x35\x33\
\x2e\x37\x34\x39\x20\x31\x35\x39\x2e\x37\x32\x37\x20\x31\x36\x36\
\x2e\x35\x35\x37\x20\x31\x36\x35\x2e\x39\x34\x36\x20\x31\x38\x30\
\x2e\x36\x31\x20\x31\x36\x38\x2e\x38\x31\x35\x56\x31\x38\x33\x2e\
\x39\x35\x35\x43\x31\x37\x34\x2e\x35\x38\x39\x20\x31\x38\x37\x2e\
\x39\x38\x38\x20\x31\x37\x30\x2e\x34\x34\x39\x20\x31\x39\x34\x2e\
\x36\x31\x31\x20\x31\x36\x39\x2e\x37\x38\x35\x20\x32\x30\x32\x2e\
\x32\x33\x4c\x31\x35\x37\x2e\x36\x31\x38\x20\x32\x30\x37\x2e\x34\
\x39\x34\x43\x31\x35\x30\x2e\x31\x32\x20\x31\x39\x35\x2e\x31\x37\
\x33\x20\x31\x33\x39\x2e\x36\x38\x20\x31\x38\x34\x2e\x39\x30\x36\
\x20\x31\x32\x37\x2e\x32\x39\x34\x20\x31\x37\x37\x2e\x37\x31\x33\
\x43\x31\x32\x34\x2e\x36\x39\x20\x31\x38\x35\x2e\x33\x37\x38\x20\
\x31\x32\x33\x2e\x32\x37\x36\x20\x31\x39\x33\x2e\x36\x20\x31\x32\
\x33\x2e\x32\x37\x36\x20\x32\x30\x32\x2e\x31\x35\x36\x43\x31\x32\
\x33\x2e\x32\x37\x36\x20\x32\x33\x33\x2e\x32\x30\x33\x20\x31\x34\
\x31\x2e\x38\x38\x37\x20\x32\x35\x39\x2e\x38\x36\x31\x20\x31\x36\
\x38\x2e\x34\x36\x20\x32\x37\x31\x2e\x33\x38\x38\x43\x31\x36\x39\
\x2e\x36\x39\x36\x20\x32\x36\x35\x2e\x35\x30\x35\x20\x31\x37\x30\
\x2e\x33\x34\x38\x20\x32\x35\x39\x2e\x34\x30\x31\x20\x31\x37\x30\
\x2e\x33\x34\x38\x20\x32\x35\x33\x2e\x31\x34\x33\x43\x31\x37\x30\
\x2e\x33\x34\x38\x20\x32\x34\x37\x2e\x30\x37\x37\x20\x31\x36\x39\
\x2e\x37\x33\x36\x20\x32\x34\x31\x2e\x31\x35\x37\x20\x31\x36\x38\
\x2e\x35\x37\x33\x20\x32\x33\x35\x2e\x34\x34\x32\x4c\x31\x38\x36\
\x2e\x34\x35\x39\x20\x32\x32\x37\x2e\x37\x30\x34\x43\x31\x38\x38\
\x2e\x39\x31\x33\x20\x32\x32\x38\x2e\x35\x32\x36\x20\x31\x39\x31\
\x2e\x35\x34\x20\x32\x32\x38\x2e\x39\x37\x33\x20\x31\x39\x34\x2e\
\x32\x37\x31\x20\x32\x32\x38\x2e\x39\x37\x33\x43\x31\x39\x38\x2e\
\x38\x36\x32\x20\x32\x32\x38\x2e\x39\x37\x33\x20\x32\x30\x33\x2e\
\x31\x35\x37\x20\x32\x32\x37\x2e\x37\x31\x33\x20\x32\x30\x36\x2e\
\x38\x33\x33\x20\x32\x32\x35\x2e\x35\x32\x32\x4c\x32\x32\x32\x2e\
\x31\x34\x37\x20\x32\x33\x32\x2e\x36\x37\x34\x43\x32\x31\x37\x2e\
\x36\x39\x33\x20\x32\x34\x36\x2e\x35\x39\x34\x20\x32\x31\x36\x2e\
\x38\x38\x35\x20\x32\x36\x30\x2e\x38\x35\x35\x20\x32\x31\x39\x2e\
\x32\x32\x32\x20\x32\x37\x34\x2e\x33\x35\x32\x43\x32\x35\x30\x2e\
\x30\x33\x37\x20\x32\x36\x35\x2e\x30\x38\x38\x20\x32\x37\x32\x2e\
\x35\x30\x37\x20\x32\x33\x36\x2e\x32\x37\x32\x20\x32\x37\x32\x2e\
\x35\x30\x37\x20\x32\x30\x32\x2e\x31\x35\x36\x43\x32\x37\x32\x2e\
\x35\x30\x37\x20\x31\x39\x34\x2e\x32\x39\x36\x20\x32\x37\x31\x2e\
\x33\x31\x33\x20\x31\x38\x36\x2e\x37\x31\x36\x20\x32\x36\x39\x2e\
\x31\x20\x31\x37\x39\x2e\x35\x39\x33\x43\x32\x35\x36\x2e\x32\x36\
\x34\x20\x31\x38\x35\x2e\x34\x33\x35\x20\x32\x34\x34\x2e\x38\x31\
\x34\x20\x31\x39\x34\x2e\x34\x34\x35\x20\x32\x33\x35\x2e\x39\x39\
\x31\x20\x32\x30\x36\x2e\x30\x32\x38\x4c\x32\x31\x37\x2e\x38\x39\
\x33\x20\x31\x39\x37\x2e\x35\x37\x37\x43\x32\x31\x36\x2e\x35\x39\
\x31\x20\x31\x39\x33\x2e\x30\x35\x38\x20\x32\x31\x34\x2e\x30\x32\
\x38\x20\x31\x38\x39\x2e\x30\x37\x35\x20\x32\x31\x30\x2e\x36\x31\
\x20\x31\x38\x36\x2e\x30\x33\x56\x31\x36\x39\x2e\x37\x33\x38\x43\
\x32\x32\x36\x2e\x35\x36\x33\x20\x31\x36\x37\x2e\x35\x30\x32\x20\
\x32\x34\x31\x2e\x31\x31\x36\x20\x31\x36\x30\x2e\x39\x38\x38\x20\
\x32\x35\x33\x2e\x30\x33\x32\x20\x31\x35\x31\x2e\x34\x31\x33\x43\
\x32\x33\x39\x2e\x33\x38\x37\x20\x31\x33\x36\x2e\x33\x31\x32\x20\
\x32\x31\x39\x2e\x37\x33\x35\x20\x31\x32\x36\x2e\x38\x33\x37\x20\
\x31\x39\x37\x2e\x38\x39\x32\x20\x31\x32\x36\x2e\x38\x33\x37\x5a\
\x22\x20\x66\x69\x6c\x6c\x3d\x22\x75\x72\x6c\x28\x23\x70\x61\x69\
\x6e\x74\x30\x5f\x6c\x69\x6e\x65\x61\x72\x5f\x31\x35\x5f\x35\x29\
\x22\x2f\x3e\x0d\x0a\x3c\x64\x65\x66\x73\x3e\x0d\x0a\x3c\x6c\x69\
\x6e\x65\x61\x72\x47\x72\x61\x64\x69\x65\x6e\x74\x20\x69\x64\x3d\
\x22\x70\x61\x69\x6e\x74\x30\x5f\x6c\x69\x6e\x65\x61\x72\x5f\x31\
\x35\x5f\x35\x22\x20\x78\x31\x3d\x22\x30\x22\x20\x79\x31\x3d\x22\
\x30\x22\x20\x78\x32\x3d\x22\x33\x39\x30\x22\x20\x79\x32\x3d\x22\
\x33\x35\x38\x2e\x33\x31\x33\x22\x20\x67\x72\x61\x64\x69\x65\x6e\
\x74\x55\x6e\x69\x74\x73\x3d\x22\x75\x73\x65\x72\x53\x70\x61\x63\
\x65\x4f\x6e\x55\x73\x65\x22\x3e\x0d\x0a\x3c\x73\x74\x6f\x70\x20\
\x6f\x66\x66\x73\x65\x74\x3d\x22\x30\x2e\x32\x37\x38\x38\x34\x36\
\x22\x20\x73\x74\x6f\x70\x2d\x63\x6f\x6c\x6f\x72\x3d\x22\x77\x68\
\x69\x74\x65\x22\x20\x73\x74\x6f\x70\x2d\x6f\x70\x61\x63\x69\x74\
\x79\x3d\x22\x30\x2e\x31\x22\x2f\x3e\x0d\x0a\x3c\x73\x74\x6f\x70\
\x20\x6f\x66\x66\x73\x65\x74\x3d\x22\x31\x22\x20\x73\x74\x6f\x70\
\x2d\x63\x6f\x6c\x6f\x72\x3d\x22\x23\x33\x42\x35\x38\x36\x36\x22\
\x20\x73\x74\x6f\x70\x2d\x6f\x70\x61\x63\x69\x74\x79\x3d\x22\x30\
\x2e\x31\x22\x2f\x3e\x0d\x0a\x3c\x2f\x6c\x69\x6e\x65\x61\x72\x47\
\x72\x61\x64\x69\x65\x6e\x74\x3e\x0d\x0a\x3c\x2f\x64\x65\x66\x73\
\x3e\x0d\x0a\x3c\x2f\x73\x76\x67\x3e\x0d\x0a\
\x00\x00\x02\x2d\
\x3c\
\x73\x76\x67\x20\x77\x69\x64\x74\x68\x3d\x22\x38\x35\x22\x20\x68\
\x65\x69\x67\x68\x74\x3d\x22\x38\x35\x22\x20\x76\x69\x65\x77\x42\
\x6f\x78\x3d\x22\x30\x20\x30\x20\x38\x35\x20\x38\x35\x22\x20\x66\
\x69\x6c\x6c\x3d\x22\x6e\x6f\x6e\x65\x22\x20\x78\x6d\x6c\x6e\x73\
\x3d\x22\x68\x74\x74\x70\x3a\x2f\x2f\x77\x77\x77\x2e\x77\x33\x2e\
\x6f\x72\x67\x2f\x32\x30\x30\x30\x2f\x73\x76\x67\x22\x3e\x0a\x3c\
\x72\x65\x63\x74\x20\x77\x69\x64\x74\x68\x3d\x22\x38\x35\x22\x20\
\x68\x65\x69\x67\x68\x74\x3d\x22\x38\x35\x22\x20\x72\x78\x3d\x22\
\x31\x38\x22\x20\x66\x69\x6c\x6c\x3d\x22\x75\x72\x6c\x28\x23\x70\
\x61\x69\x6e\x74\x30\x5f\x6c\x69\x6e\x65\x61\x72\x5f\x31\x30\x5f\
\x39\x29\x22\x2f\x3e\x0a\x3c\x72\x65\x63\x74\x20\x78\x3d\x22\x31\
\x38\x2e\x35\x22\x20\x79\x3d\x22\x31\x33\x22\x20\x77\x69\x64\x74\
\x68\x3d\x22\x31\x36\x22\x20\x68\x65\x69\x67\x68\x74\x3d\x22\x36\
\x31\x22\x20\x66\x69\x6c\x6c\x3d\x22\x23\x31\x30\x32\x38\x33\x34\
\x22\x2f\x3e\x0a\x3c\x72\x65\x63\x74\x20\x78\x3d\x22\x35\x31\x2e\
\x35\x22\x20\x79\x3d\x22\x31\x33\x22\x20\x77\x69\x64\x74\x68\x3d\
\x22\x31\x36\x22\x20\x68\x65\x69\x67\x68\x74\x3d\x22\x36\x31\x22\
\x20\x66\x69\x6c\x6c\x3d\x22\x23\x31\x30\x32\x38\x33\x34\x22\x2f\
\x3e\x0a\x3c\x64\x65\x66\x73\x3e\x0a\x3c\x6c\x69\x6e\x65\x61\x72\
\x47\x72\x61\x64\x69\x65\x6e\x74\x20\x69\x64\x3d\x22\x70\x61\x69\
\x6e\x74\x30\x5f\x6c\x69\x6e\x65\x61\x72\x5f\x31\x30\x5f\x39\x22\
\x20\x78\x31\x3d\x22\x30\x2e\x35\x36\x36\x36\x36\x36\x22\x20\x79\
\x31\x3d\x22\x32\x2e\x31\x37\x36\x39\x37\x65\x2d\x30\x37\x22\x20\
\x78\x32\x3d\x22\x38\x35\x2e\x35\x36\x36\x37\x22\x20\x79\x32\x3d\
\x22\x38\x35\x22\x20\x67\x72\x61\x64\x69\x65\x6e\x74\x55\x6e\x69\
\x74\x73\x3d\x22\x75\x73\x65\x72\x53\x70\x61\x63\x65\x4f\x6e\x55\
\x73\x65\x22\x3e\x0a\x3c\x73\x74\x6f\x70\x20\x6f\x66\x66\x73\x65\
\x74\x3d\x22\x30\x2e\x39\x39\x39\x39\x22\x20\x73\x74\x6f\x70\x2d\
\x63\x6f\x6c\x6f\x72\x3d\x22\x23\x31\x44\x33\x35\x34\x31\x22\x20\
\x73\x74\x6f\x70\x2d\x6f\x70\x61\x63\x69\x74\x79\x3d\x22\x30\x22\
\x2f\x3e\x0a\x3c\x73\x74\x6f\x70\x20\x6f\x66\x66\x73\x65\x74\x3d\
\x22\x31\x22\x20\x73\x74\x6f\x70\x2d\x63\x6f\x6c\x6f\x72\x3d\x22\
\x23\x30\x43\x39\x35\x39\x42\x22\x2f\x3e\x0a\x3c\x2f\x6c\x69\x6e\
\x65\x61\x72\x47\x72\x61\x64\x69\x65\x6e\x74\x3e\x0a\x3c\x2f\x64\
\x65\x66\x73\x3e\x0a\x3c\x2f\x73\x76\x67\x3e\x0a\
\x00\x00\x0c\x7b\
\x3c\
\x73\x76\x67\x20\x77\x69\x64\x74\x68\x3d\x22\x38\x35\x22\x20\x68\
\x65\x69\x67\x68\x74\x3d\x22\x38\x35\x22\x20\x76\x69\x65\x77\x42\
\x6f\x78\x3d\x22\x30\x20\x30\x20\x38\x35\x20\x38\x35\x22\x20\x66\
\x69\x6c\x6c\x3d\x22\x6e\x6f\x6e\x65\x22\x20\x78\x6d\x6c\x6e\x73\
\x3d\x22\x68\x74\x74\x70\x3a\x2f\x2f\x77\x77\x77\x2e\x77\x33\x2e\
\x6f\x72\x67\x2f\x32\x30\x30\x30\x2f\x73\x76\x67\x22\x3e\x0d\x0a\
\x3c\x72\x65\x63\x74\x20\x77\x69\x64\x74\x68\x3d\x22\x38\x35\x22\
\x20\x68\x65\x69\x67\x68\x74\x3d\x22\x38\x35\x22\x20\x72\x78\x3d\
\x22\x31\x36\x22\x20\x66\x69\x6c\x6c\x3d\x22\x75\x72\x6c\x28\x23\
\x70\x61\x69\x6e\x74\x30\x5f\x6c\x69\x6e\x65\x61\x72\x5f\x31\x35\
\x5f\x32\x31\x29\x22\x2f\x3e\x0d\x0a\x3c\x70\x61\x74\x68\x20\x64\
\x3d\x22\x4d\x34\x33\x2e\x32\x37\x35\x32\x20\x31\x32\x2e\x35\x36\
\x34\x37\x43\x35\x32\x2e\x38\x37\x32\x31\x20\x31\x32\x2e\x36\x38\
\x31\x33\x20\x36\x30\x2e\x36\x31\x35\x20\x32\x30\x2e\x31\x37\x38\
\x38\x20\x36\x30\x2e\x36\x31\x35\x31\x20\x32\x39\x2e\x34\x31\x30\
\x34\x43\x36\x30\x2e\x36\x31\x35\x31\x20\x33\x32\x2e\x32\x33\x39\
\x33\x20\x35\x39\x2e\x38\x38\x36\x31\x20\x33\x34\x2e\x39\x30\x34\
\x36\x20\x35\x38\x2e\x36\x30\x31\x34\x20\x33\x37\x2e\x32\x34\x35\
\x34\x43\x36\x30\x2e\x34\x33\x31\x39\x20\x33\x37\x2e\x32\x35\x30\
\x37\x20\x36\x32\x2e\x32\x38\x34\x35\x20\x33\x37\x2e\x35\x36\x35\
\x38\x20\x36\x34\x2e\x30\x39\x32\x36\x20\x33\x38\x2e\x32\x32\x34\
\x38\x43\x37\x32\x2e\x37\x36\x36\x32\x20\x34\x31\x2e\x33\x38\x36\
\x34\x20\x37\x37\x2e\x31\x35\x32\x39\x20\x35\x31\x2e\x32\x35\x38\
\x31\x20\x37\x33\x2e\x39\x35\x35\x39\x20\x36\x30\x2e\x33\x33\x39\
\x31\x43\x37\x36\x2e\x35\x36\x30\x31\x20\x35\x32\x2e\x38\x38\x32\
\x31\x20\x37\x32\x2e\x38\x30\x30\x32\x20\x34\x34\x2e\x37\x32\x39\
\x38\x20\x36\x35\x2e\x34\x39\x31\x20\x34\x32\x2e\x30\x36\x35\x37\
\x43\x36\x33\x2e\x31\x38\x33\x20\x34\x31\x2e\x32\x32\x34\x35\x20\
\x36\x30\x2e\x37\x39\x34\x37\x20\x34\x31\x2e\x30\x33\x30\x32\x20\
\x35\x38\x2e\x35\x31\x39\x34\x20\x34\x31\x2e\x33\x39\x30\x39\x43\
\x35\x39\x2e\x30\x30\x39\x34\x20\x34\x32\x2e\x39\x32\x36\x32\x20\
\x35\x39\x2e\x32\x37\x35\x32\x20\x34\x34\x2e\x35\x36\x30\x38\x20\
\x35\x39\x2e\x32\x37\x35\x32\x20\x34\x36\x2e\x32\x35\x37\x31\x43\
\x35\x39\x2e\x32\x37\x35\x32\x20\x35\x33\x2e\x35\x38\x38\x32\x20\
\x35\x34\x2e\x33\x33\x36\x35\x20\x35\x39\x2e\x37\x37\x33\x36\x20\
\x34\x37\x2e\x35\x38\x30\x39\x20\x36\x31\x2e\x37\x32\x43\x34\x39\
\x2e\x30\x39\x30\x34\x20\x36\x35\x2e\x31\x30\x36\x37\x20\x35\x31\
\x2e\x38\x39\x31\x37\x20\x36\x37\x2e\x38\x38\x37\x36\x20\x35\x35\
\x2e\x36\x31\x34\x31\x20\x36\x39\x2e\x32\x34\x34\x34\x43\x36\x32\
\x2e\x38\x30\x39\x38\x20\x37\x31\x2e\x38\x36\x36\x38\x20\x37\x30\
\x2e\x37\x38\x34\x31\x20\x36\x38\x2e\x32\x30\x30\x38\x20\x37\x33\
\x2e\x36\x39\x33\x32\x20\x36\x31\x2e\x30\x33\x36\x34\x4c\x37\x33\
\x2e\x38\x31\x33\x33\x20\x36\x30\x2e\x37\x33\x30\x37\x43\x37\x30\
\x2e\x34\x32\x31\x35\x20\x36\x39\x2e\x37\x32\x31\x38\x20\x36\x30\
\x2e\x37\x33\x39\x31\x20\x37\x34\x2e\x34\x34\x33\x34\x20\x35\x32\
\x2e\x30\x37\x37\x20\x37\x31\x2e\x32\x38\x36\x34\x43\x34\x37\x2e\
\x37\x30\x35\x34\x20\x36\x39\x2e\x36\x39\x32\x39\x20\x34\x34\x2e\
\x34\x32\x31\x39\x20\x36\x36\x2e\x33\x39\x35\x20\x34\x32\x2e\x36\
\x35\x30\x32\x20\x36\x32\x2e\x33\x35\x32\x38\x43\x34\x32\x2e\x34\
\x33\x35\x39\x20\x36\x32\x2e\x33\x34\x37\x37\x20\x34\x32\x2e\x32\
\x32\x32\x37\x20\x36\x32\x2e\x33\x33\x37\x37\x20\x34\x32\x2e\x30\
\x31\x30\x36\x20\x36\x32\x2e\x33\x32\x34\x35\x43\x33\x39\x2e\x33\
\x30\x34\x37\x20\x36\x38\x2e\x32\x35\x31\x36\x20\x33\x33\x2e\x35\
\x32\x30\x35\x20\x37\x32\x2e\x33\x34\x36\x39\x20\x32\x36\x2e\x38\
\x32\x31\x31\x20\x37\x32\x2e\x33\x34\x36\x39\x43\x31\x37\x2e\x35\
\x39\x30\x38\x20\x37\x32\x2e\x33\x34\x36\x38\x20\x31\x30\x2e\x30\
\x39\x37\x20\x36\x34\x2e\x35\x37\x32\x39\x20\x39\x2e\x39\x39\x39\
\x38\x33\x20\x35\x34\x2e\x39\x34\x34\x36\x43\x31\x30\x2e\x30\x39\
\x39\x34\x20\x36\x32\x2e\x38\x34\x33\x38\x20\x31\x36\x2e\x34\x31\
\x36\x39\x20\x36\x39\x2e\x32\x31\x36\x31\x20\x32\x34\x2e\x31\x39\
\x35\x31\x20\x36\x39\x2e\x32\x31\x36\x31\x43\x32\x39\x2e\x37\x37\
\x33\x38\x20\x36\x39\x2e\x32\x31\x36\x20\x33\x34\x2e\x35\x39\x39\
\x31\x20\x36\x35\x2e\x39\x33\x37\x34\x20\x33\x36\x2e\x39\x31\x39\
\x38\x20\x36\x31\x2e\x31\x36\x39\x32\x43\x33\x30\x2e\x39\x39\x36\
\x35\x20\x35\x38\x2e\x37\x36\x39\x38\x20\x32\x36\x2e\x38\x32\x32\
\x31\x20\x35\x32\x2e\x39\x39\x37\x35\x20\x32\x36\x2e\x38\x32\x32\
\x31\x20\x34\x36\x2e\x32\x35\x37\x31\x43\x32\x36\x2e\x38\x32\x32\
\x31\x20\x34\x34\x2e\x33\x32\x37\x32\x20\x32\x37\x2e\x31\x36\x34\
\x33\x20\x34\x32\x2e\x34\x37\x36\x37\x20\x32\x37\x2e\x37\x39\x31\
\x38\x20\x34\x30\x2e\x37\x36\x32\x43\x32\x36\x2e\x36\x34\x33\x32\
\x20\x34\x30\x2e\x34\x35\x36\x34\x20\x32\x35\x2e\x34\x33\x37\x38\
\x20\x34\x30\x2e\x32\x39\x34\x32\x20\x32\x34\x2e\x31\x39\x35\x31\
\x20\x34\x30\x2e\x32\x39\x34\x32\x43\x31\x36\x2e\x34\x31\x36\x20\
\x34\x30\x2e\x32\x39\x34\x32\x20\x31\x30\x2e\x30\x39\x38\x31\x20\
\x34\x36\x2e\x36\x36\x38\x31\x20\x39\x2e\x39\x39\x39\x38\x33\x20\
\x35\x34\x2e\x35\x36\x38\x36\x56\x35\x34\x2e\x35\x32\x37\x36\x43\
\x31\x30\x2e\x31\x31\x36\x34\x20\x34\x34\x2e\x39\x31\x36\x39\x20\
\x31\x37\x2e\x36\x30\x33\x20\x33\x37\x2e\x31\x36\x33\x34\x20\x32\
\x36\x2e\x38\x32\x31\x31\x20\x33\x37\x2e\x31\x36\x33\x33\x43\x32\
\x37\x2e\x30\x33\x33\x39\x20\x33\x37\x2e\x31\x36\x33\x33\x20\x32\
\x37\x2e\x32\x34\x35\x39\x20\x33\x37\x2e\x31\x36\x38\x38\x20\x32\
\x37\x2e\x34\x35\x36\x39\x20\x33\x37\x2e\x31\x37\x37\x43\x32\x36\
\x2e\x31\x39\x35\x36\x20\x33\x34\x2e\x38\x35\x32\x39\x20\x32\x35\
\x2e\x34\x38\x32\x33\x20\x33\x32\x2e\x32\x31\x31\x36\x20\x32\x35\
\x2e\x34\x38\x32\x33\x20\x32\x39\x2e\x34\x31\x30\x34\x43\x32\x35\
\x2e\x34\x38\x32\x33\x20\x32\x30\x2e\x31\x36\x36\x37\x20\x33\x33\
\x2e\x32\x34\x34\x38\x20\x31\x32\x2e\x36\x36\x32\x20\x34\x32\x2e\
\x38\x35\x39\x32\x20\x31\x32\x2e\x35\x36\x34\x37\x43\x33\x34\x2e\
\x39\x37\x31\x34\x20\x31\x32\x2e\x36\x36\x34\x35\x20\x32\x38\x2e\
\x36\x30\x38\x32\x20\x31\x38\x2e\x39\x39\x31\x20\x32\x38\x2e\x36\
\x30\x38\x32\x20\x32\x36\x2e\x37\x38\x30\x35\x43\x32\x38\x2e\x36\
\x30\x38\x32\x20\x32\x39\x2e\x38\x39\x20\x32\x39\x2e\x36\x32\x33\
\x34\x20\x33\x32\x2e\x37\x36\x35\x35\x20\x33\x31\x2e\x33\x34\x33\
\x36\x20\x33\x35\x2e\x31\x30\x35\x37\x43\x33\x34\x2e\x32\x39\x36\
\x34\x20\x33\x32\x2e\x30\x35\x35\x31\x20\x33\x38\x2e\x34\x34\x39\
\x33\x20\x33\x30\x2e\x31\x35\x36\x35\x20\x34\x33\x2e\x30\x34\x38\
\x37\x20\x33\x30\x2e\x31\x35\x36\x35\x43\x34\x37\x2e\x36\x34\x37\
\x38\x20\x33\x30\x2e\x31\x35\x36\x36\x20\x35\x31\x2e\x38\x30\x30\
\x31\x20\x33\x32\x2e\x30\x35\x35\x32\x20\x35\x34\x2e\x37\x35\x32\
\x38\x20\x33\x35\x2e\x31\x30\x35\x37\x43\x35\x36\x2e\x34\x37\x33\
\x20\x33\x32\x2e\x37\x36\x35\x35\x20\x35\x37\x2e\x34\x38\x38\x31\
\x20\x32\x39\x2e\x38\x39\x30\x31\x20\x35\x37\x2e\x34\x38\x38\x31\
\x20\x32\x36\x2e\x37\x38\x30\x35\x43\x35\x37\x2e\x34\x38\x38\x31\
\x20\x31\x38\x2e\x39\x39\x30\x32\x20\x35\x31\x2e\x31\x32\x34\x32\
\x20\x31\x32\x2e\x36\x36\x33\x31\x20\x34\x33\x2e\x32\x33\x35\x32\
\x20\x31\x32\x2e\x35\x36\x34\x37\x48\x34\x33\x2e\x32\x37\x35\x32\
\x5a\x4d\x34\x32\x2e\x39\x38\x32\x33\x20\x33\x33\x2e\x37\x30\x34\
\x33\x43\x33\x39\x2e\x33\x37\x31\x33\x20\x33\x33\x2e\x37\x30\x34\
\x33\x20\x33\x36\x2e\x31\x32\x30\x34\x20\x33\x35\x2e\x32\x35\x38\
\x35\x20\x33\x33\x2e\x38\x34\x38\x35\x20\x33\x37\x2e\x37\x33\x39\
\x35\x43\x33\x35\x2e\x37\x34\x32\x39\x20\x33\x39\x2e\x32\x38\x32\
\x38\x20\x33\x38\x2e\x30\x34\x34\x38\x20\x34\x30\x2e\x33\x35\x37\
\x34\x20\x34\x30\x2e\x35\x37\x31\x31\x20\x34\x30\x2e\x37\x38\x37\
\x33\x56\x34\x32\x2e\x39\x35\x33\x34\x43\x33\x39\x2e\x32\x31\x35\
\x32\x20\x34\x33\x2e\x36\x32\x31\x32\x20\x33\x38\x2e\x32\x38\x32\
\x31\x20\x34\x35\x2e\x30\x31\x36\x35\x20\x33\x38\x2e\x32\x38\x32\
\x31\x20\x34\x36\x2e\x36\x33\x30\x31\x43\x33\x38\x2e\x32\x38\x32\
\x31\x20\x34\x36\x2e\x36\x38\x32\x31\x20\x33\x38\x2e\x32\x38\x33\
\x31\x20\x34\x36\x2e\x37\x33\x33\x39\x20\x33\x38\x2e\x32\x38\x35\
\x20\x34\x36\x2e\x37\x38\x35\x34\x4c\x33\x36\x2e\x35\x30\x36\x37\
\x20\x34\x37\x2e\x35\x35\x34\x39\x43\x33\x35\x2e\x32\x34\x34\x34\
\x20\x34\x35\x2e\x33\x32\x30\x35\x20\x33\x33\x2e\x34\x31\x34\x37\
\x20\x34\x33\x2e\x34\x36\x30\x39\x20\x33\x31\x2e\x32\x31\x35\x36\
\x20\x34\x32\x2e\x31\x38\x33\x38\x43\x33\x30\x2e\x37\x38\x31\x38\
\x20\x34\x33\x2e\x34\x36\x31\x31\x20\x33\x30\x2e\x35\x34\x35\x38\
\x20\x34\x34\x2e\x38\x33\x31\x33\x20\x33\x30\x2e\x35\x34\x35\x37\
\x20\x34\x36\x2e\x32\x35\x37\x31\x43\x33\x30\x2e\x35\x34\x35\x37\
\x20\x35\x31\x2e\x34\x33\x30\x38\x20\x33\x33\x2e\x36\x34\x37\x32\
\x20\x35\x35\x2e\x38\x37\x32\x36\x20\x33\x38\x2e\x30\x37\x35\x20\
\x35\x37\x2e\x37\x39\x34\x32\x43\x33\x38\x2e\x32\x38\x30\x38\x20\
\x35\x36\x2e\x38\x31\x34\x32\x20\x33\x38\x2e\x33\x39\x31\x34\x20\
\x35\x35\x2e\x37\x39\x37\x37\x20\x33\x38\x2e\x33\x39\x31\x34\x20\
\x35\x34\x2e\x37\x35\x35\x31\x43\x33\x38\x2e\x33\x39\x31\x34\x20\
\x35\x33\x2e\x35\x37\x38\x32\x20\x33\x38\x2e\x32\x35\x32\x35\x20\
\x35\x32\x2e\x34\x33\x34\x34\x20\x33\x37\x2e\x39\x39\x32\x20\x35\
\x31\x2e\x33\x33\x39\x31\x4c\x34\x30\x2e\x34\x38\x32\x33\x20\x35\
\x30\x2e\x32\x36\x31\x43\x34\x31\x2e\x30\x34\x39\x34\x20\x35\x30\
\x2e\x35\x35\x37\x38\x20\x34\x31\x2e\x36\x39\x34\x32\x20\x35\x30\
\x2e\x37\x32\x36\x38\x20\x34\x32\x2e\x33\x37\x38\x37\x20\x35\x30\
\x2e\x37\x32\x36\x38\x43\x34\x33\x2e\x31\x34\x33\x32\x20\x35\x30\
\x2e\x37\x32\x36\x38\x20\x34\x33\x2e\x38\x35\x38\x31\x20\x35\x30\
\x2e\x35\x31\x36\x32\x20\x34\x34\x2e\x34\x37\x30\x35\x20\x35\x30\
\x2e\x31\x35\x31\x36\x4c\x34\x37\x2e\x30\x32\x35\x32\x20\x35\x31\
\x2e\x33\x34\x34\x43\x34\x36\x2e\x32\x38\x33\x31\x20\x35\x33\x2e\
\x36\x36\x33\x34\x20\x34\x36\x2e\x31\x34\x37\x38\x20\x35\x36\x2e\
\x30\x33\x39\x35\x20\x34\x36\x2e\x35\x33\x36\x39\x20\x35\x38\x2e\
\x32\x38\x38\x33\x43\x35\x31\x2e\x36\x37\x32\x36\x20\x35\x36\x2e\
\x37\x34\x34\x33\x20\x35\x35\x2e\x34\x31\x37\x38\x20\x35\x31\x2e\
\x39\x34\x32\x38\x20\x35\x35\x2e\x34\x31\x37\x38\x20\x34\x36\x2e\
\x32\x35\x37\x31\x43\x35\x35\x2e\x34\x31\x37\x38\x20\x34\x34\x2e\
\x39\x34\x37\x32\x20\x35\x35\x2e\x32\x31\x38\x32\x20\x34\x33\x2e\
\x36\x38\x34\x34\x20\x35\x34\x2e\x38\x34\x39\x34\x20\x34\x32\x2e\
\x34\x39\x37\x33\x43\x35\x32\x2e\x34\x33\x31\x35\x20\x34\x33\x2e\
\x35\x39\x38\x31\x20\x35\x30\x2e\x33\x30\x39\x31\x20\x34\x35\x2e\
\x33\x37\x33\x33\x20\x34\x38\x2e\x37\x38\x30\x31\x20\x34\x37\x2e\
\x36\x37\x39\x39\x4c\x34\x36\x2e\x34\x37\x34\x34\x20\x34\x36\x2e\
\x36\x30\x32\x38\x43\x34\x36\x2e\x34\x36\x35\x31\x20\x34\x35\x2e\
\x31\x38\x34\x39\x20\x34\x35\x2e\x37\x33\x35\x36\x20\x34\x33\x2e\
\x39\x33\x38\x35\x20\x34\x34\x2e\x36\x33\x33\x36\x20\x34\x33\x2e\
\x32\x31\x30\x32\x56\x34\x30\x2e\x39\x30\x38\x34\x43\x34\x37\x2e\
\x34\x37\x35\x31\x20\x34\x30\x2e\x36\x30\x32\x36\x20\x35\x30\x2e\
\x30\x36\x38\x39\x20\x33\x39\x2e\x34\x38\x38\x36\x20\x35\x32\x2e\
\x31\x37\x30\x37\x20\x33\x37\x2e\x38\x43\x34\x39\x2e\x38\x39\x36\
\x36\x20\x33\x35\x2e\x32\x38\x33\x38\x20\x34\x36\x2e\x36\x32\x32\
\x34\x20\x33\x33\x2e\x37\x30\x34\x34\x20\x34\x32\x2e\x39\x38\x32\
\x33\x20\x33\x33\x2e\x37\x30\x34\x33\x5a\x22\x20\x66\x69\x6c\x6c\
\x3d\x22\x75\x72\x6c\x28\x23\x70\x61\x69\x6e\x74\x31\x5f\x6c\x69\
\x6e\x65\x61\x72\x5f\x31\x35\x5f\x32\x31\x29\x22\x2f\x3e\x0d\x0a\
\x3c\x64\x65\x66\x73\x3e\x0d\x0a\x3c\x6c\x69\x6e\x65\x61\x72\x47\
\x72\x61\x64\x69\x65\x6e\x74\x20\x69\x64\x3d\x22\x70\x61\x69\x6e\
\x74\x30\x5f\x6c\x69\x6e\x65\x61\x72\x5f\x31\x35\x5f\x32\x31\x22\
\x20\x78\x31\x3d\x22\x30\x2e\x35\x36\x36\x36\x36\x36\x22\x20\x79\
\x31\x3d\x22\x32\x2e\x31\x37\x36\x39\x37\x65\x2d\x30\x37\x22\x20\
\x78\x32\x3d\x22\x38\x35\x2e\x35\x36\x36\x37\x22\x20\x79\x32\x3d\
\x22\x38\x35\x22\x20\x67\x72\x61\x64\x69\x65\x6e\x74\x55\x6e\x69\
\x74\x73\x3d\x22\x75\x73\x65\x72\x53\x70\x61\x63\x65\x4f\x6e\x55\
\x73\x65\x22\x3e\x0d\x0a\x3c\x73\x74\x6f\x70\x20\x73\x74\x6f\x70\
\x2d\x63\x6f\x6c\x6f\x72\x3d\x22\x23\x33\x42\x35\x38\x36\x36\x22\
\x2f\x3e\x0d\x0a\x3c\x73\x74\x6f\x70\x20\x6f\x66\x66\x73\x65\x74\
\x3d\x22\x31\x22\x20\x73\x74\x6f\x70\x2d\x63\x6f\x6c\x6f\x72\x3d\
\x22\x23\x30\x30\x32\x34\x33\x34\x22\x2f\x3e\x0d\x0a\x3c\x2f\x6c\
\x69\x6e\x65\x61\x72\x47\x72\x61\x64\x69\x65\x6e\x74\x3e\x0d\x0a\
\x3c\x6c\x69\x6e\x65\x61\x72\x47\x72\x61\x64\x69\x65\x6e\x74\x20\
\x69\x64\x3d\x22\x70\x61\x69\x6e\x74\x31\x5f\x6c\x69\x6e\x65\x61\
\x72\x5f\x31\x35\x5f\x32\x31\x22\x20\x78\x31\x3d\x22\x39\x2e\x39\
\x39\x39\x38\x33\x22\x20\x79\x31\x3d\x22\x31\x32\x2e\x35\x36\x34\
\x37\x22\x20\x78\x32\x3d\x22\x37\x35\x22\x20\x79\x32\x3d\x22\x37\
\x32\x2e\x32\x38\x33\x35\x22\x20\x67\x72\x61\x64\x69\x65\x6e\x74\
\x55\x6e\x69\x74\x73\x3d\x22\x75\x73\x65\x72\x53\x70\x61\x63\x65\
\x4f\x6e\x55\x73\x65\x22\x3e\x0d\x0a\x3c\x73\x74\x6f\x70\x20\x6f\
\x66\x66\x73\x65\x74\x3d\x22\x30\x2e\x32\x37\x38\x38\x34\x36\x22\
\x20\x73\x74\x6f\x70\x2d\x63\x6f\x6c\x6f\x72\x3d\x22\x77\x68\x69\
\x74\x65\x22\x20\x73\x74\x6f\x70\x2d\x6f\x70\x61\x63\x69\x74\x79\
\x3d\x22\x30\x2e\x35\x22\x2f\x3e\x0d\x0a\x3c\x73\x74\x6f\x70\x20\
\x6f\x66\x66\x73\x65\x74\x3d\x22\x31\x22\x20\x73\x74\x6f\x70\x2d\
\x63\x6f\x6c\x6f\x72\x3d\x22\x23\x33\x42\x35\x38\x36\x36\x22\x20\
\x73\x74\x6f\x70\x2d\x6f\x70\x61\x63\x69\x74\x79\x3d\x22\x30\x2e\
\x35\x22\x2f\x3e\x0d\x0a\x3c\x2f\x6c\x69\x6e\x65\x61\x72\x47\x72\
\x61\x64\x69\x65\x6e\x74\x3e\x0d\x0a\x3c\x2f\x64\x65\x66\x73\x3e\
\x0d\x0a\x3c\x2f\x73\x76\x67\x3e\x0d\x0a\
"

qt_resource_name = b"\
\x00\x03\
\x00\x00\x7a\xc7\
\x00\x73\
\x00\x76\x00\x67\
\x00\x08\
\x00\x38\x55\xa7\
\x00\x74\
\x00\x69\x00\x6d\x00\x65\x00\x2e\x00\x73\x00\x76\x00\x67\
\x00\x0e\
\x00\xf9\x0b\x07\
\x00\x73\
\x00\x69\x00\x6d\x00\x75\x00\x6c\x00\x61\x00\x63\x00\x69\x00\x6f\x00\x6e\x00\x2e\x00\x73\x00\x76\x00\x67\
\x00\x0d\
\x01\x6a\x36\xe7\
\x00\x48\
\x00\x69\x00\x73\x00\x74\x00\x6f\x00\x72\x00\x69\x00\x61\x00\x6c\x00\x2e\x00\x73\x00\x76\x00\x67\
\x00\x08\
\x02\x8c\x54\x27\
\x00\x70\
\x00\x6c\x00\x61\x00\x79\x00\x2e\x00\x73\x00\x76\x00\x67\
\x00\x0d\
\x04\xf4\xb1\x87\
\x00\x42\
\x00\x61\x00\x73\x00\x65\x00\x20\x00\x4c\x00\x6f\x00\x67\x00\x6f\x00\x2e\x00\x73\x00\x76\x00\x67\
\x00\x17\
\x05\x80\x66\x47\
\x00\x42\
\x00\x61\x00\x73\x00\x65\x00\x20\x00\x62\x00\x6f\x00\x74\x00\x6f\x00\x6e\x00\x20\x00\x27\x00\x49\x00\x6e\x00\x69\x00\x63\x00\x69\
\x00\x6f\x00\x27\x00\x2e\x00\x73\x00\x76\x00\x67\
\x00\x0d\
\x05\xdd\x0b\xe7\
\x00\x61\
\x00\x64\x00\x65\x00\x6c\x00\x61\x00\x6e\x00\x74\x00\x61\x00\x72\x00\x2e\x00\x73\x00\x76\x00\x67\
\x00\x1a\
\x06\x79\xa0\x27\
\x00\x42\
\x00\x6f\x00\x74\x00\x6f\x00\x6e\x00\x20\x00\x4e\x00\x75\x00\x65\x00\x76\x00\x61\x00\x20\x00\x53\x00\x69\x00\x6d\x00\x75\x00\x6c\
\x00\x61\x00\x63\x00\x69\x00\x6f\x00\x6e\x00\x2e\x00\x73\x00\x76\x00\x67\
\x00\x0c\
\x06\x9c\x2b\xc7\
\x00\x72\
\x00\x65\x00\x74\x00\x72\x00\x61\x00\x73\x00\x61\x00\x72\x00\x2e\x00\x73\x00\x76\x00\x67\
\x00\x0d\
\x07\x2b\x2e\x47\
\x00\x69\
\x00\x6e\x00\x66\x00\x65\x00\x63\x00\x74\x00\x61\x00\x64\x00\x6f\x00\x2e\x00\x73\x00\x76\x00\x67\
\x00\x0a\
\x08\x5f\xa2\xa7\
\x00\x68\
\x00\x75\x00\x6d\x00\x61\x00\x6e\x00\x6f\x00\x2e\x00\x73\x00\x76\x00\x67\
\x00\x0e\
\x08\xda\xd5\xa7\
\x00\x63\
\x00\x61\x00\x6c\x00\x65\x00\x6e\x00\x64\x00\x61\x00\x72\x00\x69\x00\x6f\x00\x2e\x00\x73\x00\x76\x00\x67\
\x00\x07\
\x09\x02\x5a\x07\
\x00\x62\
\x00\x69\x00\x6f\x00\x2e\x00\x73\x00\x76\x00\x67\
\x00\x1f\
\x09\x1b\x80\x87\
\x00\x42\
\x00\x61\x00\x73\x00\x65\x00\x20\x00\x62\x00\x6f\x00\x74\x00\x6f\x00\x6e\x00\x20\x00\x27\x00\x49\x00\x6e\x00\x69\x00\x63\x00\x69\
\x00\x6f\x00\x27\x00\x20\x00\x61\x00\x70\x00\x61\x00\x67\x00\x61\x00\x64\x00\x6f\x00\x2e\x00\x73\x00\x76\x00\x67\
\x00\x0a\
\x09\xaa\xcd\x47\
\x00\x6d\
\x00\x75\x00\x65\x00\x72\x00\x74\x00\x65\x00\x2e\x00\x73\x00\x76\x00\x67\
\x00\x0d\
\x0a\x8c\x89\x67\
\x00\x62\
\x00\x69\x00\x6f\x00\x68\x00\x61\x00\x7a\x00\x61\x00\x72\x00\x64\x00\x2e\x00\x73\x00\x76\x00\x67\
\x00\x10\
\x0c\x25\xb8\xe7\
\x00\x53\
\x00\x75\x00\x62\x00\x74\x00\x72\x00\x61\x00\x63\x00\x74\x00\x20\x00\x28\x00\x31\x00\x29\x00\x2e\x00\x73\x00\x76\x00\x67\
\x00\x09\
\x0c\x94\xb7\xc7\
\x00\x70\
\x00\x61\x00\x75\x00\x73\x00\x61\x00\x2e\x00\x73\x00\x76\x00\x67\
\x00\x12\
\x0d\xc5\x92\x87\
\x00\x4c\
\x00\x6f\x00\x67\x00\x6f\x00\x20\x00\x53\x00\x69\x00\x6d\x00\x63\x00\x6f\x00\x72\x00\x65\x00\x56\x00\x32\x00\x2e\x00\x73\x00\x76\
\x00\x67\
"

qt_resource_struct_v1 = b"\
\x00\x00\x00\x00\x00\x02\x00\x00\x00\x01\x00\x00\x00\x01\
\x00\x00\x00\x00\x00\x02\x00\x00\x00\x13\x00\x00\x00\x02\
\x00\x00\x00\x0c\x00\x00\x00\x00\x00\x01\x00\x00\x00\x00\
\x00\x00\x00\x22\x00\x01\x00\x00\x00\x01\x00\x00\x09\x9d\
\x00\x00\x00\x44\x00\x00\x00\x00\x00\x01\x00\x00\x0b\x46\
\x00\x00\x00\x64\x00\x00\x00\x00\x00\x01\x00\x00\x0e\x0a\
\x00\x00\x00\x7a\x00\x00\x00\x00\x00\x01\x00\x00\x10\x0c\
\x00\x00\x00\x9a\x00\x00\x00\x00\x00\x01\x00\x00\x1c\x61\
\x00\x00\x00\xce\x00\x00\x00\x00\x00\x01\x00\x00\x1e\x8a\
\x00\x00\x00\xee\x00\x00\x00\x00\x00\x01\x00\x00\x20\xda\
\x00\x00\x01\x28\x00\x00\x00\x00\x00\x01\x00\x01\x43\xa9\
\x00\x00\x01\x46\x00\x01\x00\x00\x00\x01\x00\x01\x46\x1b\
\x00\x00\x01\x66\x00\x00\x00\x00\x00\x01\x00\x01\x4b\x0a\
\x00\x00\x01\x80\x00\x00\x00\x00\x00\x01\x00\x01\x51\xd6\
\x00\x00\x01\xa2\x00\x00\x00\x00\x00\x01\x00\x01\x5b\x4d\
\x00\x00\x01\xb6\x00\x00\x00\x00\x00\x01\x00\x01\x66\x85\
\x00\x00\x01\xfa\x00\x00\x00\x00\x00\x01\x00\x01\x68\xa7\
\x00\x00\x02\x14\x00\x00\x00\x00\x00\x01\x00\x01\x70\x1f\
\x00\x00\x02\x34\x00\x00\x00\x00\x00\x01\x00\x01\x7b\x8a\
\x00\x00\x02\x5a\x00\x00\x00\x00\x00\x01\x00\x01\x86\xca\
\x00\x00\x02\x72\x00\x00\x00\x00\x00\x01\x00\x01\x88\xfb\
"

qt_resource_struct_v2 = b"\
\x00\x00\x00\x00\x00\x02\x00\x00\x00\x01\x00\x00\x00\x01\
\x00\x00\x00\x00\x00\x00\x00\x00\
\x00\x00\x00\x00\x00\x02\x00\x00\x00\x13\x00\x00\x00\x02\
\x00\x00\x00\x00\x00\x00\x00\x00\
\x00\x00\x00\x0c\x00\x00\x00\x00\x00\x01\x00\x00\x00\x00\
\x00\x00\x01\x9e\xf6\x1c\xc1\x14\
\x00\x00\x00\x22\x00\x01\x00\x00\x00\x01\x00\x00\x09\x9d\
\x00\x00\x01\x9e\xce\x75\x00\x89\
\x00\x00\x00\x44\x00\x00\x00\x00\x00\x01\x00\x00\x0b\x46\
\x00\x00\x01\x9e\xcc\xa9\xd6\x07\
\x00\x00\x00\x64\x00\x00\x00\x00\x00\x01\x00\x00\x0e\x0a\
\x00\x00\x01\x9e\xec\xc4\x37\x88\
\x00\x00\x00\x7a\x00\x00\x00\x00\x00\x01\x00\x00\x10\x0c\
\x00\x00\x01\x9e\xcc\x8c\xf3\xa9\
\x00\x00\x00\x9a\x00\x00\x00\x00\x00\x01\x00\x00\x1c\x61\
\x00\x00\x01\x9e\xd2\xa7\xc3\xe2\
\x00\x00\x00\xce\x00\x00\x00\x00\x00\x01\x00\x00\x1e\x8a\
\x00\x00\x01\x9e\xec\xc5\xe8\x93\
\x00\x00\x00\xee\x00\x00\x00\x00\x00\x01\x00\x00\x20\xda\
\x00\x00\x01\x9e\xcc\xae\x40\xab\
\x00\x00\x01\x28\x00\x00\x00\x00\x00\x01\x00\x01\x43\xa9\
\x00\x00\x01\x9e\xec\xc6\x30\x4c\
\x00\x00\x01\x46\x00\x01\x00\x00\x00\x01\x00\x01\x46\x1b\
\x00\x00\x01\x9e\xf4\xb5\x9d\x94\
\x00\x00\x01\x66\x00\x00\x00\x00\x00\x01\x00\x01\x4b\x0a\
\x00\x00\x01\x9e\xce\x69\xd1\x4c\
\x00\x00\x01\x80\x00\x00\x00\x00\x00\x01\x00\x01\x51\xd6\
\x00\x00\x01\x9e\xf6\x13\xc5\xa1\
\x00\x00\x01\xa2\x00\x00\x00\x00\x00\x01\x00\x01\x5b\x4d\
\x00\x00\x01\x9e\xf5\xba\x19\x0b\
\x00\x00\x01\xb6\x00\x00\x00\x00\x00\x01\x00\x01\x66\x85\
\x00\x00\x01\x9e\xcc\x41\xaf\x2e\
\x00\x00\x01\xfa\x00\x00\x00\x00\x00\x01\x00\x01\x68\xa7\
\x00\x00\x01\x9e\xf4\x99\x5a\x8e\
\x00\x00\x02\x14\x00\x00\x00\x00\x00\x01\x00\x01\x70\x1f\
\x00\x00\x01\x9e\xcc\x41\xaf\x6c\
\x00\x00\x02\x34\x00\x00\x00\x00\x00\x01\x00\x01\x7b\x8a\
\x00\x00\x01\x9e\xcc\x41\xaf\x63\
\x00\x00\x02\x5a\x00\x00\x00\x00\x00\x01\x00\x01\x86\xca\
\x00\x00\x01\x9e\xec\xc7\x78\x76\
\x00\x00\x02\x72\x00\x00\x00\x00\x00\x01\x00\x01\x88\xfb\
\x00\x00\x01\x9e\xcc\x41\xaf\x4f\
"

qt_version = [int(v) for v in QtCore.qVersion().split('.')]
if qt_version < [5, 8, 0]:
    rcc_version = 1
    qt_resource_struct = qt_resource_struct_v1
else:
    rcc_version = 2
    qt_resource_struct = qt_resource_struct_v2

def qInitResources():
    QtCore.qRegisterResourceData(rcc_version, qt_resource_struct, qt_resource_name, qt_resource_data)

def qCleanupResources():
    QtCore.qUnregisterResourceData(rcc_version, qt_resource_struct, qt_resource_name, qt_resource_data)

qInitResources()
